ISO-10303-21;
HEADER;
/* Generated by software containing ST-Developer
 * from STEP Tools, Inc. (www.steptools.com) 
 */
/* OPTION: using custom schema-name function */

FILE_DESCRIPTION(
/* description */ (''),
/* implementation_level */ '2;1');

FILE_NAME(
/* name */ 'bottom',
/* time_stamp */ '2026-07-03T17:21:03+03:00',
/* author */ (''),
/* organization */ (''),
/* preprocessor_version */ 'ST-DEVELOPER v16.5',
/* originating_system */ 'Rhino 7.13',
/* authorisation */ '');

FILE_SCHEMA (('CONFIG_CONTROL_DESIGN'));
ENDSEC;

DATA;
#10=SHAPE_REPRESENTATION_RELATIONSHIP('','',#1072,#12);
#11=MANIFOLD_SOLID_BREP('brep_1',#13);
#12=ADVANCED_BREP_SHAPE_REPRESENTATION('brep_rep_0',(#11,#1118),#1071);
#13=CLOSED_SHELL('',(#20,#21,#22,#23,#24,#25,#26,#27,#28,#29,#30,#31,#32,
#33,#34,#35,#36,#37,#38,#39,#40,#41,#42,#43,#44,#45,#46,#47,#48,#49,#50,
#51,#52,#53,#54,#55,#56,#57,#58,#59,#60,#61,#62,#63,#64,#65,#66,#67,#68,
#69,#70,#71,#72,#73));
#14=FACE_BOUND('',#131,.T.);
#15=FACE_BOUND('',#152,.T.);
#16=FACE_BOUND('',#170,.T.);
#17=FACE_BOUND('',#173,.T.);
#18=FACE_BOUND('',#176,.T.);
#19=FACE_BOUND('',#179,.T.);
#20=ADVANCED_FACE('',(#74),#954,.T.);
#21=ADVANCED_FACE('',(#75),#944,.T.);
#22=ADVANCED_FACE('',(#76,#14),#955,.T.);
#23=ADVANCED_FACE('',(#77),#945,.T.);
#24=ADVANCED_FACE('',(#78),#956,.T.);
#25=ADVANCED_FACE('',(#79),#957,.T.);
#26=ADVANCED_FACE('',(#80),#958,.T.);
#27=ADVANCED_FACE('',(#81),#959,.T.);
#28=ADVANCED_FACE('',(#82),#960,.T.);
#29=ADVANCED_FACE('',(#83),#961,.T.);
#30=ADVANCED_FACE('',(#84),#962,.T.);
#31=ADVANCED_FACE('',(#85),#963,.T.);
#32=ADVANCED_FACE('',(#86),#964,.T.);
#33=ADVANCED_FACE('',(#87),#965,.T.);
#34=ADVANCED_FACE('',(#88),#966,.T.);
#35=ADVANCED_FACE('',(#89),#967,.T.);
#36=ADVANCED_FACE('',(#90),#968,.T.);
#37=ADVANCED_FACE('',(#91),#969,.T.);
#38=ADVANCED_FACE('',(#92),#970,.T.);
#39=ADVANCED_FACE('',(#93),#971,.T.);
#40=ADVANCED_FACE('',(#94),#972,.T.);
#41=ADVANCED_FACE('',(#95),#973,.T.);
#42=ADVANCED_FACE('',(#96,#15),#974,.T.);
#43=ADVANCED_FACE('',(#97),#975,.T.);
#44=ADVANCED_FACE('',(#98),#976,.T.);
#45=ADVANCED_FACE('',(#99),#977,.T.);
#46=ADVANCED_FACE('',(#100),#932,.F.);
#47=ADVANCED_FACE('',(#101),#978,.T.);
#48=ADVANCED_FACE('',(#102),#933,.F.);
#49=ADVANCED_FACE('',(#103),#979,.T.);
#50=ADVANCED_FACE('',(#104),#934,.F.);
#51=ADVANCED_FACE('',(#105),#980,.T.);
#52=ADVANCED_FACE('',(#106),#935,.F.);
#53=ADVANCED_FACE('',(#107),#981,.T.);
#54=ADVANCED_FACE('',(#108),#936,.F.);
#55=ADVANCED_FACE('',(#109),#937,.F.);
#56=ADVANCED_FACE('',(#110),#938,.F.);
#57=ADVANCED_FACE('',(#111),#939,.F.);
#58=ADVANCED_FACE('',(#112),#946,.T.);
#59=ADVANCED_FACE('',(#113,#16),#982,.T.);
#60=ADVANCED_FACE('',(#114),#947,.T.);
#61=ADVANCED_FACE('',(#115,#17),#983,.T.);
#62=ADVANCED_FACE('',(#116),#948,.T.);
#63=ADVANCED_FACE('',(#117,#18),#984,.T.);
#64=ADVANCED_FACE('',(#118),#949,.T.);
#65=ADVANCED_FACE('',(#119,#19),#985,.T.);
#66=ADVANCED_FACE('',(#120),#940,.F.);
#67=ADVANCED_FACE('',(#121),#941,.F.);
#68=ADVANCED_FACE('',(#122),#942,.F.);
#69=ADVANCED_FACE('',(#123),#943,.F.);
#70=ADVANCED_FACE('',(#124),#950,.T.);
#71=ADVANCED_FACE('',(#125),#951,.T.);
#72=ADVANCED_FACE('',(#126),#952,.T.);
#73=ADVANCED_FACE('',(#127),#953,.T.);
#74=FACE_OUTER_BOUND('',#128,.T.);
#75=FACE_OUTER_BOUND('',#129,.T.);
#76=FACE_OUTER_BOUND('',#130,.T.);
#77=FACE_OUTER_BOUND('',#132,.T.);
#78=FACE_OUTER_BOUND('',#133,.T.);
#79=FACE_OUTER_BOUND('',#134,.T.);
#80=FACE_OUTER_BOUND('',#135,.T.);
#81=FACE_OUTER_BOUND('',#136,.T.);
#82=FACE_OUTER_BOUND('',#137,.T.);
#83=FACE_OUTER_BOUND('',#138,.T.);
#84=FACE_OUTER_BOUND('',#139,.T.);
#85=FACE_OUTER_BOUND('',#140,.T.);
#86=FACE_OUTER_BOUND('',#141,.T.);
#87=FACE_OUTER_BOUND('',#142,.T.);
#88=FACE_OUTER_BOUND('',#143,.T.);
#89=FACE_OUTER_BOUND('',#144,.T.);
#90=FACE_OUTER_BOUND('',#145,.T.);
#91=FACE_OUTER_BOUND('',#146,.T.);
#92=FACE_OUTER_BOUND('',#147,.T.);
#93=FACE_OUTER_BOUND('',#148,.T.);
#94=FACE_OUTER_BOUND('',#149,.T.);
#95=FACE_OUTER_BOUND('',#150,.T.);
#96=FACE_OUTER_BOUND('',#151,.T.);
#97=FACE_OUTER_BOUND('',#153,.T.);
#98=FACE_OUTER_BOUND('',#154,.T.);
#99=FACE_OUTER_BOUND('',#155,.T.);
#100=FACE_OUTER_BOUND('',#156,.T.);
#101=FACE_OUTER_BOUND('',#157,.T.);
#102=FACE_OUTER_BOUND('',#158,.T.);
#103=FACE_OUTER_BOUND('',#159,.T.);
#104=FACE_OUTER_BOUND('',#160,.T.);
#105=FACE_OUTER_BOUND('',#161,.T.);
#106=FACE_OUTER_BOUND('',#162,.T.);
#107=FACE_OUTER_BOUND('',#163,.T.);
#108=FACE_OUTER_BOUND('',#164,.T.);
#109=FACE_OUTER_BOUND('',#165,.T.);
#110=FACE_OUTER_BOUND('',#166,.T.);
#111=FACE_OUTER_BOUND('',#167,.T.);
#112=FACE_OUTER_BOUND('',#168,.T.);
#113=FACE_OUTER_BOUND('',#169,.T.);
#114=FACE_OUTER_BOUND('',#171,.T.);
#115=FACE_OUTER_BOUND('',#172,.T.);
#116=FACE_OUTER_BOUND('',#174,.T.);
#117=FACE_OUTER_BOUND('',#175,.T.);
#118=FACE_OUTER_BOUND('',#177,.T.);
#119=FACE_OUTER_BOUND('',#178,.T.);
#120=FACE_OUTER_BOUND('',#180,.T.);
#121=FACE_OUTER_BOUND('',#181,.T.);
#122=FACE_OUTER_BOUND('',#182,.T.);
#123=FACE_OUTER_BOUND('',#183,.T.);
#124=FACE_OUTER_BOUND('',#184,.T.);
#125=FACE_OUTER_BOUND('',#185,.T.);
#126=FACE_OUTER_BOUND('',#186,.T.);
#127=FACE_OUTER_BOUND('',#187,.T.);
#128=EDGE_LOOP('',(#188,#189,#190,#191,#192,#193));
#129=EDGE_LOOP('',(#194,#195,#196,#197,#198,#199,#200,#201,#202,#203));
#130=EDGE_LOOP('',(#204,#205,#206,#207,#208,#209,#210,#211,#212,#213,#214,
#215,#216,#217,#218,#219));
#131=EDGE_LOOP('',(#220,#221,#222,#223,#224,#225,#226,#227));
#132=EDGE_LOOP('',(#228,#229,#230,#231,#232,#233,#234,#235,#236,#237));
#133=EDGE_LOOP('',(#238,#239,#240,#241,#242,#243));
#134=EDGE_LOOP('',(#244,#245,#246,#247));
#135=EDGE_LOOP('',(#248,#249,#250,#251,#252,#253,#254));
#136=EDGE_LOOP('',(#255,#256,#257,#258,#259));
#137=EDGE_LOOP('',(#260,#261,#262,#263,#264,#265,#266,#267,#268,#269));
#138=EDGE_LOOP('',(#270,#271,#272,#273,#274,#275,#276));
#139=EDGE_LOOP('',(#277,#278,#279,#280));
#140=EDGE_LOOP('',(#281,#282,#283,#284,#285));
#141=EDGE_LOOP('',(#286,#287,#288,#289));
#142=EDGE_LOOP('',(#290,#291,#292,#293,#294,#295,#296));
#143=EDGE_LOOP('',(#297,#298,#299,#300,#301));
#144=EDGE_LOOP('',(#302,#303,#304,#305));
#145=EDGE_LOOP('',(#306,#307,#308,#309));
#146=EDGE_LOOP('',(#310,#311,#312,#313));
#147=EDGE_LOOP('',(#314,#315,#316,#317,#318,#319,#320,#321,#322,#323));
#148=EDGE_LOOP('',(#324,#325,#326,#327));
#149=EDGE_LOOP('',(#328,#329,#330,#331));
#150=EDGE_LOOP('',(#332,#333,#334,#335));
#151=EDGE_LOOP('',(#336,#337,#338,#339,#340,#341,#342,#343,#344,#345,#346,
#347,#348,#349,#350,#351,#352,#353,#354,#355));
#152=EDGE_LOOP('',(#356,#357,#358,#359,#360,#361,#362,#363));
#153=EDGE_LOOP('',(#364,#365,#366,#367,#368,#369,#370));
#154=EDGE_LOOP('',(#371,#372,#373,#374));
#155=EDGE_LOOP('',(#375,#376,#377,#378,#379));
#156=EDGE_LOOP('',(#380,#381,#382,#383));
#157=EDGE_LOOP('',(#384,#385,#386,#387));
#158=EDGE_LOOP('',(#388,#389,#390,#391));
#159=EDGE_LOOP('',(#392,#393,#394,#395));
#160=EDGE_LOOP('',(#396,#397,#398,#399));
#161=EDGE_LOOP('',(#400,#401,#402,#403));
#162=EDGE_LOOP('',(#404,#405,#406,#407));
#163=EDGE_LOOP('',(#408,#409,#410,#411));
#164=EDGE_LOOP('',(#412,#413,#414,#415,#416));
#165=EDGE_LOOP('',(#417,#418,#419,#420,#421));
#166=EDGE_LOOP('',(#422,#423,#424,#425,#426));
#167=EDGE_LOOP('',(#427,#428,#429,#430,#431));
#168=EDGE_LOOP('',(#432,#433,#434,#435,#436));
#169=EDGE_LOOP('',(#437,#438));
#170=EDGE_LOOP('',(#439,#440));
#171=EDGE_LOOP('',(#441,#442,#443,#444,#445));
#172=EDGE_LOOP('',(#446,#447));
#173=EDGE_LOOP('',(#448,#449));
#174=EDGE_LOOP('',(#450,#451,#452,#453,#454));
#175=EDGE_LOOP('',(#455,#456));
#176=EDGE_LOOP('',(#457,#458));
#177=EDGE_LOOP('',(#459,#460,#461,#462,#463));
#178=EDGE_LOOP('',(#464,#465));
#179=EDGE_LOOP('',(#466,#467));
#180=EDGE_LOOP('',(#468,#469,#470,#471,#472));
#181=EDGE_LOOP('',(#473,#474,#475,#476,#477));
#182=EDGE_LOOP('',(#478,#479,#480,#481,#482));
#183=EDGE_LOOP('',(#483,#484,#485,#486,#487));
#184=EDGE_LOOP('',(#488,#489,#490,#491,#492));
#185=EDGE_LOOP('',(#493,#494,#495,#496,#497));
#186=EDGE_LOOP('',(#498,#499,#500,#501,#502));
#187=EDGE_LOOP('',(#503,#504,#505,#506,#507));
#188=ORIENTED_EDGE('',*,*,#508,.T.);
#189=ORIENTED_EDGE('',*,*,#509,.T.);
#190=ORIENTED_EDGE('',*,*,#510,.T.);
#191=ORIENTED_EDGE('',*,*,#511,.T.);
#192=ORIENTED_EDGE('',*,*,#512,.T.);
#193=ORIENTED_EDGE('',*,*,#513,.T.);
#194=ORIENTED_EDGE('',*,*,#666,.T.);
#195=ORIENTED_EDGE('',*,*,#640,.T.);
#196=ORIENTED_EDGE('',*,*,#514,.T.);
#197=ORIENTED_EDGE('',*,*,#657,.T.);
#198=ORIENTED_EDGE('',*,*,#625,.T.);
#199=ORIENTED_EDGE('',*,*,#515,.T.);
#200=ORIENTED_EDGE('',*,*,#578,.T.);
#201=ORIENTED_EDGE('',*,*,#509,.F.);
#202=ORIENTED_EDGE('',*,*,#550,.T.);
#203=ORIENTED_EDGE('',*,*,#516,.T.);
#204=ORIENTED_EDGE('',*,*,#639,.T.);
#205=ORIENTED_EDGE('',*,*,#667,.T.);
#206=ORIENTED_EDGE('',*,*,#516,.F.);
#207=ORIENTED_EDGE('',*,*,#517,.T.);
#208=ORIENTED_EDGE('',*,*,#518,.T.);
#209=ORIENTED_EDGE('',*,*,#663,.T.);
#210=ORIENTED_EDGE('',*,*,#635,.T.);
#211=ORIENTED_EDGE('',*,*,#519,.T.);
#212=ORIENTED_EDGE('',*,*,#660,.T.);
#213=ORIENTED_EDGE('',*,*,#630,.T.);
#214=ORIENTED_EDGE('',*,*,#520,.T.);
#215=ORIENTED_EDGE('',*,*,#521,.T.);
#216=ORIENTED_EDGE('',*,*,#515,.F.);
#217=ORIENTED_EDGE('',*,*,#624,.T.);
#218=ORIENTED_EDGE('',*,*,#658,.T.);
#219=ORIENTED_EDGE('',*,*,#514,.F.);
#220=ORIENTED_EDGE('',*,*,#529,.T.);
#221=ORIENTED_EDGE('',*,*,#522,.T.);
#222=ORIENTED_EDGE('',*,*,#523,.T.);
#223=ORIENTED_EDGE('',*,*,#524,.T.);
#224=ORIENTED_EDGE('',*,*,#525,.T.);
#225=ORIENTED_EDGE('',*,*,#526,.T.);
#226=ORIENTED_EDGE('',*,*,#527,.T.);
#227=ORIENTED_EDGE('',*,*,#528,.T.);
#228=ORIENTED_EDGE('',*,*,#634,.T.);
#229=ORIENTED_EDGE('',*,*,#664,.T.);
#230=ORIENTED_EDGE('',*,*,#518,.F.);
#231=ORIENTED_EDGE('',*,*,#530,.T.);
#232=ORIENTED_EDGE('',*,*,#531,.T.);
#233=ORIENTED_EDGE('',*,*,#532,.T.);
#234=ORIENTED_EDGE('',*,*,#520,.F.);
#235=ORIENTED_EDGE('',*,*,#629,.T.);
#236=ORIENTED_EDGE('',*,*,#661,.T.);
#237=ORIENTED_EDGE('',*,*,#519,.F.);
#238=ORIENTED_EDGE('',*,*,#533,.T.);
#239=ORIENTED_EDGE('',*,*,#534,.T.);
#240=ORIENTED_EDGE('',*,*,#535,.T.);
#241=ORIENTED_EDGE('',*,*,#536,.T.);
#242=ORIENTED_EDGE('',*,*,#537,.T.);
#243=ORIENTED_EDGE('',*,*,#531,.F.);
#244=ORIENTED_EDGE('',*,*,#549,.T.);
#245=ORIENTED_EDGE('',*,*,#538,.T.);
#246=ORIENTED_EDGE('',*,*,#557,.T.);
#247=ORIENTED_EDGE('',*,*,#534,.F.);
#248=ORIENTED_EDGE('',*,*,#539,.T.);
#249=ORIENTED_EDGE('',*,*,#540,.T.);
#250=ORIENTED_EDGE('',*,*,#541,.T.);
#251=ORIENTED_EDGE('',*,*,#542,.T.);
#252=ORIENTED_EDGE('',*,*,#543,.T.);
#253=ORIENTED_EDGE('',*,*,#650,.T.);
#254=ORIENTED_EDGE('',*,*,#618,.T.);
#255=ORIENTED_EDGE('',*,*,#544,.T.);
#256=ORIENTED_EDGE('',*,*,#542,.F.);
#257=ORIENTED_EDGE('',*,*,#545,.T.);
#258=ORIENTED_EDGE('',*,*,#546,.T.);
#259=ORIENTED_EDGE('',*,*,#547,.T.);
#260=ORIENTED_EDGE('',*,*,#548,.T.);
#261=ORIENTED_EDGE('',*,*,#549,.F.);
#262=ORIENTED_EDGE('',*,*,#533,.F.);
#263=ORIENTED_EDGE('',*,*,#530,.F.);
#264=ORIENTED_EDGE('',*,*,#517,.F.);
#265=ORIENTED_EDGE('',*,*,#550,.F.);
#266=ORIENTED_EDGE('',*,*,#508,.F.);
#267=ORIENTED_EDGE('',*,*,#551,.T.);
#268=ORIENTED_EDGE('',*,*,#540,.F.);
#269=ORIENTED_EDGE('',*,*,#552,.T.);
#270=ORIENTED_EDGE('',*,*,#553,.T.);
#271=ORIENTED_EDGE('',*,*,#554,.T.);
#272=ORIENTED_EDGE('',*,*,#538,.F.);
#273=ORIENTED_EDGE('',*,*,#548,.F.);
#274=ORIENTED_EDGE('',*,*,#555,.T.);
#275=ORIENTED_EDGE('',*,*,#607,.T.);
#276=ORIENTED_EDGE('',*,*,#645,.T.);
#277=ORIENTED_EDGE('',*,*,#513,.F.);
#278=ORIENTED_EDGE('',*,*,#545,.F.);
#279=ORIENTED_EDGE('',*,*,#541,.F.);
#280=ORIENTED_EDGE('',*,*,#551,.F.);
#281=ORIENTED_EDGE('',*,*,#556,.T.);
#282=ORIENTED_EDGE('',*,*,#557,.F.);
#283=ORIENTED_EDGE('',*,*,#554,.F.);
#284=ORIENTED_EDGE('',*,*,#558,.T.);
#285=ORIENTED_EDGE('',*,*,#559,.T.);
#286=ORIENTED_EDGE('',*,*,#569,.T.);
#287=ORIENTED_EDGE('',*,*,#560,.T.);
#288=ORIENTED_EDGE('',*,*,#579,.T.);
#289=ORIENTED_EDGE('',*,*,#536,.F.);
#290=ORIENTED_EDGE('',*,*,#561,.T.);
#291=ORIENTED_EDGE('',*,*,#562,.T.);
#292=ORIENTED_EDGE('',*,*,#563,.T.);
#293=ORIENTED_EDGE('',*,*,#564,.T.);
#294=ORIENTED_EDGE('',*,*,#565,.T.);
#295=ORIENTED_EDGE('',*,*,#653,.T.);
#296=ORIENTED_EDGE('',*,*,#623,.T.);
#297=ORIENTED_EDGE('',*,*,#566,.T.);
#298=ORIENTED_EDGE('',*,*,#567,.T.);
#299=ORIENTED_EDGE('',*,*,#568,.T.);
#300=ORIENTED_EDGE('',*,*,#569,.F.);
#301=ORIENTED_EDGE('',*,*,#570,.T.);
#302=ORIENTED_EDGE('',*,*,#571,.T.);
#303=ORIENTED_EDGE('',*,*,#546,.F.);
#304=ORIENTED_EDGE('',*,*,#512,.F.);
#305=ORIENTED_EDGE('',*,*,#572,.T.);
#306=ORIENTED_EDGE('',*,*,#535,.F.);
#307=ORIENTED_EDGE('',*,*,#556,.F.);
#308=ORIENTED_EDGE('',*,*,#573,.T.);
#309=ORIENTED_EDGE('',*,*,#570,.F.);
#310=ORIENTED_EDGE('',*,*,#574,.T.);
#311=ORIENTED_EDGE('',*,*,#547,.F.);
#312=ORIENTED_EDGE('',*,*,#571,.F.);
#313=ORIENTED_EDGE('',*,*,#575,.T.);
#314=ORIENTED_EDGE('',*,*,#576,.T.);
#315=ORIENTED_EDGE('',*,*,#564,.F.);
#316=ORIENTED_EDGE('',*,*,#577,.T.);
#317=ORIENTED_EDGE('',*,*,#510,.F.);
#318=ORIENTED_EDGE('',*,*,#578,.F.);
#319=ORIENTED_EDGE('',*,*,#521,.F.);
#320=ORIENTED_EDGE('',*,*,#532,.F.);
#321=ORIENTED_EDGE('',*,*,#537,.F.);
#322=ORIENTED_EDGE('',*,*,#579,.F.);
#323=ORIENTED_EDGE('',*,*,#580,.T.);
#324=ORIENTED_EDGE('',*,*,#573,.F.);
#325=ORIENTED_EDGE('',*,*,#559,.F.);
#326=ORIENTED_EDGE('',*,*,#581,.T.);
#327=ORIENTED_EDGE('',*,*,#566,.F.);
#328=ORIENTED_EDGE('',*,*,#567,.F.);
#329=ORIENTED_EDGE('',*,*,#581,.F.);
#330=ORIENTED_EDGE('',*,*,#558,.F.);
#331=ORIENTED_EDGE('',*,*,#582,.T.);
#332=ORIENTED_EDGE('',*,*,#583,.T.);
#333=ORIENTED_EDGE('',*,*,#584,.T.);
#334=ORIENTED_EDGE('',*,*,#544,.F.);
#335=ORIENTED_EDGE('',*,*,#574,.F.);
#336=ORIENTED_EDGE('',*,*,#565,.F.);
#337=ORIENTED_EDGE('',*,*,#576,.F.);
#338=ORIENTED_EDGE('',*,*,#585,.T.);
#339=ORIENTED_EDGE('',*,*,#647,.T.);
#340=ORIENTED_EDGE('',*,*,#613,.T.);
#341=ORIENTED_EDGE('',*,*,#586,.T.);
#342=ORIENTED_EDGE('',*,*,#582,.F.);
#343=ORIENTED_EDGE('',*,*,#553,.F.);
#344=ORIENTED_EDGE('',*,*,#644,.T.);
#345=ORIENTED_EDGE('',*,*,#608,.T.);
#346=ORIENTED_EDGE('',*,*,#555,.F.);
#347=ORIENTED_EDGE('',*,*,#552,.F.);
#348=ORIENTED_EDGE('',*,*,#539,.F.);
#349=ORIENTED_EDGE('',*,*,#617,.T.);
#350=ORIENTED_EDGE('',*,*,#651,.T.);
#351=ORIENTED_EDGE('',*,*,#543,.F.);
#352=ORIENTED_EDGE('',*,*,#584,.F.);
#353=ORIENTED_EDGE('',*,*,#561,.F.);
#354=ORIENTED_EDGE('',*,*,#622,.T.);
#355=ORIENTED_EDGE('',*,*,#654,.T.);
#356=ORIENTED_EDGE('',*,*,#590,.T.);
#357=ORIENTED_EDGE('',*,*,#603,.T.);
#358=ORIENTED_EDGE('',*,*,#587,.T.);
#359=ORIENTED_EDGE('',*,*,#594,.T.);
#360=ORIENTED_EDGE('',*,*,#588,.T.);
#361=ORIENTED_EDGE('',*,*,#597,.T.);
#362=ORIENTED_EDGE('',*,*,#589,.T.);
#363=ORIENTED_EDGE('',*,*,#600,.T.);
#364=ORIENTED_EDGE('',*,*,#585,.F.);
#365=ORIENTED_EDGE('',*,*,#580,.F.);
#366=ORIENTED_EDGE('',*,*,#560,.F.);
#367=ORIENTED_EDGE('',*,*,#568,.F.);
#368=ORIENTED_EDGE('',*,*,#586,.F.);
#369=ORIENTED_EDGE('',*,*,#612,.T.);
#370=ORIENTED_EDGE('',*,*,#648,.T.);
#371=ORIENTED_EDGE('',*,*,#511,.F.);
#372=ORIENTED_EDGE('',*,*,#577,.F.);
#373=ORIENTED_EDGE('',*,*,#563,.F.);
#374=ORIENTED_EDGE('',*,*,#591,.T.);
#375=ORIENTED_EDGE('',*,*,#575,.F.);
#376=ORIENTED_EDGE('',*,*,#572,.F.);
#377=ORIENTED_EDGE('',*,*,#591,.F.);
#378=ORIENTED_EDGE('',*,*,#562,.F.);
#379=ORIENTED_EDGE('',*,*,#583,.F.);
#380=ORIENTED_EDGE('',*,*,#525,.F.);
#381=ORIENTED_EDGE('',*,*,#593,.F.);
#382=ORIENTED_EDGE('',*,*,#594,.F.);
#383=ORIENTED_EDGE('',*,*,#592,.F.);
#384=ORIENTED_EDGE('',*,*,#595,.T.);
#385=ORIENTED_EDGE('',*,*,#588,.F.);
#386=ORIENTED_EDGE('',*,*,#593,.T.);
#387=ORIENTED_EDGE('',*,*,#524,.F.);
#388=ORIENTED_EDGE('',*,*,#596,.F.);
#389=ORIENTED_EDGE('',*,*,#597,.F.);
#390=ORIENTED_EDGE('',*,*,#595,.F.);
#391=ORIENTED_EDGE('',*,*,#523,.F.);
#392=ORIENTED_EDGE('',*,*,#598,.T.);
#393=ORIENTED_EDGE('',*,*,#589,.F.);
#394=ORIENTED_EDGE('',*,*,#596,.T.);
#395=ORIENTED_EDGE('',*,*,#522,.F.);
#396=ORIENTED_EDGE('',*,*,#529,.F.);
#397=ORIENTED_EDGE('',*,*,#599,.F.);
#398=ORIENTED_EDGE('',*,*,#600,.F.);
#399=ORIENTED_EDGE('',*,*,#598,.F.);
#400=ORIENTED_EDGE('',*,*,#601,.T.);
#401=ORIENTED_EDGE('',*,*,#590,.F.);
#402=ORIENTED_EDGE('',*,*,#599,.T.);
#403=ORIENTED_EDGE('',*,*,#528,.F.);
#404=ORIENTED_EDGE('',*,*,#527,.F.);
#405=ORIENTED_EDGE('',*,*,#602,.F.);
#406=ORIENTED_EDGE('',*,*,#603,.F.);
#407=ORIENTED_EDGE('',*,*,#601,.F.);
#408=ORIENTED_EDGE('',*,*,#592,.T.);
#409=ORIENTED_EDGE('',*,*,#587,.F.);
#410=ORIENTED_EDGE('',*,*,#602,.T.);
#411=ORIENTED_EDGE('',*,*,#526,.F.);
#412=ORIENTED_EDGE('',*,*,#605,.F.);
#413=ORIENTED_EDGE('',*,*,#606,.F.);
#414=ORIENTED_EDGE('',*,*,#607,.F.);
#415=ORIENTED_EDGE('',*,*,#608,.F.);
#416=ORIENTED_EDGE('',*,*,#604,.F.);
#417=ORIENTED_EDGE('',*,*,#610,.F.);
#418=ORIENTED_EDGE('',*,*,#611,.F.);
#419=ORIENTED_EDGE('',*,*,#612,.F.);
#420=ORIENTED_EDGE('',*,*,#613,.F.);
#421=ORIENTED_EDGE('',*,*,#609,.F.);
#422=ORIENTED_EDGE('',*,*,#615,.F.);
#423=ORIENTED_EDGE('',*,*,#616,.F.);
#424=ORIENTED_EDGE('',*,*,#617,.F.);
#425=ORIENTED_EDGE('',*,*,#618,.F.);
#426=ORIENTED_EDGE('',*,*,#614,.F.);
#427=ORIENTED_EDGE('',*,*,#620,.F.);
#428=ORIENTED_EDGE('',*,*,#621,.F.);
#429=ORIENTED_EDGE('',*,*,#622,.F.);
#430=ORIENTED_EDGE('',*,*,#623,.F.);
#431=ORIENTED_EDGE('',*,*,#619,.F.);
#432=ORIENTED_EDGE('',*,*,#624,.F.);
#433=ORIENTED_EDGE('',*,*,#625,.F.);
#434=ORIENTED_EDGE('',*,*,#626,.T.);
#435=ORIENTED_EDGE('',*,*,#627,.T.);
#436=ORIENTED_EDGE('',*,*,#628,.T.);
#437=ORIENTED_EDGE('',*,*,#656,.T.);
#438=ORIENTED_EDGE('',*,*,#627,.F.);
#439=ORIENTED_EDGE('',*,*,#620,.T.);
#440=ORIENTED_EDGE('',*,*,#655,.T.);
#441=ORIENTED_EDGE('',*,*,#629,.F.);
#442=ORIENTED_EDGE('',*,*,#630,.F.);
#443=ORIENTED_EDGE('',*,*,#631,.T.);
#444=ORIENTED_EDGE('',*,*,#632,.T.);
#445=ORIENTED_EDGE('',*,*,#633,.T.);
#446=ORIENTED_EDGE('',*,*,#659,.T.);
#447=ORIENTED_EDGE('',*,*,#632,.F.);
#448=ORIENTED_EDGE('',*,*,#610,.T.);
#449=ORIENTED_EDGE('',*,*,#649,.T.);
#450=ORIENTED_EDGE('',*,*,#634,.F.);
#451=ORIENTED_EDGE('',*,*,#635,.F.);
#452=ORIENTED_EDGE('',*,*,#636,.T.);
#453=ORIENTED_EDGE('',*,*,#637,.T.);
#454=ORIENTED_EDGE('',*,*,#638,.T.);
#455=ORIENTED_EDGE('',*,*,#662,.T.);
#456=ORIENTED_EDGE('',*,*,#637,.F.);
#457=ORIENTED_EDGE('',*,*,#605,.T.);
#458=ORIENTED_EDGE('',*,*,#646,.T.);
#459=ORIENTED_EDGE('',*,*,#639,.F.);
#460=ORIENTED_EDGE('',*,*,#640,.F.);
#461=ORIENTED_EDGE('',*,*,#641,.T.);
#462=ORIENTED_EDGE('',*,*,#642,.T.);
#463=ORIENTED_EDGE('',*,*,#643,.T.);
#464=ORIENTED_EDGE('',*,*,#665,.T.);
#465=ORIENTED_EDGE('',*,*,#642,.F.);
#466=ORIENTED_EDGE('',*,*,#615,.T.);
#467=ORIENTED_EDGE('',*,*,#652,.T.);
#468=ORIENTED_EDGE('',*,*,#644,.F.);
#469=ORIENTED_EDGE('',*,*,#645,.F.);
#470=ORIENTED_EDGE('',*,*,#606,.T.);
#471=ORIENTED_EDGE('',*,*,#646,.F.);
#472=ORIENTED_EDGE('',*,*,#604,.T.);
#473=ORIENTED_EDGE('',*,*,#647,.F.);
#474=ORIENTED_EDGE('',*,*,#648,.F.);
#475=ORIENTED_EDGE('',*,*,#611,.T.);
#476=ORIENTED_EDGE('',*,*,#649,.F.);
#477=ORIENTED_EDGE('',*,*,#609,.T.);
#478=ORIENTED_EDGE('',*,*,#650,.F.);
#479=ORIENTED_EDGE('',*,*,#651,.F.);
#480=ORIENTED_EDGE('',*,*,#616,.T.);
#481=ORIENTED_EDGE('',*,*,#652,.F.);
#482=ORIENTED_EDGE('',*,*,#614,.T.);
#483=ORIENTED_EDGE('',*,*,#653,.F.);
#484=ORIENTED_EDGE('',*,*,#654,.F.);
#485=ORIENTED_EDGE('',*,*,#621,.T.);
#486=ORIENTED_EDGE('',*,*,#655,.F.);
#487=ORIENTED_EDGE('',*,*,#619,.T.);
#488=ORIENTED_EDGE('',*,*,#628,.F.);
#489=ORIENTED_EDGE('',*,*,#656,.F.);
#490=ORIENTED_EDGE('',*,*,#626,.F.);
#491=ORIENTED_EDGE('',*,*,#657,.F.);
#492=ORIENTED_EDGE('',*,*,#658,.F.);
#493=ORIENTED_EDGE('',*,*,#633,.F.);
#494=ORIENTED_EDGE('',*,*,#659,.F.);
#495=ORIENTED_EDGE('',*,*,#631,.F.);
#496=ORIENTED_EDGE('',*,*,#660,.F.);
#497=ORIENTED_EDGE('',*,*,#661,.F.);
#498=ORIENTED_EDGE('',*,*,#638,.F.);
#499=ORIENTED_EDGE('',*,*,#662,.F.);
#500=ORIENTED_EDGE('',*,*,#636,.F.);
#501=ORIENTED_EDGE('',*,*,#663,.F.);
#502=ORIENTED_EDGE('',*,*,#664,.F.);
#503=ORIENTED_EDGE('',*,*,#643,.F.);
#504=ORIENTED_EDGE('',*,*,#665,.F.);
#505=ORIENTED_EDGE('',*,*,#641,.F.);
#506=ORIENTED_EDGE('',*,*,#666,.F.);
#507=ORIENTED_EDGE('',*,*,#667,.F.);
#508=EDGE_CURVE('',#828,#829,#709,.T.);
#509=EDGE_CURVE('',#829,#830,#710,.T.);
#510=EDGE_CURVE('',#830,#831,#711,.T.);
#511=EDGE_CURVE('',#831,#832,#712,.T.);
#512=EDGE_CURVE('',#832,#833,#713,.T.);
#513=EDGE_CURVE('',#833,#828,#714,.T.);
#514=EDGE_CURVE('',#836,#837,#715,.T.);
#515=EDGE_CURVE('',#839,#840,#716,.T.);
#516=EDGE_CURVE('',#841,#834,#717,.T.);
#517=EDGE_CURVE('',#841,#843,#718,.T.);
#518=EDGE_CURVE('',#843,#844,#719,.T.);
#519=EDGE_CURVE('',#846,#847,#720,.T.);
#520=EDGE_CURVE('',#849,#850,#721,.T.);
#521=EDGE_CURVE('',#850,#840,#722,.T.);
#522=EDGE_CURVE('',#852,#853,#723,.T.);
#523=EDGE_CURVE('',#853,#854,#724,.T.);
#524=EDGE_CURVE('',#854,#855,#668,.T.);
#525=EDGE_CURVE('',#855,#856,#725,.T.);
#526=EDGE_CURVE('',#856,#857,#726,.T.);
#527=EDGE_CURVE('',#857,#858,#727,.T.);
#528=EDGE_CURVE('',#858,#859,#669,.T.);
#529=EDGE_CURVE('',#859,#852,#728,.T.);
#530=EDGE_CURVE('',#843,#861,#729,.T.);
#531=EDGE_CURVE('',#861,#862,#730,.T.);
#532=EDGE_CURVE('',#862,#850,#731,.T.);
#533=EDGE_CURVE('',#861,#864,#732,.T.);
#534=EDGE_CURVE('',#864,#865,#733,.T.);
#535=EDGE_CURVE('',#865,#866,#734,.T.);
#536=EDGE_CURVE('',#866,#867,#735,.T.);
#537=EDGE_CURVE('',#867,#862,#736,.T.);
#538=EDGE_CURVE('',#868,#869,#737,.T.);
#539=EDGE_CURVE('',#870,#871,#738,.T.);
#540=EDGE_CURVE('',#871,#872,#739,.T.);
#541=EDGE_CURVE('',#872,#873,#740,.T.);
#542=EDGE_CURVE('',#873,#874,#741,.T.);
#543=EDGE_CURVE('',#874,#875,#742,.T.);
#544=EDGE_CURVE('',#877,#874,#743,.T.);
#545=EDGE_CURVE('',#873,#833,#744,.T.);
#546=EDGE_CURVE('',#833,#878,#745,.T.);
#547=EDGE_CURVE('',#878,#877,#746,.T.);
#548=EDGE_CURVE('',#879,#868,#747,.T.);
#549=EDGE_CURVE('',#864,#868,#748,.T.);
#550=EDGE_CURVE('',#829,#841,#749,.T.);
#551=EDGE_CURVE('',#828,#872,#750,.T.);
#552=EDGE_CURVE('',#871,#879,#751,.T.);
#553=EDGE_CURVE('',#880,#881,#752,.T.);
#554=EDGE_CURVE('',#881,#869,#753,.T.);
#555=EDGE_CURVE('',#879,#882,#754,.T.);
#556=EDGE_CURVE('',#884,#865,#755,.T.);
#557=EDGE_CURVE('',#869,#865,#756,.T.);
#558=EDGE_CURVE('',#881,#885,#757,.T.);
#559=EDGE_CURVE('',#885,#884,#758,.T.);
#560=EDGE_CURVE('',#886,#887,#759,.T.);
#561=EDGE_CURVE('',#888,#889,#760,.T.);
#562=EDGE_CURVE('',#889,#890,#761,.T.);
#563=EDGE_CURVE('',#890,#891,#762,.T.);
#564=EDGE_CURVE('',#891,#892,#763,.T.);
#565=EDGE_CURVE('',#892,#893,#764,.T.);
#566=EDGE_CURVE('',#895,#896,#765,.T.);
#567=EDGE_CURVE('',#896,#897,#766,.T.);
#568=EDGE_CURVE('',#897,#886,#767,.T.);
#569=EDGE_CURVE('',#866,#886,#768,.T.);
#570=EDGE_CURVE('',#866,#895,#769,.T.);
#571=EDGE_CURVE('',#898,#878,#770,.T.);
#572=EDGE_CURVE('',#832,#898,#771,.T.);
#573=EDGE_CURVE('',#884,#895,#772,.T.);
#574=EDGE_CURVE('',#899,#877,#773,.T.);
#575=EDGE_CURVE('',#898,#899,#774,.T.);
#576=EDGE_CURVE('',#900,#892,#775,.T.);
#577=EDGE_CURVE('',#891,#831,#776,.T.);
#578=EDGE_CURVE('',#840,#830,#777,.T.);
#579=EDGE_CURVE('',#887,#867,#778,.T.);
#580=EDGE_CURVE('',#887,#900,#779,.T.);
#581=EDGE_CURVE('',#885,#896,#780,.T.);
#582=EDGE_CURVE('',#881,#897,#781,.T.);
#583=EDGE_CURVE('',#899,#889,#782,.T.);
#584=EDGE_CURVE('',#889,#874,#783,.T.);
#585=EDGE_CURVE('',#900,#901,#784,.T.);
#586=EDGE_CURVE('',#903,#897,#785,.T.);
#587=EDGE_CURVE('',#908,#909,#670,.T.);
#588=EDGE_CURVE('',#910,#911,#786,.T.);
#589=EDGE_CURVE('',#912,#913,#671,.T.);
#590=EDGE_CURVE('',#914,#907,#672,.T.);
#591=EDGE_CURVE('',#890,#832,#787,.T.);
#592=EDGE_CURVE('',#856,#909,#673,.T.);
#593=EDGE_CURVE('',#910,#855,#674,.T.);
#594=EDGE_CURVE('',#909,#910,#675,.T.);
#595=EDGE_CURVE('',#854,#911,#676,.T.);
#596=EDGE_CURVE('',#912,#853,#677,.T.);
#597=EDGE_CURVE('',#911,#912,#678,.T.);
#598=EDGE_CURVE('',#852,#913,#679,.T.);
#599=EDGE_CURVE('',#914,#859,#680,.T.);
#600=EDGE_CURVE('',#913,#914,#681,.T.);
#601=EDGE_CURVE('',#858,#907,#682,.T.);
#602=EDGE_CURVE('',#908,#857,#683,.T.);
#603=EDGE_CURVE('',#907,#908,#684,.T.);
#604=EDGE_CURVE('',#916,#904,#788,.T.);
#605=EDGE_CURVE('',#917,#916,#685,.T.);
#606=EDGE_CURVE('',#883,#917,#789,.T.);
#607=EDGE_CURVE('',#882,#883,#686,.T.);
#608=EDGE_CURVE('',#904,#882,#687,.T.);
#609=EDGE_CURVE('',#918,#902,#790,.T.);
#610=EDGE_CURVE('',#919,#918,#688,.T.);
#611=EDGE_CURVE('',#915,#919,#791,.T.);
#612=EDGE_CURVE('',#903,#915,#689,.T.);
#613=EDGE_CURVE('',#902,#903,#690,.T.);
#614=EDGE_CURVE('',#920,#876,#792,.T.);
#615=EDGE_CURVE('',#921,#920,#691,.T.);
#616=EDGE_CURVE('',#905,#921,#793,.T.);
#617=EDGE_CURVE('',#870,#905,#692,.T.);
#618=EDGE_CURVE('',#876,#870,#693,.T.);
#619=EDGE_CURVE('',#922,#894,#794,.T.);
#620=EDGE_CURVE('',#923,#922,#694,.T.);
#621=EDGE_CURVE('',#906,#923,#795,.T.);
#622=EDGE_CURVE('',#888,#906,#695,.T.);
#623=EDGE_CURVE('',#894,#888,#696,.T.);
#624=EDGE_CURVE('',#839,#851,#796,.T.);
#625=EDGE_CURVE('',#838,#839,#797,.T.);
#626=EDGE_CURVE('',#838,#924,#798,.T.);
#627=EDGE_CURVE('',#924,#925,#799,.T.);
#628=EDGE_CURVE('',#925,#851,#800,.T.);
#629=EDGE_CURVE('',#849,#863,#801,.T.);
#630=EDGE_CURVE('',#848,#849,#802,.T.);
#631=EDGE_CURVE('',#848,#926,#803,.T.);
#632=EDGE_CURVE('',#926,#927,#804,.T.);
#633=EDGE_CURVE('',#927,#863,#805,.T.);
#634=EDGE_CURVE('',#846,#860,#806,.T.);
#635=EDGE_CURVE('',#845,#846,#807,.T.);
#636=EDGE_CURVE('',#845,#928,#808,.T.);
#637=EDGE_CURVE('',#928,#929,#809,.T.);
#638=EDGE_CURVE('',#929,#860,#810,.T.);
#639=EDGE_CURVE('',#836,#842,#811,.T.);
#640=EDGE_CURVE('',#835,#836,#812,.T.);
#641=EDGE_CURVE('',#835,#930,#813,.T.);
#642=EDGE_CURVE('',#930,#931,#814,.T.);
#643=EDGE_CURVE('',#931,#842,#815,.T.);
#644=EDGE_CURVE('',#880,#904,#697,.T.);
#645=EDGE_CURVE('',#883,#880,#698,.T.);
#646=EDGE_CURVE('',#916,#917,#699,.T.);
#647=EDGE_CURVE('',#901,#902,#700,.T.);
#648=EDGE_CURVE('',#915,#901,#701,.T.);
#649=EDGE_CURVE('',#918,#919,#702,.T.);
#650=EDGE_CURVE('',#875,#876,#703,.T.);
#651=EDGE_CURVE('',#905,#875,#704,.T.);
#652=EDGE_CURVE('',#920,#921,#705,.T.);
#653=EDGE_CURVE('',#893,#894,#706,.T.);
#654=EDGE_CURVE('',#906,#893,#707,.T.);
#655=EDGE_CURVE('',#922,#923,#708,.T.);
#656=EDGE_CURVE('',#924,#925,#816,.T.);
#657=EDGE_CURVE('',#837,#838,#817,.T.);
#658=EDGE_CURVE('',#851,#837,#818,.T.);
#659=EDGE_CURVE('',#926,#927,#819,.T.);
#660=EDGE_CURVE('',#847,#848,#820,.T.);
#661=EDGE_CURVE('',#863,#847,#821,.T.);
#662=EDGE_CURVE('',#928,#929,#822,.T.);
#663=EDGE_CURVE('',#844,#845,#823,.T.);
#664=EDGE_CURVE('',#860,#844,#824,.T.);
#665=EDGE_CURVE('',#930,#931,#825,.T.);
#666=EDGE_CURVE('',#834,#835,#826,.T.);
#667=EDGE_CURVE('',#842,#834,#827,.T.);
#668=(
BOUNDED_CURVE()
B_SPLINE_CURVE(2,(#4870,#4871,#4872),.UNSPECIFIED.,.F.,.F.)
B_SPLINE_CURVE_WITH_KNOTS((3,3),(0.,26.9581790840932),.UNSPECIFIED.)
CURVE()
GEOMETRIC_REPRESENTATION_ITEM()
RATIONAL_B_SPLINE_CURVE((1.,1.,1.))
REPRESENTATION_ITEM('')
);
#669=(
BOUNDED_CURVE()
B_SPLINE_CURVE(2,(#4897,#4898,#4899),.UNSPECIFIED.,.F.,.F.)
B_SPLINE_CURVE_WITH_KNOTS((3,3),(0.,26.9581790840932),.UNSPECIFIED.)
CURVE()
GEOMETRIC_REPRESENTATION_ITEM()
RATIONAL_B_SPLINE_CURVE((1.,1.,1.))
REPRESENTATION_ITEM('')
);
#670=(
BOUNDED_CURVE()
B_SPLINE_CURVE(2,(#5029,#5030,#5031),.UNSPECIFIED.,.F.,.F.)
B_SPLINE_CURVE_WITH_KNOTS((3,3),(0.,21.28030021231),.UNSPECIFIED.)
CURVE()
GEOMETRIC_REPRESENTATION_ITEM()
RATIONAL_B_SPLINE_CURVE((1.,1.,1.))
REPRESENTATION_ITEM('')
);
#671=(
BOUNDED_CURVE()
B_SPLINE_CURVE(2,(#5034,#5035,#5036),.UNSPECIFIED.,.F.,.F.)
B_SPLINE_CURVE_WITH_KNOTS((3,3),(0.,21.28030021231),.UNSPECIFIED.)
CURVE()
GEOMETRIC_REPRESENTATION_ITEM()
RATIONAL_B_SPLINE_CURVE((1.,1.,1.))
REPRESENTATION_ITEM('')
);
#672=(
BOUNDED_CURVE()
B_SPLINE_CURVE(2,(#5037,#5038,#5039),.UNSPECIFIED.,.F.,.F.)
B_SPLINE_CURVE_WITH_KNOTS((3,3),(0.,26.9581790840932),.UNSPECIFIED.)
CURVE()
GEOMETRIC_REPRESENTATION_ITEM()
RATIONAL_B_SPLINE_CURVE((1.,1.,1.))
REPRESENTATION_ITEM('')
);
#673=(
BOUNDED_CURVE()
B_SPLINE_CURVE(1,(#5042,#5043),.UNSPECIFIED.,.F.,.F.)
B_SPLINE_CURVE_WITH_KNOTS((2,2),(-2.50000199075201,0.),.UNSPECIFIED.)
CURVE()
GEOMETRIC_REPRESENTATION_ITEM()
RATIONAL_B_SPLINE_CURVE((1.,1.))
REPRESENTATION_ITEM('')
);
#674=(
BOUNDED_CURVE()
B_SPLINE_CURVE(1,(#5044,#5045),.UNSPECIFIED.,.F.,.F.)
B_SPLINE_CURVE_WITH_KNOTS((2,2),(-2.50000240197831,0.),.UNSPECIFIED.)
CURVE()
GEOMETRIC_REPRESENTATION_ITEM()
RATIONAL_B_SPLINE_CURVE((1.,1.))
REPRESENTATION_ITEM('')
);
#675=(
BOUNDED_CURVE()
B_SPLINE_CURVE(2,(#5046,#5047,#5048),.UNSPECIFIED.,.F.,.F.)
B_SPLINE_CURVE_WITH_KNOTS((3,3),(-16.5603581127058,0.),.UNSPECIFIED.)
CURVE()
GEOMETRIC_REPRESENTATION_ITEM()
RATIONAL_B_SPLINE_CURVE((1.,0.707106781186552,1.))
REPRESENTATION_ITEM('')
);
#676=(
BOUNDED_CURVE()
B_SPLINE_CURVE(1,(#5049,#5050),.UNSPECIFIED.,.F.,.F.)
B_SPLINE_CURVE_WITH_KNOTS((2,2),(0.,2.50000240197791),.UNSPECIFIED.)
CURVE()
GEOMETRIC_REPRESENTATION_ITEM()
RATIONAL_B_SPLINE_CURVE((1.,1.))
REPRESENTATION_ITEM('')
);
#677=(
BOUNDED_CURVE()
B_SPLINE_CURVE(1,(#5051,#5052),.UNSPECIFIED.,.F.,.F.)
B_SPLINE_CURVE_WITH_KNOTS((2,2),(-2.5000019907515,0.),.UNSPECIFIED.)
CURVE()
GEOMETRIC_REPRESENTATION_ITEM()
RATIONAL_B_SPLINE_CURVE((1.,1.))
REPRESENTATION_ITEM('')
);
#678=(
BOUNDED_CURVE()
B_SPLINE_CURVE(2,(#5053,#5054,#5055),.UNSPECIFIED.,.F.,.F.)
B_SPLINE_CURVE_WITH_KNOTS((3,3),(-16.5603581127058,0.),.UNSPECIFIED.)
CURVE()
GEOMETRIC_REPRESENTATION_ITEM()
RATIONAL_B_SPLINE_CURVE((1.,0.70710678118655,1.))
REPRESENTATION_ITEM('')
);
#679=(
BOUNDED_CURVE()
B_SPLINE_CURVE(1,(#5056,#5057),.UNSPECIFIED.,.F.,.F.)
B_SPLINE_CURVE_WITH_KNOTS((2,2),(0.,2.50000093388781),.UNSPECIFIED.)
CURVE()
GEOMETRIC_REPRESENTATION_ITEM()
RATIONAL_B_SPLINE_CURVE((1.,1.))
REPRESENTATION_ITEM('')
);
#680=(
BOUNDED_CURVE()
B_SPLINE_CURVE(1,(#5058,#5059),.UNSPECIFIED.,.F.,.F.)
B_SPLINE_CURVE_WITH_KNOTS((2,2),(-2.50000052266161,0.),.UNSPECIFIED.)
CURVE()
GEOMETRIC_REPRESENTATION_ITEM()
RATIONAL_B_SPLINE_CURVE((1.,1.))
REPRESENTATION_ITEM('')
);
#681=(
BOUNDED_CURVE()
B_SPLINE_CURVE(2,(#5060,#5061,#5062),.UNSPECIFIED.,.F.,.F.)
B_SPLINE_CURVE_WITH_KNOTS((3,3),(-16.5603581127058,0.),.UNSPECIFIED.)
CURVE()
GEOMETRIC_REPRESENTATION_ITEM()
RATIONAL_B_SPLINE_CURVE((1.,0.707106781186552,1.))
REPRESENTATION_ITEM('')
);
#682=(
BOUNDED_CURVE()
B_SPLINE_CURVE(1,(#5063,#5064),.UNSPECIFIED.,.F.,.F.)
B_SPLINE_CURVE_WITH_KNOTS((2,2),(0.,2.50000052266201),.UNSPECIFIED.)
CURVE()
GEOMETRIC_REPRESENTATION_ITEM()
RATIONAL_B_SPLINE_CURVE((1.,1.))
REPRESENTATION_ITEM('')
);
#683=(
BOUNDED_CURVE()
B_SPLINE_CURVE(1,(#5065,#5066),.UNSPECIFIED.,.F.,.F.)
B_SPLINE_CURVE_WITH_KNOTS((2,2),(-2.50000093388841,0.),.UNSPECIFIED.)
CURVE()
GEOMETRIC_REPRESENTATION_ITEM()
RATIONAL_B_SPLINE_CURVE((1.,1.))
REPRESENTATION_ITEM('')
);
#684=(
BOUNDED_CURVE()
B_SPLINE_CURVE(2,(#5067,#5068,#5069),.UNSPECIFIED.,.F.,.F.)
B_SPLINE_CURVE_WITH_KNOTS((3,3),(-16.560358112706,0.),.UNSPECIFIED.)
CURVE()
GEOMETRIC_REPRESENTATION_ITEM()
RATIONAL_B_SPLINE_CURVE((1.,0.707106781186543,1.))
REPRESENTATION_ITEM('')
);
#685=(
BOUNDED_CURVE()
B_SPLINE_CURVE(2,(#5072,#5073,#5074,#5075,#5076),.UNSPECIFIED.,.F.,.F.)
B_SPLINE_CURVE_WITH_KNOTS((3,2,3),(-6.00000000000003,-3.00000000000003,
0.),.UNSPECIFIED.)
CURVE()
GEOMETRIC_REPRESENTATION_ITEM()
RATIONAL_B_SPLINE_CURVE((1.,0.707106781186546,1.,0.707106781186546,1.))
REPRESENTATION_ITEM('')
);
#686=(
BOUNDED_CURVE()
B_SPLINE_CURVE(2,(#5079,#5080,#5081),.UNSPECIFIED.,.F.,.F.)
B_SPLINE_CURVE_WITH_KNOTS((3,3),(-2.50710697693582,0.),.UNSPECIFIED.)
CURVE()
GEOMETRIC_REPRESENTATION_ITEM()
RATIONAL_B_SPLINE_CURVE((1.,0.767326535129,1.))
REPRESENTATION_ITEM('')
);
#687=(
BOUNDED_CURVE()
B_SPLINE_CURVE(2,(#5082,#5083,#5084,#5085,#5086),.UNSPECIFIED.,.F.,.F.)
B_SPLINE_CURVE_WITH_KNOTS((3,2,3),(-2.80514289789066,-1.40257144894534,
0.),.UNSPECIFIED.)
CURVE()
GEOMETRIC_REPRESENTATION_ITEM()
RATIONAL_B_SPLINE_CURVE((1.,0.90588535972733,1.,0.90588535972733,1.))
REPRESENTATION_ITEM('')
);
#688=(
BOUNDED_CURVE()
B_SPLINE_CURVE(2,(#5089,#5090,#5091,#5092,#5093),.UNSPECIFIED.,.F.,.F.)
B_SPLINE_CURVE_WITH_KNOTS((3,2,3),(-6.,-2.99999999999999,0.),
 .UNSPECIFIED.)
CURVE()
GEOMETRIC_REPRESENTATION_ITEM()
RATIONAL_B_SPLINE_CURVE((1.,0.707106781186548,1.,0.707106781186548,1.))
REPRESENTATION_ITEM('')
);
#689=(
BOUNDED_CURVE()
B_SPLINE_CURVE(2,(#5096,#5097,#5098),.UNSPECIFIED.,.F.,.F.)
B_SPLINE_CURVE_WITH_KNOTS((3,3),(-2.50710697693576,0.),.UNSPECIFIED.)
CURVE()
GEOMETRIC_REPRESENTATION_ITEM()
RATIONAL_B_SPLINE_CURVE((1.,0.767326535129025,1.))
REPRESENTATION_ITEM('')
);
#690=(
BOUNDED_CURVE()
B_SPLINE_CURVE(2,(#5099,#5100,#5101,#5102,#5103),.UNSPECIFIED.,.F.,.F.)
B_SPLINE_CURVE_WITH_KNOTS((3,2,3),(-2.80514289789063,-1.40257144894531,
0.),.UNSPECIFIED.)
CURVE()
GEOMETRIC_REPRESENTATION_ITEM()
RATIONAL_B_SPLINE_CURVE((1.,0.90588535972732,1.,0.90588535972732,1.))
REPRESENTATION_ITEM('')
);
#691=(
BOUNDED_CURVE()
B_SPLINE_CURVE(2,(#5106,#5107,#5108,#5109,#5110),.UNSPECIFIED.,.F.,.F.)
B_SPLINE_CURVE_WITH_KNOTS((3,2,3),(-5.99999999999994,-2.99999999999998,
0.),.UNSPECIFIED.)
CURVE()
GEOMETRIC_REPRESENTATION_ITEM()
RATIONAL_B_SPLINE_CURVE((1.,0.707106781186551,1.,0.707106781186551,1.))
REPRESENTATION_ITEM('')
);
#692=(
BOUNDED_CURVE()
B_SPLINE_CURVE(2,(#5113,#5114,#5115,#5116,#5117),.UNSPECIFIED.,.F.,.F.)
B_SPLINE_CURVE_WITH_KNOTS((3,2,3),(-2.72834112715054,-1.36417056357527,
0.),.UNSPECIFIED.)
CURVE()
GEOMETRIC_REPRESENTATION_ITEM()
RATIONAL_B_SPLINE_CURVE((1.,0.910305404354268,1.,0.910305404354268,1.))
REPRESENTATION_ITEM('')
);
#693=(
BOUNDED_CURVE()
B_SPLINE_CURVE(2,(#5118,#5119,#5120),.UNSPECIFIED.,.F.,.F.)
B_SPLINE_CURVE_WITH_KNOTS((3,3),(-2.61662246059762,0.),.UNSPECIFIED.)
CURVE()
GEOMETRIC_REPRESENTATION_ITEM()
RATIONAL_B_SPLINE_CURVE((1.,0.75361868396141,1.))
REPRESENTATION_ITEM('')
);
#694=(
BOUNDED_CURVE()
B_SPLINE_CURVE(2,(#5123,#5124,#5125,#5126,#5127),.UNSPECIFIED.,.F.,.F.)
B_SPLINE_CURVE_WITH_KNOTS((3,2,3),(-6.00000000000006,-3.00000000000003,
0.),.UNSPECIFIED.)
CURVE()
GEOMETRIC_REPRESENTATION_ITEM()
RATIONAL_B_SPLINE_CURVE((1.,0.707106781186544,1.,0.707106781186544,1.))
REPRESENTATION_ITEM('')
);
#695=(
BOUNDED_CURVE()
B_SPLINE_CURVE(2,(#5130,#5131,#5132,#5133,#5134),.UNSPECIFIED.,.F.,.F.)
B_SPLINE_CURVE_WITH_KNOTS((3,2,3),(-2.72689204075947,-1.36344602037973,
0.),.UNSPECIFIED.)
CURVE()
GEOMETRIC_REPRESENTATION_ITEM()
RATIONAL_B_SPLINE_CURVE((1.,0.910388235894353,1.,0.910388235894353,1.))
REPRESENTATION_ITEM('')
);
#696=(
BOUNDED_CURVE()
B_SPLINE_CURVE(2,(#5135,#5136,#5137),.UNSPECIFIED.,.F.,.F.)
B_SPLINE_CURVE_WITH_KNOTS((3,3),(-2.61873768479699,0.),.UNSPECIFIED.)
CURVE()
GEOMETRIC_REPRESENTATION_ITEM()
RATIONAL_B_SPLINE_CURVE((1.,0.753355500927781,1.))
REPRESENTATION_ITEM('')
);
#697=(
BOUNDED_CURVE()
B_SPLINE_CURVE(2,(#5570,#5571,#5572,#5573,#5574),.UNSPECIFIED.,.F.,.F.)
B_SPLINE_CURVE_WITH_KNOTS((3,2,3),(-2.80514289789065,-1.40257144894531,
0.),.UNSPECIFIED.)
CURVE()
GEOMETRIC_REPRESENTATION_ITEM()
RATIONAL_B_SPLINE_CURVE((1.,0.90588535972733,1.,0.90588535972733,1.))
REPRESENTATION_ITEM('')
);
#698=(
BOUNDED_CURVE()
B_SPLINE_CURVE(2,(#5575,#5576,#5577),.UNSPECIFIED.,.F.,.F.)
B_SPLINE_CURVE_WITH_KNOTS((3,3),(-2.5071069769358,0.),.UNSPECIFIED.)
CURVE()
GEOMETRIC_REPRESENTATION_ITEM()
RATIONAL_B_SPLINE_CURVE((1.,0.767326535129005,1.))
REPRESENTATION_ITEM('')
);
#699=(
BOUNDED_CURVE()
B_SPLINE_CURVE(2,(#5578,#5579,#5580,#5581,#5582),.UNSPECIFIED.,.F.,.F.)
B_SPLINE_CURVE_WITH_KNOTS((3,2,3),(-5.99999999999995,-2.99999999999998,
0.),.UNSPECIFIED.)
CURVE()
GEOMETRIC_REPRESENTATION_ITEM()
RATIONAL_B_SPLINE_CURVE((1.,0.707106781186551,1.,0.707106781186551,1.))
REPRESENTATION_ITEM('')
);
#700=(
BOUNDED_CURVE()
B_SPLINE_CURVE(2,(#5583,#5584,#5585,#5586,#5587),.UNSPECIFIED.,.F.,.F.)
B_SPLINE_CURVE_WITH_KNOTS((3,2,3),(-2.80514289789072,-1.40257144894536,
0.),.UNSPECIFIED.)
CURVE()
GEOMETRIC_REPRESENTATION_ITEM()
RATIONAL_B_SPLINE_CURVE((1.,0.905885359727322,1.,0.905885359727322,1.))
REPRESENTATION_ITEM('')
);
#701=(
BOUNDED_CURVE()
B_SPLINE_CURVE(2,(#5588,#5589,#5590),.UNSPECIFIED.,.F.,.F.)
B_SPLINE_CURVE_WITH_KNOTS((3,3),(-2.50710697693583,0.),.UNSPECIFIED.)
CURVE()
GEOMETRIC_REPRESENTATION_ITEM()
RATIONAL_B_SPLINE_CURVE((1.,0.767326535128973,1.))
REPRESENTATION_ITEM('')
);
#702=(
BOUNDED_CURVE()
B_SPLINE_CURVE(2,(#5591,#5592,#5593,#5594,#5595),.UNSPECIFIED.,.F.,.F.)
B_SPLINE_CURVE_WITH_KNOTS((3,2,3),(-5.99999999999999,-3.,0.),
 .UNSPECIFIED.)
CURVE()
GEOMETRIC_REPRESENTATION_ITEM()
RATIONAL_B_SPLINE_CURVE((1.,0.707106781186548,1.,0.707106781186548,1.))
REPRESENTATION_ITEM('')
);
#703=(
BOUNDED_CURVE()
B_SPLINE_CURVE(2,(#5596,#5597,#5598),.UNSPECIFIED.,.F.,.F.)
B_SPLINE_CURVE_WITH_KNOTS((3,3),(-2.61662246059752,0.),.UNSPECIFIED.)
CURVE()
GEOMETRIC_REPRESENTATION_ITEM()
RATIONAL_B_SPLINE_CURVE((1.,0.753618683961435,1.))
REPRESENTATION_ITEM('')
);
#704=(
BOUNDED_CURVE()
B_SPLINE_CURVE(2,(#5599,#5600,#5601,#5602,#5603),.UNSPECIFIED.,.F.,.F.)
B_SPLINE_CURVE_WITH_KNOTS((3,2,3),(-2.72834112715059,-1.36417056357529,
0.),.UNSPECIFIED.)
CURVE()
GEOMETRIC_REPRESENTATION_ITEM()
RATIONAL_B_SPLINE_CURVE((1.,0.910305404354265,1.,0.910305404354265,1.))
REPRESENTATION_ITEM('')
);
#705=(
BOUNDED_CURVE()
B_SPLINE_CURVE(2,(#5604,#5605,#5606,#5607,#5608),.UNSPECIFIED.,.F.,.F.)
B_SPLINE_CURVE_WITH_KNOTS((3,2,3),(-6.00000000000006,-3.00000000000002,
0.),.UNSPECIFIED.)
CURVE()
GEOMETRIC_REPRESENTATION_ITEM()
RATIONAL_B_SPLINE_CURVE((1.,0.707106781186544,1.,0.707106781186544,1.))
REPRESENTATION_ITEM('')
);
#706=(
BOUNDED_CURVE()
B_SPLINE_CURVE(2,(#5609,#5610,#5611),.UNSPECIFIED.,.F.,.F.)
B_SPLINE_CURVE_WITH_KNOTS((3,3),(-2.61873768479718,0.),.UNSPECIFIED.)
CURVE()
GEOMETRIC_REPRESENTATION_ITEM()
RATIONAL_B_SPLINE_CURVE((1.,0.753355500927777,1.))
REPRESENTATION_ITEM('')
);
#707=(
BOUNDED_CURVE()
B_SPLINE_CURVE(2,(#5612,#5613,#5614,#5615,#5616),.UNSPECIFIED.,.F.,.F.)
B_SPLINE_CURVE_WITH_KNOTS((3,2,3),(-2.72689204075959,-1.3634460203798,0.),
 .UNSPECIFIED.)
CURVE()
GEOMETRIC_REPRESENTATION_ITEM()
RATIONAL_B_SPLINE_CURVE((1.,0.910388235894332,1.,0.910388235894332,1.))
REPRESENTATION_ITEM('')
);
#708=(
BOUNDED_CURVE()
B_SPLINE_CURVE(2,(#5617,#5618,#5619,#5620,#5621),.UNSPECIFIED.,.F.,.F.)
B_SPLINE_CURVE_WITH_KNOTS((3,2,3),(-6.,-3.,0.),.UNSPECIFIED.)
CURVE()
GEOMETRIC_REPRESENTATION_ITEM()
RATIONAL_B_SPLINE_CURVE((1.,0.707106781186548,1.,0.707106781186548,1.))
REPRESENTATION_ITEM('')
);
#709=B_SPLINE_CURVE_WITH_KNOTS('',1,(#4829,#4830),.UNSPECIFIED.,.F.,.F.,
(2,2),(0.,6.20869785230933),.UNSPECIFIED.);
#710=B_SPLINE_CURVE_WITH_KNOTS('',1,(#4831,#4832),.UNSPECIFIED.,.F.,.F.,
(2,2),(0.,79.9999999999993),.UNSPECIFIED.);
#711=B_SPLINE_CURVE_WITH_KNOTS('',1,(#4833,#4834),.UNSPECIFIED.,.F.,.F.,
(2,2),(0.,6.20869785230933),.UNSPECIFIED.);
#712=B_SPLINE_CURVE_WITH_KNOTS('',1,(#4835,#4836),.UNSPECIFIED.,.F.,.F.,
(2,2),(0.,11.9999999999999),.UNSPECIFIED.);
#713=B_SPLINE_CURVE_WITH_KNOTS('',1,(#4837,#4838),.UNSPECIFIED.,.F.,.F.,
(2,2),(0.,55.9999999999993),.UNSPECIFIED.);
#714=B_SPLINE_CURVE_WITH_KNOTS('',1,(#4839,#4840),.UNSPECIFIED.,.F.,.F.,
(2,2),(0.,12.0000000000001),.UNSPECIFIED.);
#715=B_SPLINE_CURVE_WITH_KNOTS('',1,(#4841,#4842),.UNSPECIFIED.,.F.,.F.,
(2,2),(0.,66.0417403919228),.UNSPECIFIED.);
#716=B_SPLINE_CURVE_WITH_KNOTS('',1,(#4843,#4844),.UNSPECIFIED.,.F.,.F.,
(2,2),(0.,5.0214545330032),.UNSPECIFIED.);
#717=B_SPLINE_CURVE_WITH_KNOTS('',1,(#4845,#4846),.UNSPECIFIED.,.F.,.F.,
(2,2),(0.,5.0233631653668),.UNSPECIFIED.);
#718=B_SPLINE_CURVE_WITH_KNOTS('',1,(#4847,#4848),.UNSPECIFIED.,.F.,.F.,
(2,2),(0.,58.8008370267162),.UNSPECIFIED.);
#719=B_SPLINE_CURVE_WITH_KNOTS('',1,(#4849,#4850),.UNSPECIFIED.,.F.,.F.,
(2,2),(0.,5.18821183011799),.UNSPECIFIED.);
#720=B_SPLINE_CURVE_WITH_KNOTS('',1,(#4851,#4852),.UNSPECIFIED.,.F.,.F.,
(2,2),(0.,66.3748842060063),.UNSPECIFIED.);
#721=B_SPLINE_CURVE_WITH_KNOTS('',1,(#4853,#4854),.UNSPECIFIED.,.F.,.F.,
(2,2),(0.,5.18974967930358),.UNSPECIFIED.);
#722=B_SPLINE_CURVE_WITH_KNOTS('',1,(#4855,#4856),.UNSPECIFIED.,.F.,.F.,
(2,2),(0.,58.8008370267163),.UNSPECIFIED.);
#723=B_SPLINE_CURVE_WITH_KNOTS('',1,(#4857,#4858),.UNSPECIFIED.,.F.,.F.,
(2,2),(0.,21.28030021231),.UNSPECIFIED.);
#724=B_SPLINE_CURVE_WITH_KNOTS('',3,(#4859,#4860,#4861,#4862,#4863,#4864,
#4865,#4866,#4867,#4868,#4869),.UNSPECIFIED.,.F.,.F.,(4,2,3,2,4),(0.,3.27255256267681,
6.54510512535381,9.81765768803078,13.0902102507075),.UNSPECIFIED.);
#725=B_SPLINE_CURVE_WITH_KNOTS('',3,(#4873,#4874,#4875,#4876,#4877,#4878,
#4879,#4880,#4881,#4882,#4883),.UNSPECIFIED.,.F.,.F.,(4,2,3,2,4),(0.,3.27255256267674,
6.54510512535369,9.81765768803059,13.0902102507075),.UNSPECIFIED.);
#726=B_SPLINE_CURVE_WITH_KNOTS('',1,(#4884,#4885),.UNSPECIFIED.,.F.,.F.,
(2,2),(0.,21.28030021231),.UNSPECIFIED.);
#727=B_SPLINE_CURVE_WITH_KNOTS('',3,(#4886,#4887,#4888,#4889,#4890,#4891,
#4892,#4893,#4894,#4895,#4896),.UNSPECIFIED.,.F.,.F.,(4,2,3,2,4),(0.,3.27255256267694,
6.54510512535374,9.81765768803061,13.0902102507075),.UNSPECIFIED.);
#728=B_SPLINE_CURVE_WITH_KNOTS('',3,(#4900,#4901,#4902,#4903,#4904,#4905,
#4906,#4907,#4908,#4909,#4910),.UNSPECIFIED.,.F.,.F.,(4,2,3,2,4),(0.,3.2725525626768,
6.54510512535376,9.8176576880306,13.0902102507075),.UNSPECIFIED.);
#729=B_SPLINE_CURVE_WITH_KNOTS('',1,(#4911,#4912),.UNSPECIFIED.,.F.,.F.,
(2,2),(0.,5.90567008619278),.UNSPECIFIED.);
#730=B_SPLINE_CURVE_WITH_KNOTS('',1,(#4913,#4914),.UNSPECIFIED.,.F.,.F.,
(2,2),(0.,79.9999999999993),.UNSPECIFIED.);
#731=B_SPLINE_CURVE_WITH_KNOTS('',1,(#4915,#4916),.UNSPECIFIED.,.F.,.F.,
(2,2),(0.,5.90567008619278),.UNSPECIFIED.);
#732=B_SPLINE_CURVE_WITH_KNOTS('',1,(#4917,#4918),.UNSPECIFIED.,.F.,.F.,
(2,2),(0.,6.20869791294166),.UNSPECIFIED.);
#733=B_SPLINE_CURVE_WITH_KNOTS('',1,(#4919,#4920),.UNSPECIFIED.,.F.,.F.,
(2,2),(0.,12.0000000000001),.UNSPECIFIED.);
#734=B_SPLINE_CURVE_WITH_KNOTS('',1,(#4921,#4922),.UNSPECIFIED.,.F.,.F.,
(2,2),(0.,55.9999999999993),.UNSPECIFIED.);
#735=B_SPLINE_CURVE_WITH_KNOTS('',1,(#4923,#4924),.UNSPECIFIED.,.F.,.F.,
(2,2),(0.,11.9999999999999),.UNSPECIFIED.);
#736=B_SPLINE_CURVE_WITH_KNOTS('',1,(#4925,#4926),.UNSPECIFIED.,.F.,.F.,
(2,2),(0.,6.2086979129416),.UNSPECIFIED.);
#737=B_SPLINE_CURVE_WITH_KNOTS('',1,(#4927,#4928),.UNSPECIFIED.,.F.,.F.,
(2,2),(0.,12.),.UNSPECIFIED.);
#738=B_SPLINE_CURVE_WITH_KNOTS('',1,(#4929,#4930),.UNSPECIFIED.,.F.,.F.,
(2,2),(0.,4.5139125069766),.UNSPECIFIED.);
#739=B_SPLINE_CURVE_WITH_KNOTS('',1,(#4931,#4932),.UNSPECIFIED.,.F.,.F.,
(2,2),(0.,2.5110213437211),.UNSPECIFIED.);
#740=B_SPLINE_CURVE_WITH_KNOTS('',1,(#4933,#4934),.UNSPECIFIED.,.F.,.F.,
(2,2),(0.,12.),.UNSPECIFIED.);
#741=B_SPLINE_CURVE_WITH_KNOTS('',1,(#4935,#4936),.UNSPECIFIED.,.F.,.F.,
(2,2),(0.,2.5110213437211),.UNSPECIFIED.);
#742=B_SPLINE_CURVE_WITH_KNOTS('',1,(#4937,#4938),.UNSPECIFIED.,.F.,.F.,
(2,2),(0.,4.5139125069766),.UNSPECIFIED.);
#743=B_SPLINE_CURVE_WITH_KNOTS('',1,(#4939,#4940),.UNSPECIFIED.,.F.,.F.,
(2,2),(0.,6.2871373757798),.UNSPECIFIED.);
#744=B_SPLINE_CURVE_WITH_KNOTS('',1,(#4941,#4942),.UNSPECIFIED.,.F.,.F.,
(2,2),(0.,4.51806579958299),.UNSPECIFIED.);
#745=B_SPLINE_CURVE_WITH_KNOTS('',1,(#4943,#4944),.UNSPECIFIED.,.F.,.F.,
(2,2),(0.,1.7690717031298),.UNSPECIFIED.);
#746=B_SPLINE_CURVE_WITH_KNOTS('',1,(#4945,#4946),.UNSPECIFIED.,.F.,.F.,
(2,2),(0.,2.5110213437211),.UNSPECIFIED.);
#747=B_SPLINE_CURVE_WITH_KNOTS('',1,(#4947,#4948),.UNSPECIFIED.,.F.,.F.,
(2,2),(0.,2.5),.UNSPECIFIED.);
#748=B_SPLINE_CURVE_WITH_KNOTS('',1,(#4949,#4950),.UNSPECIFIED.,.F.,.F.,
(2,2),(-4.5180628394713,0.),.UNSPECIFIED.);
#749=B_SPLINE_CURVE_WITH_KNOTS('',1,(#4951,#4952),.UNSPECIFIED.,.F.,.F.,
(2,2),(-5.90567021784738,0.),.UNSPECIFIED.);
#750=B_SPLINE_CURVE_WITH_KNOTS('',1,(#4953,#4954),.UNSPECIFIED.,.F.,.F.,
(2,2),(0.,4.51806579958279),.UNSPECIFIED.);
#751=B_SPLINE_CURVE_WITH_KNOTS('',1,(#4955,#4956,#4957,#4958),
 .UNSPECIFIED.,.F.,.F.,(2,1,1,2),(0.,2.9150877783294,50.5150877783295,53.5466764920412),
 .UNSPECIFIED.);
#752=B_SPLINE_CURVE_WITH_KNOTS('',1,(#4959,#4960),.UNSPECIFIED.,.F.,.F.,
(2,2),(0.,4.5238404541854),.UNSPECIFIED.);
#753=B_SPLINE_CURVE_WITH_KNOTS('',1,(#4961,#4962),.UNSPECIFIED.,.F.,.F.,
(2,2),(0.,2.5),.UNSPECIFIED.);
#754=B_SPLINE_CURVE_WITH_KNOTS('',1,(#4963,#4964),.UNSPECIFIED.,.F.,.F.,
(2,2),(0.,4.5238404541855),.UNSPECIFIED.);
#755=B_SPLINE_CURVE_WITH_KNOTS('',1,(#4965,#4966),.UNSPECIFIED.,.F.,.F.,
(2,2),(0.,1.76907170312983),.UNSPECIFIED.);
#756=B_SPLINE_CURVE_WITH_KNOTS('',1,(#4967,#4968),.UNSPECIFIED.,.F.,.F.,
(2,2),(-4.5180628394714,0.),.UNSPECIFIED.);
#757=B_SPLINE_CURVE_WITH_KNOTS('',1,(#4969,#4970),.UNSPECIFIED.,.F.,.F.,
(2,2),(0.,6.287134668977),.UNSPECIFIED.);
#758=B_SPLINE_CURVE_WITH_KNOTS('',1,(#4971,#4972),.UNSPECIFIED.,.F.,.F.,
(2,2),(0.,2.5),.UNSPECIFIED.);
#759=B_SPLINE_CURVE_WITH_KNOTS('',1,(#4973,#4974),.UNSPECIFIED.,.F.,.F.,
(2,2),(0.,12.),.UNSPECIFIED.);
#760=B_SPLINE_CURVE_WITH_KNOTS('',1,(#4975,#4976),.UNSPECIFIED.,.F.,.F.,
(2,2),(0.,4.5122111501204),.UNSPECIFIED.);
#761=B_SPLINE_CURVE_WITH_KNOTS('',1,(#4977,#4978),.UNSPECIFIED.,.F.,.F.,
(2,2),(0.,2.5110213437212),.UNSPECIFIED.);
#762=B_SPLINE_CURVE_WITH_KNOTS('',1,(#4979,#4980),.UNSPECIFIED.,.F.,.F.,
(2,2),(0.,12.),.UNSPECIFIED.);
#763=B_SPLINE_CURVE_WITH_KNOTS('',1,(#4981,#4982),.UNSPECIFIED.,.F.,.F.,
(2,2),(0.,2.5110213437212),.UNSPECIFIED.);
#764=B_SPLINE_CURVE_WITH_KNOTS('',1,(#4983,#4984),.UNSPECIFIED.,.F.,.F.,
(2,2),(0.,4.5152884535307),.UNSPECIFIED.);
#765=B_SPLINE_CURVE_WITH_KNOTS('',1,(#4985,#4986),.UNSPECIFIED.,.F.,.F.,
(2,2),(0.,2.5000000000001),.UNSPECIFIED.);
#766=B_SPLINE_CURVE_WITH_KNOTS('',1,(#4987,#4988),.UNSPECIFIED.,.F.,.F.,
(2,2),(0.,6.2871346689778),.UNSPECIFIED.);
#767=B_SPLINE_CURVE_WITH_KNOTS('',1,(#4989,#4990),.UNSPECIFIED.,.F.,.F.,
(2,2),(0.,2.5),.UNSPECIFIED.);
#768=B_SPLINE_CURVE_WITH_KNOTS('',1,(#4991,#4992),.UNSPECIFIED.,.F.,.F.,
(2,2),(-4.5180628394722,0.),.UNSPECIFIED.);
#769=B_SPLINE_CURVE_WITH_KNOTS('',1,(#4993,#4994),.UNSPECIFIED.,.F.,.F.,
(2,2),(0.,1.76907170312973),.UNSPECIFIED.);
#770=B_SPLINE_CURVE_WITH_KNOTS('',1,(#4995,#4996),.UNSPECIFIED.,.F.,.F.,
(2,2),(0.,55.9999999999993),.UNSPECIFIED.);
#771=B_SPLINE_CURVE_WITH_KNOTS('',1,(#4997,#4998),.UNSPECIFIED.,.F.,.F.,
(2,2),(0.,1.7690717031298),.UNSPECIFIED.);
#772=B_SPLINE_CURVE_WITH_KNOTS('',1,(#4999,#5000),.UNSPECIFIED.,.F.,.F.,
(2,2),(0.,55.9999999999993),.UNSPECIFIED.);
#773=B_SPLINE_CURVE_WITH_KNOTS('',1,(#5001,#5002),.UNSPECIFIED.,.F.,.F.,
(2,2),(0.,55.9999999999993),.UNSPECIFIED.);
#774=B_SPLINE_CURVE_WITH_KNOTS('',1,(#5003,#5004),.UNSPECIFIED.,.F.,.F.,
(2,2),(0.,2.511021343721),.UNSPECIFIED.);
#775=B_SPLINE_CURVE_WITH_KNOTS('',1,(#5005,#5006,#5007,#5008),
 .UNSPECIFIED.,.F.,.F.,(2,1,1,2),(0.,3.0315887137117,50.6315887137118,53.5466764920412),
 .UNSPECIFIED.);
#776=B_SPLINE_CURVE_WITH_KNOTS('',1,(#5009,#5010),.UNSPECIFIED.,.F.,.F.,
(2,2),(0.,4.51806579958389),.UNSPECIFIED.);
#777=B_SPLINE_CURVE_WITH_KNOTS('',1,(#5011,#5012),.UNSPECIFIED.,.F.,.F.,
(2,2),(-5.90567021784738,0.),.UNSPECIFIED.);
#778=B_SPLINE_CURVE_WITH_KNOTS('',1,(#5013,#5014),.UNSPECIFIED.,.F.,.F.,
(2,2),(-4.5180628394723,0.),.UNSPECIFIED.);
#779=B_SPLINE_CURVE_WITH_KNOTS('',1,(#5015,#5016),.UNSPECIFIED.,.F.,.F.,
(2,2),(0.,2.5),.UNSPECIFIED.);
#780=B_SPLINE_CURVE_WITH_KNOTS('',1,(#5017,#5018),.UNSPECIFIED.,.F.,.F.,
(2,2),(0.,55.9999999999993),.UNSPECIFIED.);
#781=B_SPLINE_CURVE_WITH_KNOTS('',1,(#5019,#5020),.UNSPECIFIED.,.F.,.F.,
(2,2),(0.,55.9999999999993),.UNSPECIFIED.);
#782=B_SPLINE_CURVE_WITH_KNOTS('',1,(#5021,#5022),.UNSPECIFIED.,.F.,.F.,
(2,2),(0.,6.2871373757806),.UNSPECIFIED.);
#783=B_SPLINE_CURVE_WITH_KNOTS('',1,(#5023,#5024),.UNSPECIFIED.,.F.,.F.,
(2,2),(0.,55.9999999999993),.UNSPECIFIED.);
#784=B_SPLINE_CURVE_WITH_KNOTS('',1,(#5025,#5026),.UNSPECIFIED.,.F.,.F.,
(2,2),(0.,4.5253791058906),.UNSPECIFIED.);
#785=B_SPLINE_CURVE_WITH_KNOTS('',1,(#5027,#5028),.UNSPECIFIED.,.F.,.F.,
(2,2),(0.,4.5223018024803),.UNSPECIFIED.);
#786=B_SPLINE_CURVE_WITH_KNOTS('',1,(#5032,#5033),.UNSPECIFIED.,.F.,.F.,
(2,2),(0.,26.9581790840932),.UNSPECIFIED.);
#787=B_SPLINE_CURVE_WITH_KNOTS('',1,(#5040,#5041),.UNSPECIFIED.,.F.,.F.,
(2,2),(0.,4.51806579958369),.UNSPECIFIED.);
#788=B_SPLINE_CURVE_WITH_KNOTS('',1,(#5070,#5071),.UNSPECIFIED.,.F.,.F.,
(2,2),(-1.00000006631111,0.),.UNSPECIFIED.);
#789=B_SPLINE_CURVE_WITH_KNOTS('',1,(#5077,#5078),.UNSPECIFIED.,.F.,.F.,
(2,2),(-1.0000000663112,0.),.UNSPECIFIED.);
#790=B_SPLINE_CURVE_WITH_KNOTS('',1,(#5087,#5088),.UNSPECIFIED.,.F.,.F.,
(2,2),(-1.00000006631111,0.),.UNSPECIFIED.);
#791=B_SPLINE_CURVE_WITH_KNOTS('',1,(#5094,#5095),.UNSPECIFIED.,.F.,.F.,
(2,2),(-1.0000000663112,0.),.UNSPECIFIED.);
#792=B_SPLINE_CURVE_WITH_KNOTS('',1,(#5104,#5105),.UNSPECIFIED.,.F.,.F.,
(2,2),(-1.00000006631141,0.),.UNSPECIFIED.);
#793=B_SPLINE_CURVE_WITH_KNOTS('',1,(#5111,#5112),.UNSPECIFIED.,.F.,.F.,
(2,2),(-1.00000006631141,0.),.UNSPECIFIED.);
#794=B_SPLINE_CURVE_WITH_KNOTS('',1,(#5121,#5122),.UNSPECIFIED.,.F.,.F.,
(2,2),(-1.00000006631141,0.),.UNSPECIFIED.);
#795=B_SPLINE_CURVE_WITH_KNOTS('',1,(#5128,#5129),.UNSPECIFIED.,.F.,.F.,
(2,2),(-1.00000006631141,0.),.UNSPECIFIED.);
#796=B_SPLINE_CURVE_WITH_KNOTS('',3,(#5138,#5139,#5140,#5141,#5142,#5143,
#5144,#5145,#5146,#5147,#5148,#5149,#5150,#5151,#5152,#5153,#5154,#5155,
#5156,#5157,#5158,#5159,#5160,#5161,#5162,#5163,#5164,#5165,#5166,#5167,
#5168,#5169,#5170,#5171,#5172,#5173,#5174,#5175,#5176,#5177,#5178,#5179,
#5180,#5181,#5182,#5183),.UNSPECIFIED.,.F.,.F.,(4,3,3,3,3,3,3,3,3,3,3,3,
3,3,3,4),(-8.43935602818516,-8.25970847837442,-7.67236921855983,-7.07975061016312,
-6.48713249083055,-5.89979266057174,-5.31245162733644,-4.7198339337155,
-4.12721613579128,-3.53987500846754,-2.95253551361011,-2.3599173537839,
-1.76729903969905,-1.17995878613443,-0.592619058485015,0.),
 .UNSPECIFIED.);
#797=B_SPLINE_CURVE_WITH_KNOTS('',3,(#5184,#5185,#5186,#5187,#5188,#5189,
#5190,#5191,#5192),.UNSPECIFIED.,.F.,.F.,(4,2,3,4),(-1.01027722144675,-0.713084145709577,
-0.415905343273347,0.),.UNSPECIFIED.);
#798=B_SPLINE_CURVE_WITH_KNOTS('',1,(#5193,#5194),.UNSPECIFIED.,.F.,.F.,
(2,2),(0.,1.3708969822434),.UNSPECIFIED.);
#799=B_SPLINE_CURVE_WITH_KNOTS('',3,(#5195,#5196,#5197,#5198,#5199,#5200,
#5201,#5202,#5203,#5204,#5205,#5206,#5207,#5208,#5209,#5210,#5211,#5212,
#5213,#5214,#5215,#5216,#5217,#5218,#5219,#5220,#5221,#5222,#5223,#5224,
#5225,#5226,#5227,#5228,#5229,#5230,#5231,#5232,#5233,#5234,#5235,#5236,
#5237,#5238,#5239,#5240,#5241,#5242,#5243),.UNSPECIFIED.,.F.,.F.,(4,3,3,
3,3,3,3,3,3,3,3,3,3,3,3,3,4),(0.,0.592616771861288,1.17995808667548,1.76729734649008,
2.3599159548868,2.95253407421937,3.53987390447817,4.12721493771348,4.71983263133442,
5.31245042925863,5.89979155658237,6.48713105143971,7.07974921126594,7.67236752535085,
8.25970777891543,8.84704750656487,9.43966656504988),.UNSPECIFIED.);
#800=B_SPLINE_CURVE_WITH_KNOTS('',1,(#5244,#5245),.UNSPECIFIED.,.F.,.F.,
(2,2),(0.,1.4999999668438),.UNSPECIFIED.);
#801=B_SPLINE_CURVE_WITH_KNOTS('',3,(#5246,#5247,#5248,#5249,#5250,#5251,
#5252,#5253,#5254),.UNSPECIFIED.,.F.,.F.,(4,3,2,4),(-0.828724903547927,
-0.594374780453811,-0.297194749480197,0.),.UNSPECIFIED.);
#802=B_SPLINE_CURVE_WITH_KNOTS('',3,(#5255,#5256,#5257,#5258,#5259,#5260,
#5261,#5262,#5263,#5264,#5265,#5266,#5267,#5268,#5269,#5270,#5271,#5272,
#5273,#5274,#5275,#5276,#5277,#5278,#5279,#5280,#5281,#5282,#5283,#5284,
#5285,#5286,#5287,#5288,#5289,#5290,#5291,#5292,#5293,#5294,#5295,#5296,
#5297,#5298,#5299,#5300),.UNSPECIFIED.,.F.,.F.,(4,3,3,3,3,3,3,3,3,3,3,3,
3,3,3,4),(-8.61592025569371,-8.02330348383233,-7.43596216901819,-6.84862290920365,
-6.2560043008068,-5.66338618147429,-5.07604635121543,-4.48870531798015,
-3.89608762435923,-3.30346982643502,-2.71612869911127,-2.12878920425399,
-1.53617104442771,-0.943552730342803,-0.356212476778234,0.),
 .UNSPECIFIED.);
#803=B_SPLINE_CURVE_WITH_KNOTS('',1,(#5301,#5302),.UNSPECIFIED.,.F.,.F.,
(2,2),(0.,1.5),.UNSPECIFIED.);
#804=B_SPLINE_CURVE_WITH_KNOTS('',3,(#5303,#5304,#5305,#5306,#5307,#5308,
#5309,#5310,#5311,#5312,#5313,#5314,#5315,#5316,#5317,#5318,#5319,#5320,
#5321,#5322,#5323,#5324,#5325,#5326,#5327,#5328,#5329,#5330,#5331,#5332,
#5333,#5334,#5335,#5336,#5337,#5338,#5339,#5340,#5341,#5342,#5343,#5344,
#5345,#5346,#5347,#5348,#5349,#5350,#5351),.UNSPECIFIED.,.F.,.F.,(4,3,3,
3,3,3,3,3,3,3,3,3,3,3,3,3,4),(0.,0.592616771861377,1.17995808667552,1.76729734649006,
2.35991595488692,2.95253407421943,3.5398739044782,4.12721493771356,4.71983263133449,
5.3124504292587,5.89979155658244,6.48713105143973,7.07974921126601,7.67236752535091,
8.25970777891547,8.84704750656496,9.43966656504988),.UNSPECIFIED.);
#805=B_SPLINE_CURVE_WITH_KNOTS('',1,(#5352,#5353),.UNSPECIFIED.,.F.,.F.,
(2,2),(0.,1.4121959548672),.UNSPECIFIED.);
#806=B_SPLINE_CURVE_WITH_KNOTS('',3,(#5354,#5355,#5356,#5357,#5358,#5359,
#5360,#5361,#5362),.UNSPECIFIED.,.F.,.F.,(4,3,2,4),(-0.828724878985537,
-0.594374781282742,-0.297194749894216,0.),.UNSPECIFIED.);
#807=B_SPLINE_CURVE_WITH_KNOTS('',3,(#5363,#5364,#5365,#5366,#5367,#5368,
#5369,#5370,#5371,#5372,#5373,#5374,#5375,#5376,#5377,#5378,#5379,#5380,
#5381,#5382,#5383,#5384,#5385,#5386,#5387,#5388,#5389,#5390,#5391,#5392,
#5393,#5394,#5395,#5396,#5397,#5398,#5399,#5400,#5401,#5402,#5403,#5404,
#5405,#5406,#5407,#5408),.UNSPECIFIED.,.F.,.F.,(4,3,3,3,3,3,3,3,3,3,3,3,
3,3,3,4),(-8.61592025569193,-8.02330348383055,-7.4359621690165,-6.84862290920182,
-6.25600430080518,-5.66338618147261,-5.07604635121376,-4.4887053179785,
-3.89608762435755,-3.30346982643336,-2.7161286991096,-2.12878920425226,
-1.53617104442605,-0.943552730341209,-0.356212476776501,0.),
 .UNSPECIFIED.);
#808=B_SPLINE_CURVE_WITH_KNOTS('',1,(#5409,#5410),.UNSPECIFIED.,.F.,.F.,
(2,2),(0.,1.5),.UNSPECIFIED.);
#809=B_SPLINE_CURVE_WITH_KNOTS('',3,(#5411,#5412,#5413,#5414,#5415,#5416,
#5417,#5418,#5419,#5420,#5421,#5422,#5423,#5424,#5425,#5426,#5427,#5428,
#5429,#5430,#5431,#5432,#5433,#5434,#5435,#5436,#5437,#5438,#5439,#5440,
#5441,#5442,#5443,#5444,#5445,#5446,#5447,#5448,#5449,#5450,#5451,#5452,
#5453,#5454,#5455,#5456,#5457,#5458,#5459),.UNSPECIFIED.,.F.,.F.,(4,3,3,
3,3,3,3,3,3,3,3,3,3,3,3,3,4),(0.,0.592616771861377,1.17995808667543,1.76729734649012,
2.35991595488676,2.95253407421933,3.53987390447818,4.12721493771345,4.71983263133439,
5.3124504292586,5.89979155658235,6.48713105143968,7.07974921126589,7.67236752535073,
8.25970777891544,8.84704750656489,9.43966656504979),.UNSPECIFIED.);
#810=B_SPLINE_CURVE_WITH_KNOTS('',1,(#5460,#5461),.UNSPECIFIED.,.F.,.F.,
(2,2),(0.,1.4121960657923),.UNSPECIFIED.);
#811=B_SPLINE_CURVE_WITH_KNOTS('',3,(#5462,#5463,#5464,#5465,#5466,#5467,
#5468,#5469,#5470,#5471,#5472,#5473,#5474,#5475,#5476,#5477,#5478,#5479,
#5480,#5481,#5482,#5483,#5484,#5485,#5486,#5487,#5488,#5489,#5490,#5491,
#5492,#5493,#5494,#5495,#5496,#5497,#5498,#5499,#5500,#5501,#5502,#5503,
#5504,#5505,#5506,#5507),.UNSPECIFIED.,.F.,.F.,(4,3,3,3,3,3,3,3,3,3,3,3,
3,3,3,4),(-8.44300514077452,-8.25970847837432,-7.67236921855969,-7.07975061016297,
-6.48713249083039,-5.89979266057157,-5.31245162733625,-4.71983393371533,
-4.12721613579114,-3.53987500846737,-2.95253551361014,-2.35991735378386,
-1.76729903969903,-1.17995878613446,-0.592619058485015,0.),
 .UNSPECIFIED.);
#812=B_SPLINE_CURVE_WITH_KNOTS('',3,(#5508,#5509,#5510,#5511,#5512,#5513,
#5514,#5515,#5516),.UNSPECIFIED.,.F.,.F.,(4,2,3,4),(-1.00650007790583,-0.70930700216848,
-0.41212819973233,0.),.UNSPECIFIED.);
#813=B_SPLINE_CURVE_WITH_KNOTS('',1,(#5517,#5518),.UNSPECIFIED.,.F.,.F.,
(2,2),(0.,1.3718292155607),.UNSPECIFIED.);
#814=B_SPLINE_CURVE_WITH_KNOTS('',3,(#5519,#5520,#5521,#5522,#5523,#5524,
#5525,#5526,#5527,#5528,#5529,#5530,#5531,#5532,#5533,#5534,#5535,#5536,
#5537,#5538,#5539,#5540,#5541,#5542,#5543,#5544,#5545,#5546,#5547,#5548,
#5549,#5550,#5551,#5552,#5553,#5554,#5555,#5556,#5557,#5558,#5559,#5560,
#5561,#5562,#5563,#5564,#5565,#5566,#5567),.UNSPECIFIED.,.F.,.F.,(4,3,3,
3,3,3,3,3,3,3,3,3,3,3,3,3,4),(0.,0.592616771861394,1.1799580866755,1.76729734649013,
2.35991595488686,2.95253407421944,3.53987390447816,4.12721493771356,4.71983263133438,
5.31245042925867,5.89979155658248,6.48713105143967,7.07974921126588,7.67236752535078,
8.25970777891534,8.84704750656478,9.4396665650498),.UNSPECIFIED.);
#815=B_SPLINE_CURVE_WITH_KNOTS('',1,(#5568,#5569),.UNSPECIFIED.,.F.,.F.,
(2,2),(0.,1.4999999681357),.UNSPECIFIED.);
#816=B_SPLINE_CURVE_WITH_KNOTS('',3,(#5622,#5623,#5624,#5625,#5626,#5627,
#5628,#5629,#5630,#5631,#5632,#5633,#5634,#5635,#5636,#5637,#5638,#5639,
#5640,#5641,#5642,#5643,#5644,#5645,#5646,#5647,#5648,#5649,#5650,#5651,
#5652,#5653,#5654,#5655,#5656,#5657,#5658,#5659,#5660,#5661,#5662,#5663,
#5664,#5665,#5666,#5667,#5668,#5669,#5670),.UNSPECIFIED.,.F.,.F.,(4,3,3,
3,3,3,3,3,3,3,3,3,3,3,3,3,4),(-9.43966536900612,-8.84704858700006,-8.25970736717623,
-7.67236779765094,-7.0797502108961,-6.4871310685267,-5.89979133758328,-5.31245109022372,
-4.71983276663661,-4.12721462107184,-3.53987510324688,-2.9525340053236,
-2.35991617313433,-1.76729851074732,-1.1799574832915,-0.592617532545867,
0.),.UNSPECIFIED.);
#817=B_SPLINE_CURVE_WITH_KNOTS('',3,(#5671,#5672,#5673,#5674,#5675,#5676,
#5677,#5678,#5679),.UNSPECIFIED.,.F.,.F.,(4,3,2,4),(-1.01027779489289,-0.59437189579866,
-0.297193093399076,0.),.UNSPECIFIED.);
#818=B_SPLINE_CURVE_WITH_KNOTS('',3,(#5680,#5681,#5682,#5683,#5684,#5685,
#5686,#5687,#5688,#5689,#5690,#5691,#5692,#5693,#5694,#5695,#5696,#5697,
#5698,#5699,#5700,#5701,#5702,#5703,#5704,#5705,#5706,#5707,#5708,#5709,
#5710,#5711,#5712,#5713,#5714,#5715,#5716,#5717,#5718,#5719,#5720,#5721,
#5722,#5723,#5724,#5725),.UNSPECIFIED.,.F.,.F.,(4,3,3,3,3,3,3,3,3,3,3,3,
3,3,3,4),(-8.43935422699581,-7.84673669444995,-7.25939674370431,-6.6720557162485,
-6.07943805386149,-5.48682022167222,-4.89947912374889,-4.31213960592397,
-3.71952146035921,-3.12690313677211,-2.53956288941253,-1.95222315846912,
-1.35960401609971,-0.766986429344877,-0.17964685981958,0.),
 .UNSPECIFIED.);
#819=B_SPLINE_CURVE_WITH_KNOTS('',3,(#5726,#5727,#5728,#5729,#5730,#5731,
#5732,#5733,#5734,#5735,#5736,#5737,#5738,#5739,#5740,#5741,#5742,#5743,
#5744,#5745,#5746,#5747,#5748,#5749,#5750,#5751,#5752,#5753,#5754,#5755,
#5756,#5757,#5758,#5759,#5760,#5761,#5762,#5763,#5764,#5765,#5766,#5767,
#5768,#5769,#5770,#5771,#5772,#5773,#5774),.UNSPECIFIED.,.F.,.F.,(4,3,3,
3,3,3,3,3,3,3,3,3,3,3,3,3,4),(-9.43966536900615,-8.84704858700008,-8.25970736717619,
-7.67236779765093,-7.07975021089616,-6.48713106852676,-5.89979133758333,
-5.31245109022366,-4.71983276663655,-4.12721462107169,-3.53987510324683,
-2.95253400532359,-2.35991617313432,-1.76729851074731,-1.17995748329159,
-0.592617532545858,0.),.UNSPECIFIED.);
#820=B_SPLINE_CURVE_WITH_KNOTS('',3,(#5775,#5776,#5777,#5778,#5779,#5780,
#5781,#5782,#5783,#5784,#5785,#5786,#5787,#5788,#5789,#5790,#5791,#5792,
#5793,#5794,#5795,#5796,#5797,#5798,#5799,#5800,#5801,#5802,#5803,#5804,
#5805,#5806,#5807,#5808,#5809,#5810,#5811,#5812,#5813,#5814,#5815,#5816,
#5817,#5818,#5819,#5820),.UNSPECIFIED.,.F.,.F.,(4,3,3,3,3,3,3,3,3,3,3,3,
3,3,3,4),(-8.61592109532833,-8.25970788571455,-7.67236685825883,-7.07974919587182,
-6.48713136368255,-5.89979026575931,-5.31245074793445,-4.71983260236959,
-4.12721427878248,-3.53987403142281,-2.95253430047937,-2.35991515810998,
-1.7672975713552,-1.17995800182995,-0.592616782006067,0.),.UNSPECIFIED.);
#821=B_SPLINE_CURVE_WITH_KNOTS('',3,(#5821,#5822,#5823,#5824,#5825,#5826,
#5827,#5828,#5829),.UNSPECIFIED.,.F.,.F.,(4,2,3,4),(-0.82872288977433,-0.531528893243745,
-0.234349626903302,0.),.UNSPECIFIED.);
#822=B_SPLINE_CURVE_WITH_KNOTS('',3,(#5830,#5831,#5832,#5833,#5834,#5835,
#5836,#5837,#5838,#5839,#5840,#5841,#5842,#5843,#5844,#5845,#5846,#5847,
#5848,#5849,#5850,#5851,#5852,#5853,#5854,#5855,#5856,#5857,#5858,#5859,
#5860,#5861,#5862,#5863,#5864,#5865,#5866,#5867,#5868,#5869,#5870,#5871,
#5872,#5873,#5874,#5875,#5876,#5877,#5878),.UNSPECIFIED.,.F.,.F.,(4,3,3,
3,3,3,3,3,3,3,3,3,3,3,3,3,4),(-9.43966536900615,-8.84704858699999,-8.25970736717628,
-7.6723677976509,-7.07975021089615,-6.48713106852676,-5.89979133758334,
-5.31245109022367,-4.71983276663656,-4.12721462107182,-3.53987510324685,
-2.95253400532366,-2.3599161731344,-1.7672985107474,-1.17995748329163,-0.592617532545858,
0.),.UNSPECIFIED.);
#823=B_SPLINE_CURVE_WITH_KNOTS('',3,(#5879,#5880,#5881,#5882,#5883,#5884,
#5885,#5886,#5887,#5888,#5889,#5890,#5891,#5892,#5893,#5894,#5895,#5896,
#5897,#5898,#5899,#5900,#5901,#5902,#5903,#5904,#5905,#5906,#5907,#5908,
#5909,#5910,#5911,#5912,#5913,#5914,#5915,#5916,#5917,#5918,#5919,#5920,
#5921,#5922,#5923,#5924),.UNSPECIFIED.,.F.,.F.,(4,3,3,3,3,3,3,3,3,3,3,3,
3,3,3,4),(-8.61592109532938,-8.25970788571452,-7.67236685825875,-7.07974919587181,
-6.48713136368249,-5.8997902657593,-5.31245074793433,-4.71983260236958,
-4.12721427878248,-3.53987403142281,-2.95253430047939,-2.35991515811,-1.76729757135525,
-1.17995800182987,-0.592616782006166,0.),.UNSPECIFIED.);
#824=B_SPLINE_CURVE_WITH_KNOTS('',3,(#5925,#5926,#5927,#5928,#5929,#5930,
#5931,#5932,#5933),.UNSPECIFIED.,.F.,.F.,(4,2,3,4),(-0.828722868293097,
-0.53152887217684,-0.234349606250866,0.),.UNSPECIFIED.);
#825=B_SPLINE_CURVE_WITH_KNOTS('',3,(#5934,#5935,#5936,#5937,#5938,#5939,
#5940,#5941,#5942,#5943,#5944,#5945,#5946,#5947,#5948,#5949,#5950,#5951,
#5952,#5953,#5954,#5955,#5956,#5957,#5958,#5959,#5960,#5961,#5962,#5963,
#5964,#5965,#5966,#5967,#5968,#5969,#5970,#5971,#5972,#5973,#5974,#5975,
#5976,#5977,#5978,#5979,#5980,#5981,#5982),.UNSPECIFIED.,.F.,.F.,(4,3,3,
3,3,3,3,3,3,3,3,3,3,3,3,3,4),(-9.43966536900617,-8.84704858700011,-8.25970736717628,
-7.67236779765089,-7.07975021089613,-6.48713106852674,-5.89979133758328,
-5.31245109022373,-4.71983276663662,-4.12721462107176,-3.53987510324688,
-2.95253400532368,-2.35991617313433,-1.7672985107474,-1.17995748329159,
-0.592617532545857,0.),.UNSPECIFIED.);
#826=B_SPLINE_CURVE_WITH_KNOTS('',3,(#5983,#5984,#5985,#5986,#5987,#5988,
#5989,#5990,#5991),.UNSPECIFIED.,.F.,.F.,(4,3,2,4),(-1.00650064831063,-0.59437189579865,
-0.297193093398906,0.),.UNSPECIFIED.);
#827=B_SPLINE_CURVE_WITH_KNOTS('',3,(#5992,#5993,#5994,#5995,#5996,#5997,
#5998,#5999,#6000,#6001,#6002,#6003,#6004,#6005,#6006,#6007,#6008,#6009,
#6010,#6011,#6012,#6013,#6014,#6015,#6016,#6017,#6018,#6019,#6020,#6021,
#6022,#6023,#6024,#6025,#6026,#6027,#6028,#6029,#6030,#6031,#6032,#6033,
#6034,#6035,#6036,#6037),.UNSPECIFIED.,.F.,.F.,(4,3,3,3,3,3,3,3,3,3,3,3,
3,3,3,4),(-8.44300334250529,-7.85038580995944,-7.2630458592138,-6.67570483175789,
-6.08308716937095,-5.49046933718169,-4.9031282392585,-4.31578872143355,
-3.72317057586869,-3.13055225228158,-2.54321200492199,-1.95587227397856,
-1.36325313160918,-0.770635544854417,-0.183295975329033,0.),
 .UNSPECIFIED.);
#828=VERTEX_POINT('',#4725);
#829=VERTEX_POINT('',#4726);
#830=VERTEX_POINT('',#4727);
#831=VERTEX_POINT('',#4728);
#832=VERTEX_POINT('',#4729);
#833=VERTEX_POINT('',#4730);
#834=VERTEX_POINT('',#4731);
#835=VERTEX_POINT('',#4732);
#836=VERTEX_POINT('',#4733);
#837=VERTEX_POINT('',#4734);
#838=VERTEX_POINT('',#4735);
#839=VERTEX_POINT('',#4736);
#840=VERTEX_POINT('',#4737);
#841=VERTEX_POINT('',#4738);
#842=VERTEX_POINT('',#4739);
#843=VERTEX_POINT('',#4740);
#844=VERTEX_POINT('',#4741);
#845=VERTEX_POINT('',#4742);
#846=VERTEX_POINT('',#4743);
#847=VERTEX_POINT('',#4744);
#848=VERTEX_POINT('',#4745);
#849=VERTEX_POINT('',#4746);
#850=VERTEX_POINT('',#4747);
#851=VERTEX_POINT('',#4748);
#852=VERTEX_POINT('',#4749);
#853=VERTEX_POINT('',#4750);
#854=VERTEX_POINT('',#4751);
#855=VERTEX_POINT('',#4752);
#856=VERTEX_POINT('',#4753);
#857=VERTEX_POINT('',#4754);
#858=VERTEX_POINT('',#4755);
#859=VERTEX_POINT('',#4756);
#860=VERTEX_POINT('',#4757);
#861=VERTEX_POINT('',#4758);
#862=VERTEX_POINT('',#4759);
#863=VERTEX_POINT('',#4760);
#864=VERTEX_POINT('',#4761);
#865=VERTEX_POINT('',#4762);
#866=VERTEX_POINT('',#4763);
#867=VERTEX_POINT('',#4764);
#868=VERTEX_POINT('',#4765);
#869=VERTEX_POINT('',#4766);
#870=VERTEX_POINT('',#4767);
#871=VERTEX_POINT('',#4768);
#872=VERTEX_POINT('',#4769);
#873=VERTEX_POINT('',#4770);
#874=VERTEX_POINT('',#4771);
#875=VERTEX_POINT('',#4772);
#876=VERTEX_POINT('',#4773);
#877=VERTEX_POINT('',#4774);
#878=VERTEX_POINT('',#4775);
#879=VERTEX_POINT('',#4776);
#880=VERTEX_POINT('',#4777);
#881=VERTEX_POINT('',#4778);
#882=VERTEX_POINT('',#4779);
#883=VERTEX_POINT('',#4780);
#884=VERTEX_POINT('',#4781);
#885=VERTEX_POINT('',#4782);
#886=VERTEX_POINT('',#4783);
#887=VERTEX_POINT('',#4784);
#888=VERTEX_POINT('',#4785);
#889=VERTEX_POINT('',#4786);
#890=VERTEX_POINT('',#4787);
#891=VERTEX_POINT('',#4788);
#892=VERTEX_POINT('',#4789);
#893=VERTEX_POINT('',#4790);
#894=VERTEX_POINT('',#4791);
#895=VERTEX_POINT('',#4792);
#896=VERTEX_POINT('',#4793);
#897=VERTEX_POINT('',#4794);
#898=VERTEX_POINT('',#4795);
#899=VERTEX_POINT('',#4796);
#900=VERTEX_POINT('',#4797);
#901=VERTEX_POINT('',#4798);
#902=VERTEX_POINT('',#4799);
#903=VERTEX_POINT('',#4800);
#904=VERTEX_POINT('',#4801);
#905=VERTEX_POINT('',#4802);
#906=VERTEX_POINT('',#4803);
#907=VERTEX_POINT('',#4804);
#908=VERTEX_POINT('',#4805);
#909=VERTEX_POINT('',#4806);
#910=VERTEX_POINT('',#4807);
#911=VERTEX_POINT('',#4808);
#912=VERTEX_POINT('',#4809);
#913=VERTEX_POINT('',#4810);
#914=VERTEX_POINT('',#4811);
#915=VERTEX_POINT('',#4812);
#916=VERTEX_POINT('',#4813);
#917=VERTEX_POINT('',#4814);
#918=VERTEX_POINT('',#4815);
#919=VERTEX_POINT('',#4816);
#920=VERTEX_POINT('',#4817);
#921=VERTEX_POINT('',#4818);
#922=VERTEX_POINT('',#4819);
#923=VERTEX_POINT('',#4820);
#924=VERTEX_POINT('',#4821);
#925=VERTEX_POINT('',#4822);
#926=VERTEX_POINT('',#4823);
#927=VERTEX_POINT('',#4824);
#928=VERTEX_POINT('',#4825);
#929=VERTEX_POINT('',#4826);
#930=VERTEX_POINT('',#4827);
#931=VERTEX_POINT('',#4828);
#932=CYLINDRICAL_SURFACE('',#1098,8.28017905635296);
#933=CYLINDRICAL_SURFACE('',#1100,8.28017905635295);
#934=CYLINDRICAL_SURFACE('',#1102,8.28017905635295);
#935=CYLINDRICAL_SURFACE('',#1104,8.28017905635295);
#936=CYLINDRICAL_SURFACE('',#1106,1.50000000000001);
#937=CYLINDRICAL_SURFACE('',#1107,1.49999999999999);
#938=CYLINDRICAL_SURFACE('',#1108,1.5);
#939=CYLINDRICAL_SURFACE('',#1109,1.5);
#940=CYLINDRICAL_SURFACE('',#1114,1.5);
#941=CYLINDRICAL_SURFACE('',#1115,1.5);
#942=CYLINDRICAL_SURFACE('',#1116,1.5);
#943=CYLINDRICAL_SURFACE('',#1117,1.5);
#944=B_SPLINE_SURFACE_WITH_KNOTS('',3,3,((#1169,#1170,#1171,#1172,#1173,
#1174,#1175,#1176,#1177),(#1178,#1179,#1180,#1181,#1182,#1183,#1184,#1185,
#1186),(#1187,#1188,#1189,#1190,#1191,#1192,#1193,#1194,#1195),(#1196,#1197,
#1198,#1199,#1200,#1201,#1202,#1203,#1204),(#1205,#1206,#1207,#1208,#1209,
#1210,#1211,#1212,#1213),(#1214,#1215,#1216,#1217,#1218,#1219,#1220,#1221,
#1222),(#1223,#1224,#1225,#1226,#1227,#1228,#1229,#1230,#1231),(#1232,#1233,
#1234,#1235,#1236,#1237,#1238,#1239,#1240)),.UNSPECIFIED.,.F.,.F.,.F.,(4,
1,1,1,1,4),(4,1,1,1,1,1,4),(-3.80806497446429E-14,1.54835947620603,3.09671895241209,
4.64507842861815,5.41925816672119,6.19343790502004),(-6.18466949693273E-28,
9.99999999999991,19.9999999999998,39.9999999999996,59.9999999999995,69.9999999999994,
79.9999999999993),.UNSPECIFIED.);
#945=B_SPLINE_SURFACE_WITH_KNOTS('',3,3,((#1242,#1243,#1244,#1245,#1246,
#1247,#1248),(#1249,#1250,#1251,#1252,#1253,#1254,#1255),(#1256,#1257,#1258,
#1259,#1260,#1261,#1262),(#1263,#1264,#1265,#1266,#1267,#1268,#1269),(#1270,
#1271,#1272,#1273,#1274,#1275,#1276),(#1277,#1278,#1279,#1280,#1281,#1282,
#1283),(#1284,#1285,#1286,#1287,#1288,#1289,#1290)),.UNSPECIFIED.,.F.,.F.,
 .F.,(4,1,1,1,4),(4,1,1,1,4),(-0.000141300417160484,1.54835947086241,3.09671894172482,
4.64507841258723,6.19343788344965),(-2.66453525910038E-15,19.9999999999999,
39.9999999999997,59.9999999999996,79.9999999999994),.UNSPECIFIED.);
#946=B_SPLINE_SURFACE_WITH_KNOTS('',1,3,((#1325,#1326,#1327,#1328,#1329,
#1330,#1331,#1332,#1333,#1334,#1335,#1336,#1337,#1338,#1339,#1340,#1341,
#1342,#1343,#1344,#1345,#1346,#1347,#1348,#1349,#1350,#1351,#1352,#1353,
#1354,#1355,#1356,#1357,#1358,#1359,#1360,#1361,#1362,#1363,#1364,#1365,
#1366,#1367,#1368,#1369,#1370,#1371,#1372,#1373,#1374,#1375,#1376,#1377),
(#1378,#1379,#1380,#1381,#1382,#1383,#1384,#1385,#1386,#1387,#1388,#1389,
#1390,#1391,#1392,#1393,#1394,#1395,#1396,#1397,#1398,#1399,#1400,#1401,
#1402,#1403,#1404,#1405,#1406,#1407,#1408,#1409,#1410,#1411,#1412,#1413,
#1414,#1415,#1416,#1417,#1418,#1419,#1420,#1421,#1422,#1423,#1424,#1425,
#1426,#1427,#1428,#1429,#1430),(#1431,#1432,#1433,#1434,#1435,#1436,#1437,
#1438,#1439,#1440,#1441,#1442,#1443,#1444,#1445,#1446,#1447,#1448,#1449,
#1450,#1451,#1452,#1453,#1454,#1455,#1456,#1457,#1458,#1459,#1460,#1461,
#1462,#1463,#1464,#1465,#1466,#1467,#1468,#1469,#1470,#1471,#1472,#1473,
#1474,#1475,#1476,#1477,#1478,#1479,#1480,#1481,#1482,#1483),(#1484,#1485,
#1486,#1487,#1488,#1489,#1490,#1491,#1492,#1493,#1494,#1495,#1496,#1497,
#1498,#1499,#1500,#1501,#1502,#1503,#1504,#1505,#1506,#1507,#1508,#1509,
#1510,#1511,#1512,#1513,#1514,#1515,#1516,#1517,#1518,#1519,#1520,#1521,
#1522,#1523,#1524,#1525,#1526,#1527,#1528,#1529,#1530,#1531,#1532,#1533,
#1534,#1535,#1536),(#1537,#1538,#1539,#1540,#1541,#1542,#1543,#1544,#1545,
#1546,#1547,#1548,#1549,#1550,#1551,#1552,#1553,#1554,#1555,#1556,#1557,
#1558,#1559,#1560,#1561,#1562,#1563,#1564,#1565,#1566,#1567,#1568,#1569,
#1570,#1571,#1572,#1573,#1574,#1575,#1576,#1577,#1578,#1579,#1580,#1581,
#1582,#1583,#1584,#1585,#1586,#1587,#1588,#1589),(#1590,#1591,#1592,#1593,
#1594,#1595,#1596,#1597,#1598,#1599,#1600,#1601,#1602,#1603,#1604,#1605,
#1606,#1607,#1608,#1609,#1610,#1611,#1612,#1613,#1614,#1615,#1616,#1617,
#1618,#1619,#1620,#1621,#1622,#1623,#1624,#1625,#1626,#1627,#1628,#1629,
#1630,#1631,#1632,#1633,#1634,#1635,#1636,#1637,#1638,#1639,#1640,#1641,
#1642),(#1643,#1644,#1645,#1646,#1647,#1648,#1649,#1650,#1651,#1652,#1653,
#1654,#1655,#1656,#1657,#1658,#1659,#1660,#1661,#1662,#1663,#1664,#1665,
#1666,#1667,#1668,#1669,#1670,#1671,#1672,#1673,#1674,#1675,#1676,#1677,
#1678,#1679,#1680,#1681,#1682,#1683,#1684,#1685,#1686,#1687,#1688,#1689,
#1690,#1691,#1692,#1693,#1694,#1695),(#1696,#1697,#1698,#1699,#1700,#1701,
#1702,#1703,#1704,#1705,#1706,#1707,#1708,#1709,#1710,#1711,#1712,#1713,
#1714,#1715,#1716,#1717,#1718,#1719,#1720,#1721,#1722,#1723,#1724,#1725,
#1726,#1727,#1728,#1729,#1730,#1731,#1732,#1733,#1734,#1735,#1736,#1737,
#1738,#1739,#1740,#1741,#1742,#1743,#1744,#1745,#1746,#1747,#1748)),
 .UNSPECIFIED.,.F.,.F.,.F.,(2,1,1,1,1,1,1,2),(4,1,1,1,3,1,3,3,3,3,3,3,3,
3,3,3,3,3,3,3,4),(3.31561920280388E-8,0.0937500310839302,0.187500029011668,
0.375000024867145,0.750000016578097,0.937500012433574,1.12500000828905,
1.5),(-1.36002320516582E-14,0.0739570338417357,0.147914067683485,0.295828135366984,
0.591656270733981,0.8848606041236,1.17806493751322,1.76447360429245,2.35612987502643,
2.94778614576042,3.53419481253965,4.12060347931888,4.71225975005287,5.30391602078685,
5.89032468756608,6.47673335434532,7.0683896250793,7.66004589581331,8.24645456259254,
8.83286322937177,9.42451950010575),.UNSPECIFIED.);
#947=B_SPLINE_SURFACE_WITH_KNOTS('',1,3,((#1750,#1751,#1752,#1753,#1754,
#1755,#1756,#1757,#1758,#1759,#1760,#1761,#1762,#1763,#1764,#1765,#1766,
#1767,#1768,#1769,#1770,#1771,#1772,#1773,#1774,#1775,#1776,#1777,#1778,
#1779,#1780,#1781,#1782,#1783,#1784,#1785,#1786,#1787,#1788,#1789,#1790,
#1791,#1792,#1793,#1794,#1795,#1796,#1797,#1798,#1799,#1800,#1801,#1802),
(#1803,#1804,#1805,#1806,#1807,#1808,#1809,#1810,#1811,#1812,#1813,#1814,
#1815,#1816,#1817,#1818,#1819,#1820,#1821,#1822,#1823,#1824,#1825,#1826,
#1827,#1828,#1829,#1830,#1831,#1832,#1833,#1834,#1835,#1836,#1837,#1838,
#1839,#1840,#1841,#1842,#1843,#1844,#1845,#1846,#1847,#1848,#1849,#1850,
#1851,#1852,#1853,#1854,#1855),(#1856,#1857,#1858,#1859,#1860,#1861,#1862,
#1863,#1864,#1865,#1866,#1867,#1868,#1869,#1870,#1871,#1872,#1873,#1874,
#1875,#1876,#1877,#1878,#1879,#1880,#1881,#1882,#1883,#1884,#1885,#1886,
#1887,#1888,#1889,#1890,#1891,#1892,#1893,#1894,#1895,#1896,#1897,#1898,
#1899,#1900,#1901,#1902,#1903,#1904,#1905,#1906,#1907,#1908),(#1909,#1910,
#1911,#1912,#1913,#1914,#1915,#1916,#1917,#1918,#1919,#1920,#1921,#1922,
#1923,#1924,#1925,#1926,#1927,#1928,#1929,#1930,#1931,#1932,#1933,#1934,
#1935,#1936,#1937,#1938,#1939,#1940,#1941,#1942,#1943,#1944,#1945,#1946,
#1947,#1948,#1949,#1950,#1951,#1952,#1953,#1954,#1955,#1956,#1957,#1958,
#1959,#1960,#1961),(#1962,#1963,#1964,#1965,#1966,#1967,#1968,#1969,#1970,
#1971,#1972,#1973,#1974,#1975,#1976,#1977,#1978,#1979,#1980,#1981,#1982,
#1983,#1984,#1985,#1986,#1987,#1988,#1989,#1990,#1991,#1992,#1993,#1994,
#1995,#1996,#1997,#1998,#1999,#2000,#2001,#2002,#2003,#2004,#2005,#2006,
#2007,#2008,#2009,#2010,#2011,#2012,#2013,#2014),(#2015,#2016,#2017,#2018,
#2019,#2020,#2021,#2022,#2023,#2024,#2025,#2026,#2027,#2028,#2029,#2030,
#2031,#2032,#2033,#2034,#2035,#2036,#2037,#2038,#2039,#2040,#2041,#2042,
#2043,#2044,#2045,#2046,#2047,#2048,#2049,#2050,#2051,#2052,#2053,#2054,
#2055,#2056,#2057,#2058,#2059,#2060,#2061,#2062,#2063,#2064,#2065,#2066,
#2067),(#2068,#2069,#2070,#2071,#2072,#2073,#2074,#2075,#2076,#2077,#2078,
#2079,#2080,#2081,#2082,#2083,#2084,#2085,#2086,#2087,#2088,#2089,#2090,
#2091,#2092,#2093,#2094,#2095,#2096,#2097,#2098,#2099,#2100,#2101,#2102,
#2103,#2104,#2105,#2106,#2107,#2108,#2109,#2110,#2111,#2112,#2113,#2114,
#2115,#2116,#2117,#2118,#2119,#2120),(#2121,#2122,#2123,#2124,#2125,#2126,
#2127,#2128,#2129,#2130,#2131,#2132,#2133,#2134,#2135,#2136,#2137,#2138,
#2139,#2140,#2141,#2142,#2143,#2144,#2145,#2146,#2147,#2148,#2149,#2150,
#2151,#2152,#2153,#2154,#2155,#2156,#2157,#2158,#2159,#2160,#2161,#2162,
#2163,#2164,#2165,#2166,#2167,#2168,#2169,#2170,#2171,#2172,#2173)),
 .UNSPECIFIED.,.F.,.F.,.F.,(2,1,1,1,1,1,1,2),(4,3,3,3,3,3,3,3,3,3,3,3,3,
3,3,1,3,1,1,1,4),(-4.76008121808036E-15,0.0937499999999956,0.187499999999996,
0.374999999999997,0.749999999999998,0.937499999999999,1.125,1.5),(0.,0.591656270733986,
1.17806493751321,1.76447360429245,2.35612987502645,2.94778614576043,3.53419481253966,
4.12060347931889,4.71225975005288,5.30391602078688,5.89032468756611,6.47673335434533,
7.06838962507932,7.66004589581331,8.24645456259254,8.53965889598215,8.83286322937177,
9.12869136473877,9.27660543242227,9.35056246626402,9.42451950010577),
 .UNSPECIFIED.);
#948=B_SPLINE_SURFACE_WITH_KNOTS('',1,3,((#2175,#2176,#2177,#2178,#2179,
#2180,#2181,#2182,#2183,#2184,#2185,#2186,#2187,#2188,#2189,#2190,#2191,
#2192,#2193,#2194,#2195,#2196,#2197,#2198,#2199,#2200,#2201,#2202,#2203,
#2204,#2205,#2206,#2207,#2208,#2209,#2210,#2211,#2212,#2213,#2214,#2215,
#2216,#2217,#2218,#2219,#2220,#2221,#2222,#2223,#2224,#2225,#2226,#2227),
(#2228,#2229,#2230,#2231,#2232,#2233,#2234,#2235,#2236,#2237,#2238,#2239,
#2240,#2241,#2242,#2243,#2244,#2245,#2246,#2247,#2248,#2249,#2250,#2251,
#2252,#2253,#2254,#2255,#2256,#2257,#2258,#2259,#2260,#2261,#2262,#2263,
#2264,#2265,#2266,#2267,#2268,#2269,#2270,#2271,#2272,#2273,#2274,#2275,
#2276,#2277,#2278,#2279,#2280),(#2281,#2282,#2283,#2284,#2285,#2286,#2287,
#2288,#2289,#2290,#2291,#2292,#2293,#2294,#2295,#2296,#2297,#2298,#2299,
#2300,#2301,#2302,#2303,#2304,#2305,#2306,#2307,#2308,#2309,#2310,#2311,
#2312,#2313,#2314,#2315,#2316,#2317,#2318,#2319,#2320,#2321,#2322,#2323,
#2324,#2325,#2326,#2327,#2328,#2329,#2330,#2331,#2332,#2333),(#2334,#2335,
#2336,#2337,#2338,#2339,#2340,#2341,#2342,#2343,#2344,#2345,#2346,#2347,
#2348,#2349,#2350,#2351,#2352,#2353,#2354,#2355,#2356,#2357,#2358,#2359,
#2360,#2361,#2362,#2363,#2364,#2365,#2366,#2367,#2368,#2369,#2370,#2371,
#2372,#2373,#2374,#2375,#2376,#2377,#2378,#2379,#2380,#2381,#2382,#2383,
#2384,#2385,#2386),(#2387,#2388,#2389,#2390,#2391,#2392,#2393,#2394,#2395,
#2396,#2397,#2398,#2399,#2400,#2401,#2402,#2403,#2404,#2405,#2406,#2407,
#2408,#2409,#2410,#2411,#2412,#2413,#2414,#2415,#2416,#2417,#2418,#2419,
#2420,#2421,#2422,#2423,#2424,#2425,#2426,#2427,#2428,#2429,#2430,#2431,
#2432,#2433,#2434,#2435,#2436,#2437,#2438,#2439),(#2440,#2441,#2442,#2443,
#2444,#2445,#2446,#2447,#2448,#2449,#2450,#2451,#2452,#2453,#2454,#2455,
#2456,#2457,#2458,#2459,#2460,#2461,#2462,#2463,#2464,#2465,#2466,#2467,
#2468,#2469,#2470,#2471,#2472,#2473,#2474,#2475,#2476,#2477,#2478,#2479,
#2480,#2481,#2482,#2483,#2484,#2485,#2486,#2487,#2488,#2489,#2490,#2491,
#2492),(#2493,#2494,#2495,#2496,#2497,#2498,#2499,#2500,#2501,#2502,#2503,
#2504,#2505,#2506,#2507,#2508,#2509,#2510,#2511,#2512,#2513,#2514,#2515,
#2516,#2517,#2518,#2519,#2520,#2521,#2522,#2523,#2524,#2525,#2526,#2527,
#2528,#2529,#2530,#2531,#2532,#2533,#2534,#2535,#2536,#2537,#2538,#2539,
#2540,#2541,#2542,#2543,#2544,#2545),(#2546,#2547,#2548,#2549,#2550,#2551,
#2552,#2553,#2554,#2555,#2556,#2557,#2558,#2559,#2560,#2561,#2562,#2563,
#2564,#2565,#2566,#2567,#2568,#2569,#2570,#2571,#2572,#2573,#2574,#2575,
#2576,#2577,#2578,#2579,#2580,#2581,#2582,#2583,#2584,#2585,#2586,#2587,
#2588,#2589,#2590,#2591,#2592,#2593,#2594,#2595,#2596,#2597,#2598)),
 .UNSPECIFIED.,.F.,.F.,.F.,(2,1,1,1,1,1,1,2),(4,3,3,3,3,3,3,3,3,3,3,3,3,
3,3,1,3,1,1,1,4),(-2.66453525910038E-15,0.0937499999999976,0.187499999999998,
0.374999999999998,0.749999999999999,0.9375,1.125,1.5),(-9.99200722162641E-15,
0.591656270734001,1.17806493751322,1.76447360429243,2.35612987502642,2.9477861457604,
3.53419481253962,4.12060347931885,4.71225975005286,5.30391602078687,5.8903246875661,
6.47673335434532,7.0683896250793,7.6600458958133,8.24645456259255,8.53965889598216,
8.83286322937178,9.12869136473875,9.27660543242223,9.35056246626398,9.42451950010572),
 .UNSPECIFIED.);
#949=B_SPLINE_SURFACE_WITH_KNOTS('',1,3,((#2600,#2601,#2602,#2603,#2604,
#2605,#2606,#2607,#2608,#2609,#2610,#2611,#2612,#2613,#2614,#2615,#2616,
#2617,#2618,#2619,#2620,#2621,#2622,#2623,#2624,#2625,#2626,#2627,#2628,
#2629,#2630,#2631,#2632,#2633,#2634,#2635,#2636,#2637,#2638,#2639,#2640,
#2641,#2642,#2643,#2644,#2645,#2646,#2647,#2648,#2649,#2650,#2651,#2652),
(#2653,#2654,#2655,#2656,#2657,#2658,#2659,#2660,#2661,#2662,#2663,#2664,
#2665,#2666,#2667,#2668,#2669,#2670,#2671,#2672,#2673,#2674,#2675,#2676,
#2677,#2678,#2679,#2680,#2681,#2682,#2683,#2684,#2685,#2686,#2687,#2688,
#2689,#2690,#2691,#2692,#2693,#2694,#2695,#2696,#2697,#2698,#2699,#2700,
#2701,#2702,#2703,#2704,#2705),(#2706,#2707,#2708,#2709,#2710,#2711,#2712,
#2713,#2714,#2715,#2716,#2717,#2718,#2719,#2720,#2721,#2722,#2723,#2724,
#2725,#2726,#2727,#2728,#2729,#2730,#2731,#2732,#2733,#2734,#2735,#2736,
#2737,#2738,#2739,#2740,#2741,#2742,#2743,#2744,#2745,#2746,#2747,#2748,
#2749,#2750,#2751,#2752,#2753,#2754,#2755,#2756,#2757,#2758),(#2759,#2760,
#2761,#2762,#2763,#2764,#2765,#2766,#2767,#2768,#2769,#2770,#2771,#2772,
#2773,#2774,#2775,#2776,#2777,#2778,#2779,#2780,#2781,#2782,#2783,#2784,
#2785,#2786,#2787,#2788,#2789,#2790,#2791,#2792,#2793,#2794,#2795,#2796,
#2797,#2798,#2799,#2800,#2801,#2802,#2803,#2804,#2805,#2806,#2807,#2808,
#2809,#2810,#2811),(#2812,#2813,#2814,#2815,#2816,#2817,#2818,#2819,#2820,
#2821,#2822,#2823,#2824,#2825,#2826,#2827,#2828,#2829,#2830,#2831,#2832,
#2833,#2834,#2835,#2836,#2837,#2838,#2839,#2840,#2841,#2842,#2843,#2844,
#2845,#2846,#2847,#2848,#2849,#2850,#2851,#2852,#2853,#2854,#2855,#2856,
#2857,#2858,#2859,#2860,#2861,#2862,#2863,#2864),(#2865,#2866,#2867,#2868,
#2869,#2870,#2871,#2872,#2873,#2874,#2875,#2876,#2877,#2878,#2879,#2880,
#2881,#2882,#2883,#2884,#2885,#2886,#2887,#2888,#2889,#2890,#2891,#2892,
#2893,#2894,#2895,#2896,#2897,#2898,#2899,#2900,#2901,#2902,#2903,#2904,
#2905,#2906,#2907,#2908,#2909,#2910,#2911,#2912,#2913,#2914,#2915,#2916,
#2917),(#2918,#2919,#2920,#2921,#2922,#2923,#2924,#2925,#2926,#2927,#2928,
#2929,#2930,#2931,#2932,#2933,#2934,#2935,#2936,#2937,#2938,#2939,#2940,
#2941,#2942,#2943,#2944,#2945,#2946,#2947,#2948,#2949,#2950,#2951,#2952,
#2953,#2954,#2955,#2956,#2957,#2958,#2959,#2960,#2961,#2962,#2963,#2964,
#2965,#2966,#2967,#2968,#2969,#2970),(#2971,#2972,#2973,#2974,#2975,#2976,
#2977,#2978,#2979,#2980,#2981,#2982,#2983,#2984,#2985,#2986,#2987,#2988,
#2989,#2990,#2991,#2992,#2993,#2994,#2995,#2996,#2997,#2998,#2999,#3000,
#3001,#3002,#3003,#3004,#3005,#3006,#3007,#3008,#3009,#3010,#3011,#3012,
#3013,#3014,#3015,#3016,#3017,#3018,#3019,#3020,#3021,#3022,#3023)),
 .UNSPECIFIED.,.F.,.F.,.F.,(2,1,1,1,1,1,1,2),(4,1,1,1,3,1,3,3,3,3,3,3,3,
3,3,3,3,3,3,3,4),(3.16540988976044E-8,0.0937500296757177,0.187500027697337,
0.375000023740574,0.750000015827049,0.937500011870287,1.12500000791352,
1.5),(-1.06581410364015E-14,0.0739570338417389,0.147914067683488,0.295828135366988,
0.591656270733986,0.884860604123598,1.17806493751321,1.76447360429243,2.35612987502643,
2.94778614576041,3.53419481253965,4.12060347931889,4.71225975005286,5.30391602078685,
5.89032468756609,6.47673335434532,7.0683896250793,7.66004589581327,8.24645456259251,
8.83286322937174,9.42451950010573),.UNSPECIFIED.);
#950=B_SPLINE_SURFACE_WITH_KNOTS('',1,3,((#3029,#3030,#3031,#3032,#3033,
#3034,#3035,#3036,#3037,#3038,#3039,#3040,#3041,#3042,#3043,#3044,#3045,
#3046,#3047,#3048,#3049,#3050,#3051,#3052,#3053,#3054,#3055,#3056,#3057,
#3058,#3059,#3060,#3061,#3062,#3063,#3064,#3065,#3066,#3067,#3068,#3069,
#3070,#3071,#3072,#3073,#3074,#3075,#3076,#3077,#3078,#3079,#3080,#3081),
(#3082,#3083,#3084,#3085,#3086,#3087,#3088,#3089,#3090,#3091,#3092,#3093,
#3094,#3095,#3096,#3097,#3098,#3099,#3100,#3101,#3102,#3103,#3104,#3105,
#3106,#3107,#3108,#3109,#3110,#3111,#3112,#3113,#3114,#3115,#3116,#3117,
#3118,#3119,#3120,#3121,#3122,#3123,#3124,#3125,#3126,#3127,#3128,#3129,
#3130,#3131,#3132,#3133,#3134),(#3135,#3136,#3137,#3138,#3139,#3140,#3141,
#3142,#3143,#3144,#3145,#3146,#3147,#3148,#3149,#3150,#3151,#3152,#3153,
#3154,#3155,#3156,#3157,#3158,#3159,#3160,#3161,#3162,#3163,#3164,#3165,
#3166,#3167,#3168,#3169,#3170,#3171,#3172,#3173,#3174,#3175,#3176,#3177,
#3178,#3179,#3180,#3181,#3182,#3183,#3184,#3185,#3186,#3187),(#3188,#3189,
#3190,#3191,#3192,#3193,#3194,#3195,#3196,#3197,#3198,#3199,#3200,#3201,
#3202,#3203,#3204,#3205,#3206,#3207,#3208,#3209,#3210,#3211,#3212,#3213,
#3214,#3215,#3216,#3217,#3218,#3219,#3220,#3221,#3222,#3223,#3224,#3225,
#3226,#3227,#3228,#3229,#3230,#3231,#3232,#3233,#3234,#3235,#3236,#3237,
#3238,#3239,#3240),(#3241,#3242,#3243,#3244,#3245,#3246,#3247,#3248,#3249,
#3250,#3251,#3252,#3253,#3254,#3255,#3256,#3257,#3258,#3259,#3260,#3261,
#3262,#3263,#3264,#3265,#3266,#3267,#3268,#3269,#3270,#3271,#3272,#3273,
#3274,#3275,#3276,#3277,#3278,#3279,#3280,#3281,#3282,#3283,#3284,#3285,
#3286,#3287,#3288,#3289,#3290,#3291,#3292,#3293),(#3294,#3295,#3296,#3297,
#3298,#3299,#3300,#3301,#3302,#3303,#3304,#3305,#3306,#3307,#3308,#3309,
#3310,#3311,#3312,#3313,#3314,#3315,#3316,#3317,#3318,#3319,#3320,#3321,
#3322,#3323,#3324,#3325,#3326,#3327,#3328,#3329,#3330,#3331,#3332,#3333,
#3334,#3335,#3336,#3337,#3338,#3339,#3340,#3341,#3342,#3343,#3344,#3345,
#3346),(#3347,#3348,#3349,#3350,#3351,#3352,#3353,#3354,#3355,#3356,#3357,
#3358,#3359,#3360,#3361,#3362,#3363,#3364,#3365,#3366,#3367,#3368,#3369,
#3370,#3371,#3372,#3373,#3374,#3375,#3376,#3377,#3378,#3379,#3380,#3381,
#3382,#3383,#3384,#3385,#3386,#3387,#3388,#3389,#3390,#3391,#3392,#3393,
#3394,#3395,#3396,#3397,#3398,#3399),(#3400,#3401,#3402,#3403,#3404,#3405,
#3406,#3407,#3408,#3409,#3410,#3411,#3412,#3413,#3414,#3415,#3416,#3417,
#3418,#3419,#3420,#3421,#3422,#3423,#3424,#3425,#3426,#3427,#3428,#3429,
#3430,#3431,#3432,#3433,#3434,#3435,#3436,#3437,#3438,#3439,#3440,#3441,
#3442,#3443,#3444,#3445,#3446,#3447,#3448,#3449,#3450,#3451,#3452)),
 .UNSPECIFIED.,.F.,.F.,.F.,(2,1,1,1,1,1,1,2),(4,3,3,3,3,3,3,3,3,3,3,3,3,
3,3,1,3,1,1,1,4),(3.31561911676159E-8,0.0937500310839293,0.187500029011667,
0.375000024867144,0.750000016578096,0.937500012433573,1.12500000828905,
1.5),(9.42451950010572,10.0161757708397,10.6025844376189,11.1889931043982,
11.7806493751321,12.3723056458662,12.9587143126454,13.5451229794246,14.1367792501586,
14.7284355208926,15.3148441876718,15.9012528544511,16.492909125185,17.084565395919,
17.6709740626982,17.9641783960878,18.2573827294775,18.5532108648445,18.701124932528,
18.7750819663698,18.8490390002115),.UNSPECIFIED.);
#951=B_SPLINE_SURFACE_WITH_KNOTS('',1,3,((#3453,#3454,#3455,#3456,#3457,
#3458,#3459,#3460,#3461,#3462,#3463,#3464,#3465,#3466,#3467,#3468,#3469,
#3470,#3471,#3472,#3473,#3474,#3475,#3476,#3477,#3478,#3479,#3480,#3481,
#3482,#3483,#3484,#3485,#3486,#3487,#3488,#3489,#3490,#3491,#3492,#3493,
#3494,#3495,#3496,#3497,#3498,#3499,#3500,#3501,#3502,#3503,#3504,#3505),
(#3506,#3507,#3508,#3509,#3510,#3511,#3512,#3513,#3514,#3515,#3516,#3517,
#3518,#3519,#3520,#3521,#3522,#3523,#3524,#3525,#3526,#3527,#3528,#3529,
#3530,#3531,#3532,#3533,#3534,#3535,#3536,#3537,#3538,#3539,#3540,#3541,
#3542,#3543,#3544,#3545,#3546,#3547,#3548,#3549,#3550,#3551,#3552,#3553,
#3554,#3555,#3556,#3557,#3558),(#3559,#3560,#3561,#3562,#3563,#3564,#3565,
#3566,#3567,#3568,#3569,#3570,#3571,#3572,#3573,#3574,#3575,#3576,#3577,
#3578,#3579,#3580,#3581,#3582,#3583,#3584,#3585,#3586,#3587,#3588,#3589,
#3590,#3591,#3592,#3593,#3594,#3595,#3596,#3597,#3598,#3599,#3600,#3601,
#3602,#3603,#3604,#3605,#3606,#3607,#3608,#3609,#3610,#3611),(#3612,#3613,
#3614,#3615,#3616,#3617,#3618,#3619,#3620,#3621,#3622,#3623,#3624,#3625,
#3626,#3627,#3628,#3629,#3630,#3631,#3632,#3633,#3634,#3635,#3636,#3637,
#3638,#3639,#3640,#3641,#3642,#3643,#3644,#3645,#3646,#3647,#3648,#3649,
#3650,#3651,#3652,#3653,#3654,#3655,#3656,#3657,#3658,#3659,#3660,#3661,
#3662,#3663,#3664),(#3665,#3666,#3667,#3668,#3669,#3670,#3671,#3672,#3673,
#3674,#3675,#3676,#3677,#3678,#3679,#3680,#3681,#3682,#3683,#3684,#3685,
#3686,#3687,#3688,#3689,#3690,#3691,#3692,#3693,#3694,#3695,#3696,#3697,
#3698,#3699,#3700,#3701,#3702,#3703,#3704,#3705,#3706,#3707,#3708,#3709,
#3710,#3711,#3712,#3713,#3714,#3715,#3716,#3717),(#3718,#3719,#3720,#3721,
#3722,#3723,#3724,#3725,#3726,#3727,#3728,#3729,#3730,#3731,#3732,#3733,
#3734,#3735,#3736,#3737,#3738,#3739,#3740,#3741,#3742,#3743,#3744,#3745,
#3746,#3747,#3748,#3749,#3750,#3751,#3752,#3753,#3754,#3755,#3756,#3757,
#3758,#3759,#3760,#3761,#3762,#3763,#3764,#3765,#3766,#3767,#3768,#3769,
#3770),(#3771,#3772,#3773,#3774,#3775,#3776,#3777,#3778,#3779,#3780,#3781,
#3782,#3783,#3784,#3785,#3786,#3787,#3788,#3789,#3790,#3791,#3792,#3793,
#3794,#3795,#3796,#3797,#3798,#3799,#3800,#3801,#3802,#3803,#3804,#3805,
#3806,#3807,#3808,#3809,#3810,#3811,#3812,#3813,#3814,#3815,#3816,#3817,
#3818,#3819,#3820,#3821,#3822,#3823),(#3824,#3825,#3826,#3827,#3828,#3829,
#3830,#3831,#3832,#3833,#3834,#3835,#3836,#3837,#3838,#3839,#3840,#3841,
#3842,#3843,#3844,#3845,#3846,#3847,#3848,#3849,#3850,#3851,#3852,#3853,
#3854,#3855,#3856,#3857,#3858,#3859,#3860,#3861,#3862,#3863,#3864,#3865,
#3866,#3867,#3868,#3869,#3870,#3871,#3872,#3873,#3874,#3875,#3876)),
 .UNSPECIFIED.,.F.,.F.,.F.,(2,1,1,1,1,1,1,2),(4,1,1,1,3,1,3,3,3,3,3,3,3,
3,3,3,3,3,3,3,4),(-4.45476988630844E-15,0.0937499999999958,0.187499999999996,
0.374999999999997,0.749999999999998,0.937499999999998,1.125,1.5),(9.42451950010572,
9.49847653394747,9.57243356778921,9.72034763547271,10.0161757708397,10.3093801042293,
10.6025844376189,11.1889931043982,11.7806493751322,12.3723056458662,12.9587143126454,
13.5451229794246,14.1367792501586,14.7284355208926,15.3148441876718,15.901252854451,
16.492909125185,17.084565395919,17.6709740626982,18.2573827294775,18.8490390002115),
 .UNSPECIFIED.);
#952=B_SPLINE_SURFACE_WITH_KNOTS('',1,3,((#3877,#3878,#3879,#3880,#3881,
#3882,#3883,#3884,#3885,#3886,#3887,#3888,#3889,#3890,#3891,#3892,#3893,
#3894,#3895,#3896,#3897,#3898,#3899,#3900,#3901,#3902,#3903,#3904,#3905,
#3906,#3907,#3908,#3909,#3910,#3911,#3912,#3913,#3914,#3915,#3916,#3917,
#3918,#3919,#3920,#3921,#3922,#3923,#3924,#3925,#3926,#3927,#3928,#3929),
(#3930,#3931,#3932,#3933,#3934,#3935,#3936,#3937,#3938,#3939,#3940,#3941,
#3942,#3943,#3944,#3945,#3946,#3947,#3948,#3949,#3950,#3951,#3952,#3953,
#3954,#3955,#3956,#3957,#3958,#3959,#3960,#3961,#3962,#3963,#3964,#3965,
#3966,#3967,#3968,#3969,#3970,#3971,#3972,#3973,#3974,#3975,#3976,#3977,
#3978,#3979,#3980,#3981,#3982),(#3983,#3984,#3985,#3986,#3987,#3988,#3989,
#3990,#3991,#3992,#3993,#3994,#3995,#3996,#3997,#3998,#3999,#4000,#4001,
#4002,#4003,#4004,#4005,#4006,#4007,#4008,#4009,#4010,#4011,#4012,#4013,
#4014,#4015,#4016,#4017,#4018,#4019,#4020,#4021,#4022,#4023,#4024,#4025,
#4026,#4027,#4028,#4029,#4030,#4031,#4032,#4033,#4034,#4035),(#4036,#4037,
#4038,#4039,#4040,#4041,#4042,#4043,#4044,#4045,#4046,#4047,#4048,#4049,
#4050,#4051,#4052,#4053,#4054,#4055,#4056,#4057,#4058,#4059,#4060,#4061,
#4062,#4063,#4064,#4065,#4066,#4067,#4068,#4069,#4070,#4071,#4072,#4073,
#4074,#4075,#4076,#4077,#4078,#4079,#4080,#4081,#4082,#4083,#4084,#4085,
#4086,#4087,#4088),(#4089,#4090,#4091,#4092,#4093,#4094,#4095,#4096,#4097,
#4098,#4099,#4100,#4101,#4102,#4103,#4104,#4105,#4106,#4107,#4108,#4109,
#4110,#4111,#4112,#4113,#4114,#4115,#4116,#4117,#4118,#4119,#4120,#4121,
#4122,#4123,#4124,#4125,#4126,#4127,#4128,#4129,#4130,#4131,#4132,#4133,
#4134,#4135,#4136,#4137,#4138,#4139,#4140,#4141),(#4142,#4143,#4144,#4145,
#4146,#4147,#4148,#4149,#4150,#4151,#4152,#4153,#4154,#4155,#4156,#4157,
#4158,#4159,#4160,#4161,#4162,#4163,#4164,#4165,#4166,#4167,#4168,#4169,
#4170,#4171,#4172,#4173,#4174,#4175,#4176,#4177,#4178,#4179,#4180,#4181,
#4182,#4183,#4184,#4185,#4186,#4187,#4188,#4189,#4190,#4191,#4192,#4193,
#4194),(#4195,#4196,#4197,#4198,#4199,#4200,#4201,#4202,#4203,#4204,#4205,
#4206,#4207,#4208,#4209,#4210,#4211,#4212,#4213,#4214,#4215,#4216,#4217,
#4218,#4219,#4220,#4221,#4222,#4223,#4224,#4225,#4226,#4227,#4228,#4229,
#4230,#4231,#4232,#4233,#4234,#4235,#4236,#4237,#4238,#4239,#4240,#4241,
#4242,#4243,#4244,#4245,#4246,#4247),(#4248,#4249,#4250,#4251,#4252,#4253,
#4254,#4255,#4256,#4257,#4258,#4259,#4260,#4261,#4262,#4263,#4264,#4265,
#4266,#4267,#4268,#4269,#4270,#4271,#4272,#4273,#4274,#4275,#4276,#4277,
#4278,#4279,#4280,#4281,#4282,#4283,#4284,#4285,#4286,#4287,#4288,#4289,
#4290,#4291,#4292,#4293,#4294,#4295,#4296,#4297,#4298,#4299,#4300)),
 .UNSPECIFIED.,.F.,.F.,.F.,(2,1,1,1,1,1,1,2),(4,1,1,1,3,1,3,3,3,3,3,3,3,
3,3,3,3,3,3,3,4),(-9.71445146547012E-17,0.09375,0.1875,0.375,0.750000000000001,
0.937500000000001,1.125,1.5),(9.42451950010571,9.49847653394746,9.57243356778921,
9.72034763547271,10.0161757708397,10.3093801042293,10.6025844376189,11.1889931043981,
11.7806493751321,12.3723056458661,12.9587143126453,13.5451229794246,14.1367792501586,
14.7284355208926,15.3148441876718,15.901252854451,16.492909125185,17.084565395919,
17.6709740626982,18.2573827294775,18.8490390002115),.UNSPECIFIED.);
#953=B_SPLINE_SURFACE_WITH_KNOTS('',1,3,((#4301,#4302,#4303,#4304,#4305,
#4306,#4307,#4308,#4309,#4310,#4311,#4312,#4313,#4314,#4315,#4316,#4317,
#4318,#4319,#4320,#4321,#4322,#4323,#4324,#4325,#4326,#4327,#4328,#4329,
#4330,#4331,#4332,#4333,#4334,#4335,#4336,#4337,#4338,#4339,#4340,#4341,
#4342,#4343,#4344,#4345,#4346,#4347,#4348,#4349,#4350,#4351,#4352,#4353),
(#4354,#4355,#4356,#4357,#4358,#4359,#4360,#4361,#4362,#4363,#4364,#4365,
#4366,#4367,#4368,#4369,#4370,#4371,#4372,#4373,#4374,#4375,#4376,#4377,
#4378,#4379,#4380,#4381,#4382,#4383,#4384,#4385,#4386,#4387,#4388,#4389,
#4390,#4391,#4392,#4393,#4394,#4395,#4396,#4397,#4398,#4399,#4400,#4401,
#4402,#4403,#4404,#4405,#4406),(#4407,#4408,#4409,#4410,#4411,#4412,#4413,
#4414,#4415,#4416,#4417,#4418,#4419,#4420,#4421,#4422,#4423,#4424,#4425,
#4426,#4427,#4428,#4429,#4430,#4431,#4432,#4433,#4434,#4435,#4436,#4437,
#4438,#4439,#4440,#4441,#4442,#4443,#4444,#4445,#4446,#4447,#4448,#4449,
#4450,#4451,#4452,#4453,#4454,#4455,#4456,#4457,#4458,#4459),(#4460,#4461,
#4462,#4463,#4464,#4465,#4466,#4467,#4468,#4469,#4470,#4471,#4472,#4473,
#4474,#4475,#4476,#4477,#4478,#4479,#4480,#4481,#4482,#4483,#4484,#4485,
#4486,#4487,#4488,#4489,#4490,#4491,#4492,#4493,#4494,#4495,#4496,#4497,
#4498,#4499,#4500,#4501,#4502,#4503,#4504,#4505,#4506,#4507,#4508,#4509,
#4510,#4511,#4512),(#4513,#4514,#4515,#4516,#4517,#4518,#4519,#4520,#4521,
#4522,#4523,#4524,#4525,#4526,#4527,#4528,#4529,#4530,#4531,#4532,#4533,
#4534,#4535,#4536,#4537,#4538,#4539,#4540,#4541,#4542,#4543,#4544,#4545,
#4546,#4547,#4548,#4549,#4550,#4551,#4552,#4553,#4554,#4555,#4556,#4557,
#4558,#4559,#4560,#4561,#4562,#4563,#4564,#4565),(#4566,#4567,#4568,#4569,
#4570,#4571,#4572,#4573,#4574,#4575,#4576,#4577,#4578,#4579,#4580,#4581,
#4582,#4583,#4584,#4585,#4586,#4587,#4588,#4589,#4590,#4591,#4592,#4593,
#4594,#4595,#4596,#4597,#4598,#4599,#4600,#4601,#4602,#4603,#4604,#4605,
#4606,#4607,#4608,#4609,#4610,#4611,#4612,#4613,#4614,#4615,#4616,#4617,
#4618),(#4619,#4620,#4621,#4622,#4623,#4624,#4625,#4626,#4627,#4628,#4629,
#4630,#4631,#4632,#4633,#4634,#4635,#4636,#4637,#4638,#4639,#4640,#4641,
#4642,#4643,#4644,#4645,#4646,#4647,#4648,#4649,#4650,#4651,#4652,#4653,
#4654,#4655,#4656,#4657,#4658,#4659,#4660,#4661,#4662,#4663,#4664,#4665,
#4666,#4667,#4668,#4669,#4670,#4671),(#4672,#4673,#4674,#4675,#4676,#4677,
#4678,#4679,#4680,#4681,#4682,#4683,#4684,#4685,#4686,#4687,#4688,#4689,
#4690,#4691,#4692,#4693,#4694,#4695,#4696,#4697,#4698,#4699,#4700,#4701,
#4702,#4703,#4704,#4705,#4706,#4707,#4708,#4709,#4710,#4711,#4712,#4713,
#4714,#4715,#4716,#4717,#4718,#4719,#4720,#4721,#4722,#4723,#4724)),
 .UNSPECIFIED.,.F.,.F.,.F.,(2,1,1,1,1,1,1,2),(4,3,3,3,3,3,3,3,3,3,3,3,3,
3,3,1,3,1,1,1,4),(3.18642988939022E-8,0.0937500298727802,0.187500027881262,
0.375000023898224,0.750000015932149,0.937500011949112,1.12500000796607,
1.5),(9.4245195001057,10.0161757708397,10.6025844376189,11.1889931043982,
11.7806493751321,12.3723056458661,12.9587143126453,13.5451229794246,14.1367792501585,
14.7284355208925,15.3148441876718,15.901252854451,16.492909125185,17.084565395919,
17.6709740626982,17.9641783960878,18.2573827294774,18.5532108648444,18.7011249325279,
18.7750819663697,18.8490390002114),.UNSPECIFIED.);
#954=PLANE('',#1074);
#955=PLANE('',#1075);
#956=PLANE('',#1076);
#957=PLANE('',#1077);
#958=PLANE('',#1078);
#959=PLANE('',#1079);
#960=PLANE('',#1080);
#961=PLANE('',#1081);
#962=PLANE('',#1082);
#963=PLANE('',#1083);
#964=PLANE('',#1084);
#965=PLANE('',#1085);
#966=PLANE('',#1086);
#967=PLANE('',#1087);
#968=PLANE('',#1088);
#969=PLANE('',#1089);
#970=PLANE('',#1090);
#971=PLANE('',#1091);
#972=PLANE('',#1092);
#973=PLANE('',#1093);
#974=PLANE('',#1094);
#975=PLANE('',#1095);
#976=PLANE('',#1096);
#977=PLANE('',#1097);
#978=PLANE('',#1099);
#979=PLANE('',#1101);
#980=PLANE('',#1103);
#981=PLANE('',#1105);
#982=PLANE('',#1110);
#983=PLANE('',#1111);
#984=PLANE('',#1112);
#985=PLANE('',#1113);
#986=SHAPE_DEFINITION_REPRESENTATION(#987,#1072);
#987=PRODUCT_DEFINITION_SHAPE('Document','',#989);
#988=PRODUCT_DEFINITION_CONTEXT('3D Mechanical Parts',#1061,'design');
#989=PRODUCT_DEFINITION('A','First version',#1031,#988);
#990=DATE_TIME_ROLE('classification_date');
#991=DATE_TIME_ROLE('creation_date');
#992=APPLIED_DATE_AND_TIME_ASSIGNMENT(#1016,#990,(#995));
#993=APPLIED_DATE_AND_TIME_ASSIGNMENT(#1018,#991,(#989));
#994=SECURITY_CLASSIFICATION_LEVEL('unclassified');
#995=SECURITY_CLASSIFICATION('A','Security for version',#994);
#996=APPLIED_SECURITY_CLASSIFICATION_ASSIGNMENT(#995,(#1031));
#997=APPROVAL_ROLE('Version approval');
#998=APPROVAL_ROLE('Version Security approval');
#999=APPROVAL_ROLE('Definition approval');
#1000=APPROVAL_PERSON_ORGANIZATION(#1049,#1025,#997);
#1001=APPROVAL_PERSON_ORGANIZATION(#1050,#1026,#998);
#1002=APPROVAL_PERSON_ORGANIZATION(#1053,#1027,#999);
#1003=COORDINATED_UNIVERSAL_TIME_OFFSET(5,0,.BEHIND.);
#1004=LOCAL_TIME(0,0,0.,#1003);
#1005=LOCAL_TIME(0,0,0.,#1003);
#1006=LOCAL_TIME(0,0,0.,#1003);
#1007=LOCAL_TIME(0,0,0.,#1003);
#1008=LOCAL_TIME(0,0,0.,#1003);
#1009=CALENDAR_DATE(1999,1,1);
#1010=CALENDAR_DATE(1999,1,1);
#1011=CALENDAR_DATE(1999,1,1);
#1012=CALENDAR_DATE(1999,1,1);
#1013=CALENDAR_DATE(1999,1,1);
#1014=DATE_AND_TIME(#1009,#1004);
#1015=DATE_AND_TIME(#1010,#1005);
#1016=DATE_AND_TIME(#1011,#1006);
#1017=DATE_AND_TIME(#1012,#1007);
#1018=DATE_AND_TIME(#1013,#1008);
#1019=APPROVAL_DATE_TIME(#1014,#1025);
#1020=APPROVAL_DATE_TIME(#1015,#1026);
#1021=APPROVAL_DATE_TIME(#1017,#1027);
#1022=APPROVAL_STATUS('not_yet_approved');
#1023=APPROVAL_STATUS('not_yet_approved');
#1024=APPROVAL_STATUS('approved');
#1025=APPROVAL(#1022,'Version approval');
#1026=APPROVAL(#1023,'Version Security approval');
#1027=APPROVAL(#1024,'Definition approval');
#1028=APPLIED_APPROVAL_ASSIGNMENT(#1025,(#1031));
#1029=APPLIED_APPROVAL_ASSIGNMENT(#1026,(#995));
#1030=APPLIED_APPROVAL_ASSIGNMENT(#1027,(#989));
#1031=PRODUCT_DEFINITION_FORMATION_WITH_SPECIFIED_SOURCE('A',
'First version',#1063,.MADE.);
#1032=PERSON_AND_ORGANIZATION_ROLE('design_owner');
#1033=PERSON_AND_ORGANIZATION_ROLE('creator');
#1034=PERSON_AND_ORGANIZATION_ROLE('design_supplier');
#1035=PERSON_AND_ORGANIZATION_ROLE('classification_officer');
#1036=PERSON_AND_ORGANIZATION_ROLE('creator');
#1037=ORGANIZATION('STI','lab','lab');
#1038=ORGANIZATION('STI','unknown','unknown');
#1039=ORGANIZATION('STI','unknown','unknown');
#1040=ORGANIZATION('STI','unknown','unknown');
#1041=ORGANIZATION('STI','unknown','unknown');
#1042=ORGANIZATION('STI','unknown','unknown');
#1043=ORGANIZATION('STI','unknown','unknown');
#1044=PERSON('1','Box','vc60',$,$,$);
#1045=PERSON('2','last','first',$,$,$);
#1046=PERSON('3','President','Mr.',$,$,$);
#1047=PERSON_AND_ORGANIZATION(#1044,#1037);
#1048=PERSON_AND_ORGANIZATION(#1045,#1038);
#1049=PERSON_AND_ORGANIZATION(#1046,#1039);
#1050=PERSON_AND_ORGANIZATION(#1046,#1040);
#1051=PERSON_AND_ORGANIZATION(#1046,#1041);
#1052=PERSON_AND_ORGANIZATION(#1045,#1042);
#1053=PERSON_AND_ORGANIZATION(#1046,#1043);
#1054=APPLIED_PERSON_AND_ORGANIZATION_ASSIGNMENT(#1047,#1032,(#1063));
#1055=APPLIED_PERSON_AND_ORGANIZATION_ASSIGNMENT(#1048,#1033,(#1031));
#1056=APPLIED_PERSON_AND_ORGANIZATION_ASSIGNMENT(#1048,#1034,(#1031));
#1057=APPLIED_PERSON_AND_ORGANIZATION_ASSIGNMENT(#1051,#1035,(#995));
#1058=APPLIED_PERSON_AND_ORGANIZATION_ASSIGNMENT(#1052,#1036,(#989));
#1059=PRODUCT_RELATED_PRODUCT_CATEGORY('detail','detail',(#1063));
#1060=APPLICATION_PROTOCOL_DEFINITION('International Standard',
'config_control_design',1994,#1061);
#1061=APPLICATION_CONTEXT(
'configuration controlled 3d designs of mechanical parts and assemblie
s');
#1062=PRODUCT_CONTEXT('3D Mechanical Parts',#1061,'mechanical');
#1063=PRODUCT('Document','Document','',(#1062));
#1064=(
LENGTH_UNIT()
NAMED_UNIT(*)
SI_UNIT(.MILLI.,.METRE.)
);
#1065=(
NAMED_UNIT(*)
PLANE_ANGLE_UNIT()
SI_UNIT($,.RADIAN.)
);
#1066=DIMENSIONAL_EXPONENTS(0.,0.,0.,0.,0.,0.,0.);
#1067=PLANE_ANGLE_MEASURE_WITH_UNIT(PLANE_ANGLE_MEASURE(0.01745329252),
#1065);
#1068=(
CONVERSION_BASED_UNIT('DEGREES',#1067)
NAMED_UNIT(#1066)
PLANE_ANGLE_UNIT()
);
#1069=(
NAMED_UNIT(*)
SI_UNIT($,.STERADIAN.)
SOLID_ANGLE_UNIT()
);
#1070=UNCERTAINTY_MEASURE_WITH_UNIT(LENGTH_MEASURE(0.001),#1064,
'DISTANCE_ACCURACY_VALUE',
'Maximum model space distance between geometric entities at asserted c
onnectivities');
#1071=(
GEOMETRIC_REPRESENTATION_CONTEXT(3)
GLOBAL_UNCERTAINTY_ASSIGNED_CONTEXT((#1070))
GLOBAL_UNIT_ASSIGNED_CONTEXT((#1069,#1068,#1064))
REPRESENTATION_CONTEXT('ID1','3D')
);
#1072=SHAPE_REPRESENTATION('Document',(#1073,#1118),#1071);
#1073=AXIS2_PLACEMENT_3D('',#1167,#1119,#1120);
#1074=AXIS2_PLACEMENT_3D('',#1168,#1121,$);
#1075=AXIS2_PLACEMENT_3D('',#1241,#1122,$);
#1076=AXIS2_PLACEMENT_3D('',#1291,#1123,$);
#1077=AXIS2_PLACEMENT_3D('',#1292,#1124,$);
#1078=AXIS2_PLACEMENT_3D('',#1293,#1125,$);
#1079=AXIS2_PLACEMENT_3D('',#1294,#1126,$);
#1080=AXIS2_PLACEMENT_3D('',#1295,#1127,$);
#1081=AXIS2_PLACEMENT_3D('',#1296,#1128,$);
#1082=AXIS2_PLACEMENT_3D('',#1297,#1129,$);
#1083=AXIS2_PLACEMENT_3D('',#1298,#1130,$);
#1084=AXIS2_PLACEMENT_3D('',#1299,#1131,$);
#1085=AXIS2_PLACEMENT_3D('',#1300,#1132,$);
#1086=AXIS2_PLACEMENT_3D('',#1301,#1133,$);
#1087=AXIS2_PLACEMENT_3D('',#1302,#1134,$);
#1088=AXIS2_PLACEMENT_3D('',#1303,#1135,$);
#1089=AXIS2_PLACEMENT_3D('',#1304,#1136,$);
#1090=AXIS2_PLACEMENT_3D('',#1305,#1137,$);
#1091=AXIS2_PLACEMENT_3D('',#1306,#1138,$);
#1092=AXIS2_PLACEMENT_3D('',#1307,#1139,$);
#1093=AXIS2_PLACEMENT_3D('',#1308,#1140,$);
#1094=AXIS2_PLACEMENT_3D('',#1309,#1141,$);
#1095=AXIS2_PLACEMENT_3D('',#1310,#1142,$);
#1096=AXIS2_PLACEMENT_3D('',#1311,#1143,$);
#1097=AXIS2_PLACEMENT_3D('',#1312,#1144,$);
#1098=AXIS2_PLACEMENT_3D('',#1313,#1145,$);
#1099=AXIS2_PLACEMENT_3D('',#1314,#1146,$);
#1100=AXIS2_PLACEMENT_3D('',#1315,#1147,$);
#1101=AXIS2_PLACEMENT_3D('',#1316,#1148,$);
#1102=AXIS2_PLACEMENT_3D('',#1317,#1149,$);
#1103=AXIS2_PLACEMENT_3D('',#1318,#1150,$);
#1104=AXIS2_PLACEMENT_3D('',#1319,#1151,$);
#1105=AXIS2_PLACEMENT_3D('',#1320,#1152,$);
#1106=AXIS2_PLACEMENT_3D('',#1321,#1153,$);
#1107=AXIS2_PLACEMENT_3D('',#1322,#1154,$);
#1108=AXIS2_PLACEMENT_3D('',#1323,#1155,$);
#1109=AXIS2_PLACEMENT_3D('',#1324,#1156,$);
#1110=AXIS2_PLACEMENT_3D('',#1749,#1157,$);
#1111=AXIS2_PLACEMENT_3D('',#2174,#1158,$);
#1112=AXIS2_PLACEMENT_3D('',#2599,#1159,$);
#1113=AXIS2_PLACEMENT_3D('',#3024,#1160,$);
#1114=AXIS2_PLACEMENT_3D('',#3025,#1161,$);
#1115=AXIS2_PLACEMENT_3D('',#3026,#1162,$);
#1116=AXIS2_PLACEMENT_3D('',#3027,#1163,$);
#1117=AXIS2_PLACEMENT_3D('',#3028,#1164,$);
#1118=AXIS2_PLACEMENT_3D('',#6038,#1165,#1166);
#1119=DIRECTION('',(0.,0.,1.));
#1120=DIRECTION('',(1.,0.,0.));
#1121=DIRECTION('',(1.09054378311866E-14,0.593533233233556,0.804809481211126));
#1122=DIRECTION('',(-1.28924648734596E-14,4.96639438740676E-8,-0.999999999999999));
#1123=DIRECTION('',(1.19015621975196E-14,-0.593532963755663,0.804809679946395));
#1124=DIRECTION('',(0.,1.,0.));
#1125=DIRECTION('',(0.,0.,1.));
#1126=DIRECTION('',(1.,0.,0.));
#1127=DIRECTION('',(1.,0.,0.));
#1128=DIRECTION('',(0.,0.,1.));
#1129=DIRECTION('',(0.,-1.,0.));
#1130=DIRECTION('',(1.,0.,0.));
#1131=DIRECTION('',(0.,1.,0.));
#1132=DIRECTION('',(0.,0.,1.));
#1133=DIRECTION('',(-1.,0.,0.));
#1134=DIRECTION('',(0.,1.,0.));
#1135=DIRECTION('',(9.99200722162587E-16,-0.999999999999946,3.27632314167658E-7));
#1136=DIRECTION('',(1.29618538124987E-14,-5.0550341246236E-8,0.999999999999999));
#1137=DIRECTION('',(-1.,0.,0.));
#1138=DIRECTION('',(1.29340982368831E-14,-5.05503412462361E-8,0.999999999999999));
#1139=DIRECTION('',(0.,1.,0.));
#1140=DIRECTION('',(0.,-1.,0.));
#1141=DIRECTION('',(0.,0.,1.));
#1142=DIRECTION('',(0.,0.,1.));
#1143=DIRECTION('',(0.,-1.,0.));
#1144=DIRECTION('',(-1.,0.,0.));
#1145=DIRECTION('',(0.,0.,-1.));
#1146=DIRECTION('',(0.,1.,0.));
#1147=DIRECTION('',(-5.1792415889895E-16,-5.1792415889895E-16,-1.));
#1148=DIRECTION('',(1.,0.,0.));
#1149=DIRECTION('',(0.,0.,-1.));
#1150=DIRECTION('',(0.,-1.,0.));
#1151=DIRECTION('',(5.17924158898949E-16,5.17924158898949E-16,-1.));
#1152=DIRECTION('',(-1.,0.,0.));
#1153=DIRECTION('',(1.53950926081355E-14,-1.53950926081355E-14,-1.));
#1154=DIRECTION('',(1.30266168222682E-14,-1.53950926081357E-14,-1.));
#1155=DIRECTION('',(0.,0.,-1.));
#1156=DIRECTION('',(0.,0.,-1.));
#1157=DIRECTION('',(0.,0.,-1.));
#1158=DIRECTION('',(0.,0.,-1.));
#1159=DIRECTION('',(0.,0.,-1.));
#1160=DIRECTION('',(0.,0.,-1.));
#1161=DIRECTION('',(-1.42108547152021E-14,-1.53950926081355E-14,-1.));
#1162=DIRECTION('',(-1.06581410364017E-14,-1.53950926081355E-14,-1.));
#1163=DIRECTION('',(0.,0.,-1.));
#1164=DIRECTION('',(0.,0.,-1.));
#1165=DIRECTION('',(0.,0.,1.));
#1166=DIRECTION('',(1.,0.,0.));
#1167=CARTESIAN_POINT('',(0.,0.,0.));
#1168=CARTESIAN_POINT('',(39.0000004938437,-20.5564942942719,14.3688331927073));
#1169=CARTESIAN_POINT('',(39.0000004938436,-15.5596753967577,10.6837646822555));
#1170=CARTESIAN_POINT('',(35.6666671605103,-15.5596753967577,10.6837646822556));
#1171=CARTESIAN_POINT('',(29.0000004938437,-15.5596753967577,10.6837646822557));
#1172=CARTESIAN_POINT('',(15.6666671605104,-15.5596753967577,10.6837646822558));
#1173=CARTESIAN_POINT('',(-0.999999506156058,-15.5596753967577,10.6837646822561));
#1174=CARTESIAN_POINT('',(-17.6666661728225,-15.5596753967577,10.6837646822563));
#1175=CARTESIAN_POINT('',(-30.9999995061558,-15.5596753967577,10.6837646822565));
#1176=CARTESIAN_POINT('',(-37.6666661728224,-15.5596753967577,10.6837646822566));
#1177=CARTESIAN_POINT('',(-40.9999995061557,-15.5596753967577,10.6837646822566));
#1178=CARTESIAN_POINT('',(39.0000004938436,-15.9659462918837,10.4060149081612));
#1179=CARTESIAN_POINT('',(35.6666670286729,-15.9659461135685,10.4163153501728));
#1180=CARTESIAN_POINT('',(29.0000002523928,-15.9659458832329,10.4169528211265));
#1181=CARTESIAN_POINT('',(15.6666670414338,-15.9659458530767,10.4166763833849));
#1182=CARTESIAN_POINT('',(-0.999999474789162,-15.9659458498766,10.4166859837345));
#1183=CARTESIAN_POINT('',(-17.6666659910122,-15.9659458466764,10.416695584084));
#1184=CARTESIAN_POINT('',(-30.999999205834,-15.9659458717473,10.4169946505553));
#1185=CARTESIAN_POINT('',(-37.6666660147941,-15.9659461075355,10.4163759328851));
#1186=CARTESIAN_POINT('',(-40.9999995061557,-15.9659462918837,10.4060149081623));
#1187=CARTESIAN_POINT('',(39.0000004938436,-16.7784880821357,9.85051535997267));
#1188=CARTESIAN_POINT('',(35.6666668968352,-16.7784877255056,9.87111624399599));
#1189=CARTESIAN_POINT('',(29.000000010942,-16.7784872648342,9.87239118590324));
#1190=CARTESIAN_POINT('',(15.6666669223579,-16.7784872045225,9.87183831041999));
#1191=CARTESIAN_POINT('',(-0.999999443421612,-16.7784871981222,9.87185751111889));
#1192=CARTESIAN_POINT('',(-17.6666658092012,-16.7784871917217,9.87187671181773));
#1193=CARTESIAN_POINT('',(-30.9999989055121,-16.778487241863,9.87247484475994));
#1194=CARTESIAN_POINT('',(-37.666665856766,-16.7784877134395,9.87123740941947));
#1195=CARTESIAN_POINT('',(-40.9999995061558,-16.7784880821357,9.85051535997377));
#1196=CARTESIAN_POINT('',(39.0000004938435,-17.9973007675136,9.01726603768979));
#1197=CARTESIAN_POINT('',(35.6666667649978,-17.9973002325684,9.04816736372468));
#1198=CARTESIAN_POINT('',(28.9999997694911,-17.9972995415616,9.05007977658568));
#1199=CARTESIAN_POINT('',(15.666666803282,-17.9972994510941,9.04925046336075));
#1200=CARTESIAN_POINT('',(-0.999999412054223,-17.9972994414934,9.04927926440888));
#1201=CARTESIAN_POINT('',(-17.6666656273907,-17.9972994318925,9.0493080654569));
#1202=CARTESIAN_POINT('',(-30.9999986051904,-17.9972995071047,9.05020526487026));
#1203=CARTESIAN_POINT('',(-37.6666656987379,-17.9973002144693,9.04834911185948));
#1204=CARTESIAN_POINT('',(-40.9999995061556,-17.9973007675136,9.01726603769088));
#1205=CARTESIAN_POINT('',(39.0000004938437,-19.0129780053287,8.32289160245411));
#1206=CARTESIAN_POINT('',(35.6666666331605,-19.0129772920683,8.3640933705006));
#1207=CARTESIAN_POINT('',(28.9999995280405,-19.0129763707258,8.3666432543152));
#1208=CARTESIAN_POINT('',(15.666666684206,-19.0129762501025,8.36553750334855));
#1209=CARTESIAN_POINT('',(-0.999999380687264,-19.0129762373014,8.36557590474592));
#1210=CARTESIAN_POINT('',(-17.6666654455802,-19.0129762245005,8.36561430614334));
#1211=CARTESIAN_POINT('',(-30.9999983048688,-19.0129763247832,8.36681057202766));
#1212=CARTESIAN_POINT('',(-37.66666554071,-19.0129772679362,8.36433570134664));
#1213=CARTESIAN_POINT('',(-40.9999995061558,-19.0129780053287,8.32289160245521));
#1214=CARTESIAN_POINT('',(39.0000004938436,-19.825519795632,7.76739205423041));
#1215=CARTESIAN_POINT('',(35.666666521456,-19.8255189183067,7.81771265761886));
#1216=CARTESIAN_POINT('',(28.9999993064181,-19.825517769675,7.82045863183015));
#1217=CARTESIAN_POINT('',(15.6666665748299,-19.8255176190545,7.81904384209482));
#1218=CARTESIAN_POINT('',(-0.99999935037888,-19.8255176031646,7.81908705256506));
#1219=CARTESIAN_POINT('',(-17.6666652755876,-19.8255175872743,7.81913026303518));
#1220=CARTESIAN_POINT('',(-30.9999980265022,-19.8255177126945,7.82064925814599));
#1221=CARTESIAN_POINT('',(-37.666665404674,-19.8255188886987,7.81799766397331));
#1222=CARTESIAN_POINT('',(-40.9999995061558,-19.8255197956321,7.76739205423151));
#1223=CARTESIAN_POINT('',(39.0000004938436,-20.2317906908094,7.48964228010099));
#1224=CARTESIAN_POINT('',(35.6666675695209,-20.2317912649841,7.51693480983693));
#1225=CARTESIAN_POINT('',(29.0000002353051,-20.2317904440914,7.50899349050909));
#1226=CARTESIAN_POINT('',(15.6666669828148,-20.2317903096595,7.50661661321527));
#1227=CARTESIAN_POINT('',(-0.999999478410553,-20.2317903052382,7.50659002061548));
#1228=CARTESIAN_POINT('',(-17.6666659396356,-20.2317903008167,7.50656342801562));
#1229=CARTESIAN_POINT('',(-30.9999992109755,-20.231790432727,7.50891596680535));
#1230=CARTESIAN_POINT('',(-37.6666666635056,-20.2317912873735,7.51696709370725));
#1231=CARTESIAN_POINT('',(-40.9999995061557,-20.2317906908094,7.48964228010209));
#1232=CARTESIAN_POINT('',(39.0000004938436,-20.4349261552491,7.35076737983607));
#1233=CARTESIAN_POINT('',(35.6666671605103,-20.4349261552491,7.35076737981538));
#1234=CARTESIAN_POINT('',(29.0000004938437,-20.4349261552492,7.35076737982147));
#1235=CARTESIAN_POINT('',(15.6666671605104,-20.4349261552493,7.35076737982338));
#1236=CARTESIAN_POINT('',(-0.999999506156053,-20.4349261552494,7.35076737982355));
#1237=CARTESIAN_POINT('',(-17.6666661728225,-20.4349261552495,7.35076737982369));
#1238=CARTESIAN_POINT('',(-30.9999995061558,-20.4349261552496,7.35076737982202));
#1239=CARTESIAN_POINT('',(-37.6666661728224,-20.4349261552496,7.35076737981597));
#1240=CARTESIAN_POINT('',(-40.9999995061557,-20.4349261552497,7.35076737983675));
#1241=CARTESIAN_POINT('',(39.0000004938436,-20.4349261382696,7.3507673931241));
#1242=CARTESIAN_POINT('',(39.0000004938436,-79.2356519384263,7.3506884320166));
#1243=CARTESIAN_POINT('',(32.3333907603334,-79.2358030979518,7.35087374729855));
#1244=CARTESIAN_POINT('',(19.0000897106991,-79.2360069136241,7.35025122046305));
#1245=CARTESIAN_POINT('',(-1.00000223754751,-79.235869890046,7.35102078813144));
#1246=CARTESIAN_POINT('',(-21.0000976506481,-79.2360068715394,7.35025121178391));
#1247=CARTESIAN_POINT('',(-34.3333935806506,-79.2358033017183,7.35087376918734));
#1248=CARTESIAN_POINT('',(-40.9999995061557,-79.2356519384264,7.3506884320177));
#1249=CARTESIAN_POINT('',(39.0000004938436,-79.6419598047823,7.62846368616037));
#1250=CARTESIAN_POINT('',(32.3330881020467,-79.641530642729,7.69330647512517));
#1251=CARTESIAN_POINT('',(18.9998874210733,-79.6415852544489,7.70109493860185));
#1252=CARTESIAN_POINT('',(-0.999993192442998,-79.6414652995204,7.70193466235567));
#1253=CARTESIAN_POINT('',(-20.9998768337338,-79.6415850626548,7.70108757681303));
#1254=CARTESIAN_POINT('',(-34.3330761225931,-79.6415302580561,7.69329318386301));
#1255=CARTESIAN_POINT('',(-40.9999995061557,-79.6419598047824,7.62846368616149));
#1256=CARTESIAN_POINT('',(39.0000004938436,-80.4545384619742,8.18398884750587));
#1257=CARTESIAN_POINT('',(32.3331486075934,-80.4542916060039,8.23985673406192));
#1258=CARTESIAN_POINT('',(18.9999165578345,-80.4543521020196,8.24670011674091));
#1259=CARTESIAN_POINT('',(-0.999995876941846,-80.4542567359176,8.24739238403525));
#1260=CARTESIAN_POINT('',(-20.9999107176477,-80.4543518482099,8.24669444393577));
#1261=CARTESIAN_POINT('',(-34.3331412321332,-80.4542911333981,8.23984629939673));
#1262=CARTESIAN_POINT('',(-40.9999995061556,-80.4545384619743,8.18398884750697));
#1263=CARTESIAN_POINT('',(39.0000004938436,-81.6733879100024,9.01726391605311));
#1264=CARTESIAN_POINT('',(32.3331951232252,-81.6732043133874,9.05920769517332));
#1265=CARTESIAN_POINT('',(18.9999376639921,-81.6732499223342,9.06434721415998));
#1266=CARTESIAN_POINT('',(-0.999996806706508,-81.673178397863,9.06486641426262));
#1267=CARTESIAN_POINT('',(-20.9999330818386,-81.6732497311011,9.06434296674906));
#1268=CARTESIAN_POINT('',(-34.3331893835871,-81.6732039575163,9.05919987744605));
#1269=CARTESIAN_POINT('',(-40.9999995061556,-81.6733879100025,9.0172639160542));
#1270=CARTESIAN_POINT('',(39.0000004938437,-82.8922002825107,9.85051363765831));
#1271=CARTESIAN_POINT('',(32.3332413578758,-82.8920778847673,9.8784761570718));
#1272=CARTESIAN_POINT('',(18.999958607276,-82.8921082907318,9.88190250306297));
#1273=CARTESIAN_POINT('',(-0.999997706523059,-82.8920606077511,9.88224863646484));
#1274=CARTESIAN_POINT('',(-20.9999552232777,-82.8921081632432,9.88189967145589));
#1275=CARTESIAN_POINT('',(-34.3332372022211,-82.8920776475201,9.87847094525396));
#1276=CARTESIAN_POINT('',(-40.9999995061556,-82.8922002825108,9.85051363765941));
#1277=CARTESIAN_POINT('',(39.0000004938437,-83.7047418641829,10.4060134520618));
#1278=CARTESIAN_POINT('',(32.3332875925265,-83.7046806653113,10.4199947117686));
#1279=CARTESIAN_POINT('',(18.9999795505599,-83.7046958682934,10.4217078847642));
#1280=CARTESIAN_POINT('',(-0.999998606339521,-83.7046720268032,10.4218809514653));
#1281=CARTESIAN_POINT('',(-20.9999773647168,-83.7046958045491,10.421706468961));
#1282=CARTESIAN_POINT('',(-34.333285020855,-83.7046805466877,10.4199921058601));
#1283=CARTESIAN_POINT('',(-40.9999995061556,-83.704741864183,10.4060134520629));
#1284=CARTESIAN_POINT('',(39.0000004938437,-84.111012655019,10.6837633592635));
#1285=CARTESIAN_POINT('',(32.3333338271771,-84.111012655019,10.6837633592636));
#1286=CARTESIAN_POINT('',(19.0000004938439,-84.111012655019,10.6837633592638));
#1287=CARTESIAN_POINT('',(-0.999999506155929,-84.111012655019,10.6837633592641));
#1288=CARTESIAN_POINT('',(-20.9999995061558,-84.1110126550191,10.6837633592643));
#1289=CARTESIAN_POINT('',(-34.333332839489,-84.1110126550192,10.6837633592645));
#1290=CARTESIAN_POINT('',(-40.9999995061556,-84.1110126550191,10.6837633592646));
#1291=CARTESIAN_POINT('',(39.0000004938437,-84.111012655019,10.6837633592635));
#1292=CARTESIAN_POINT('',(27.0000004938436,-79.1141921300337,9.85076739312411));
#1293=CARTESIAN_POINT('',(27.0000004938436,-23.0675156379925,9.8507673931241));
#1294=CARTESIAN_POINT('',(27.0000004938436,-23.0675156379925,9.8507673931241));
#1295=CARTESIAN_POINT('',(39.0000004938438,-84.7965260276016,7.28058378564406));
#1296=CARTESIAN_POINT('',(27.0000004938436,-79.1141921300337,9.850767393126));
#1297=CARTESIAN_POINT('',(27.0000004938436,-20.556494294271,14.3688331927071));
#1298=CARTESIAN_POINT('',(27.0000004938436,-79.1141924748206,9.8507673931241));
#1299=CARTESIAN_POINT('',(-40.9999995061557,-79.1141921300337,9.85076739312411));
#1300=CARTESIAN_POINT('',(-40.9999995061557,-23.0675156379925,9.8507673931241));
#1301=CARTESIAN_POINT('',(-28.9999995061557,-76.6141921300337,9.8507673931241));
#1302=CARTESIAN_POINT('',(-28.9999995061557,-20.5564942942714,14.3688331927071));
#1303=CARTESIAN_POINT('',(-28.9999995061557,-79.1141921300338,16.137901935726));
#1304=CARTESIAN_POINT('',(27.0000004938436,-23.0675156379925,16.1379047689039));
#1305=CARTESIAN_POINT('',(-40.9999995061555,-14.8741620241751,7.28058378564516));
#1306=CARTESIAN_POINT('',(27.0000004938436,-79.1141921300338,16.1379019357253));
#1307=CARTESIAN_POINT('',(-28.9999995061557,-76.6141921300337,9.8507673931241));
#1308=CARTESIAN_POINT('',(-28.9999995061557,-23.0675156379925,16.1379047689047));
#1309=CARTESIAN_POINT('',(-40.9999995061557,-76.6141921300337,9.8507673931241));
#1310=CARTESIAN_POINT('',(-40.9999995061557,-79.1141921300337,9.850767393126));
#1311=CARTESIAN_POINT('',(-40.9999995061557,-20.556494294271,14.368833192708));
#1312=CARTESIAN_POINT('',(-28.9999995061557,-20.5564942942713,9.8507673931241));
#1313=CARTESIAN_POINT('',(12.4790895840442,-60.5193855293573,8.60076619213496));
#1314=CARTESIAN_POINT('',(-14.479089500049,-68.7995645857103,7.3507649911458));
#1315=CARTESIAN_POINT('',(-14.479089500049,-60.5193855293573,8.60076619213515));
#1316=CARTESIAN_POINT('',(-22.7592685564019,-60.5193855293573,7.35076540237261));
#1317=CARTESIAN_POINT('',(-14.479089500049,-39.2390853170473,8.6007669261802));
#1318=CARTESIAN_POINT('',(-14.479089500049,-30.9589062606943,9.85076739312411));
#1319=CARTESIAN_POINT('',(12.4790895840442,-39.2390853170473,8.6007669261799));
#1320=CARTESIAN_POINT('',(20.7592686403971,-39.2390853170473,7.3507654023721));
#1321=CARTESIAN_POINT('',(33.0000004938436,-76.3478220954944,9.14645669504398));
#1322=CARTESIAN_POINT('',(-34.9984608544505,-76.3478220954944,9.14645669504398));
#1323=CARTESIAN_POINT('',(33.0000004938436,-23.2713390004397,9.13011184184984));
#1324=CARTESIAN_POINT('',(-34.9984608544505,-23.2701491703269,9.13011184184984));
#1325=CARTESIAN_POINT('',(-34.9984608544505,-20.2701491703269,7.3507673599689));
#1326=CARTESIAN_POINT('',(-35.0231131990644,-20.2701491703269,7.3507673599689));
#1327=CARTESIAN_POINT('',(-35.0724177858068,-20.2707599160631,7.3507673599689));
#1328=CARTESIAN_POINT('',(-35.1709667587986,-20.2744180641592,7.3507673599689));
#1329=CARTESIAN_POINT('',(-35.3431124850437,-20.2871994403725,7.3507673599689));
#1330=CARTESIAN_POINT('',(-35.4895878900248,-20.3090344551735,7.3507673599689));
#1331=CARTESIAN_POINT('',(-35.5862806913114,-20.328375876463,7.3507673599689));
#1332=CARTESIAN_POINT('',(-35.6821158907242,-20.3475457520023,7.3507673599689));
#1333=CARTESIAN_POINT('',(-35.8719051699927,-20.3952859951588,7.3507673599689));
#1334=CARTESIAN_POINT('',(-36.0561544626836,-20.461258244637,7.3507673599689));
#1335=CARTESIAN_POINT('',(-36.146449675519,-20.4986601264981,7.3507673599689));
#1336=CARTESIAN_POINT('',(-36.3270401011898,-20.5734638902203,7.3507673599689));
#1337=CARTESIAN_POINT('',(-36.5003127928203,-20.6659306824305,7.3507673599689));
#1338=CARTESIAN_POINT('',(-36.6629562169077,-20.7743502079652,7.3507673599689));
#1339=CARTESIAN_POINT('',(-36.8270550906224,-20.88373994892,7.3507673599689));
#1340=CARTESIAN_POINT('',(-36.9803336090385,-21.00936921361,7.3507673599689));
#1341=CARTESIAN_POINT('',(-37.1197872444649,-21.1488229335894,7.3507673599689));
#1342=CARTESIAN_POINT('',(-37.2592408798913,-21.2882766535689,7.3507673599689));
#1343=CARTESIAN_POINT('',(-37.384869632328,-21.4415548288378,7.3507673599689));
#1344=CARTESIAN_POINT('',(-37.4942595734221,-21.6056536905798,7.3507673599689));
#1345=CARTESIAN_POINT('',(-37.602679297321,-21.7682971028008,7.3507673599689));
#1346=CARTESIAN_POINT('',(-37.6951469877071,-21.9415701078911,7.3507673599689));
#1347=CARTESIAN_POINT('',(-37.7699502991243,-22.1221604729152,7.3507673599689));
#1348=CARTESIAN_POINT('',(-37.8447536105415,-22.3027508379393,7.3507673599689));
#1349=CARTESIAN_POINT('',(-37.9018925429897,-22.4906585628973,7.3507673599689));
#1350=CARTESIAN_POINT('',(-37.9402344567848,-22.6823294346709,7.3507673599689));
#1351=CARTESIAN_POINT('',(-37.9789194814339,-22.8757155144244,7.3507673599689));
#1352=CARTESIAN_POINT('',(-37.9984695638534,-23.0729323930002,7.3507673599689));
#1353=CARTESIAN_POINT('',(-37.9984690148023,-23.2701491680077,7.3507673599689));
#1354=CARTESIAN_POINT('',(-37.9984684657512,-23.4673659430152,7.3507673599689));
#1355=CARTESIAN_POINT('',(-37.9789172852294,-23.6645826144545,7.3507673599689));
#1356=CARTESIAN_POINT('',(-37.9402328731405,-23.8579690228502,7.3507673599689));
#1357=CARTESIAN_POINT('',(-37.9018915664726,-24.0496402203513,7.3507673599689));
#1358=CARTESIAN_POINT('',(-37.8447549216036,-24.2375487973535,7.3507673599689));
#1359=CARTESIAN_POINT('',(-37.7699518380095,-24.4181389797525,7.3507673599689));
#1360=CARTESIAN_POINT('',(-37.6951487544154,-24.5987291621515,7.3507673599689));
#1361=CARTESIAN_POINT('',(-37.6026792320963,-24.7720009499473,7.3507673599689));
#1362=CARTESIAN_POINT('',(-37.4942589912902,-24.9346441761677,7.3507673599689));
#1363=CARTESIAN_POINT('',(-37.3848685286634,-25.0987428502446,7.3507673599689));
#1364=CARTESIAN_POINT('',(-37.2592405933607,-25.2520218876823,7.3507673599689));
#1365=CARTESIAN_POINT('',(-37.1197873995842,-25.3914757078219,7.3507673599689));
#1366=CARTESIAN_POINT('',(-36.9803342058078,-25.5309295279615,7.3507673599689));
#1367=CARTESIAN_POINT('',(-36.8270557535575,-25.6565581308029,7.3507673599689));
#1368=CARTESIAN_POINT('',(-36.6629565911593,-25.7659481920786,7.3507673599689));
#1369=CARTESIAN_POINT('',(-36.5003128809488,-25.8743680350933,7.3507673599689));
#1370=CARTESIAN_POINT('',(-36.3270395546123,-25.9668361096076,7.3507673599689));
#1371=CARTESIAN_POINT('',(-36.146449350259,-26.0416388813163,7.3507673599689));
#1372=CARTESIAN_POINT('',(-35.9658591459057,-26.1164416530249,7.3507673599689));
#1373=CARTESIAN_POINT('',(-35.7779520635356,-26.173579121928,7.3507673599689));
#1374=CARTESIAN_POINT('',(-35.5862811304405,-26.2119211878271,7.3507673599689));
#1375=CARTESIAN_POINT('',(-35.3928949888168,-26.2506063659415,7.3507673599689));
#1376=CARTESIAN_POINT('',(-35.195677331807,-26.270158246521,7.3507673599689));
#1377=CARTESIAN_POINT('',(-34.9984602347324,-26.2701582408849,7.3507673599689));
#1378=CARTESIAN_POINT('',(-34.9984608547471,-20.2701491704178,7.45587904239852));
#1379=CARTESIAN_POINT('',(-35.0231132128705,-20.2701491713404,7.45479409110468));
#1380=CARTESIAN_POINT('',(-35.0724178362299,-20.2707599211428,7.45370261716893));
#1381=CARTESIAN_POINT('',(-35.1709668528556,-20.2744180713307,7.45181662397192));
#1382=CARTESIAN_POINT('',(-35.343112672584,-20.2871994712298,7.44938140726884));
#1383=CARTESIAN_POINT('',(-35.4895878860078,-20.3090344570269,7.44405919708855));
#1384=CARTESIAN_POINT('',(-35.5862806841419,-20.328375874591,7.4444068835938));
#1385=CARTESIAN_POINT('',(-35.6821158970537,-20.3475457561519,7.44460980094508));
#1386=CARTESIAN_POINT('',(-35.8719051210165,-20.3952859717298,7.44451038093588));
#1387=CARTESIAN_POINT('',(-36.0561546627576,-20.4612583174903,7.44417728250278));
#1388=CARTESIAN_POINT('',(-36.1464500805788,-20.4986602857383,7.44354679886863));
#1389=CARTESIAN_POINT('',(-36.3270410183618,-20.5734642641372,7.44291319456543));
#1390=CARTESIAN_POINT('',(-36.5003141797553,-20.6659313731047,7.4422795902622));
#1391=CARTESIAN_POINT('',(-36.6629580021958,-20.7743513024202,7.44164598595899));
#1392=CARTESIAN_POINT('',(-36.8270563516782,-20.8837408333562,7.44101238165571));
#1393=CARTESIAN_POINT('',(-36.9803343967243,-21.0093697915012,7.44037877735247));
#1394=CARTESIAN_POINT('',(-37.1197876344527,-21.1488231283555,7.43974517304925));
#1395=CARTESIAN_POINT('',(-37.2592408886225,-21.2882764816497,7.43911156874599));
#1396=CARTESIAN_POINT('',(-37.3848693323256,-21.4415542168278,7.43847796444271));
#1397=CARTESIAN_POINT('',(-37.4942590562947,-21.6056525888184,7.43784436013946));
#1398=CARTESIAN_POINT('',(-37.602679149072,-21.7682963918984,7.43721075583622));
#1399=CARTESIAN_POINT('',(-37.6951471249456,-21.9415698547624,7.43657715153292));
#1400=CARTESIAN_POINT('',(-37.7699506241454,-22.1221607168754,7.4359435472297));
#1401=CARTESIAN_POINT('',(-37.8447541014718,-22.3027515261417,7.43530994292649));
#1402=CARTESIAN_POINT('',(-37.901893112698,-22.490659730525,7.4346763386232));
#1403=CARTESIAN_POINT('',(-37.9402350097297,-22.682331090377,7.43404273431998));
#1404=CARTESIAN_POINT('',(-37.9789198244109,-22.8757166970991,7.43340913001673));
#1405=CARTESIAN_POINT('',(-37.998469792745,-23.0729330729282,7.43277552571343));
#1406=CARTESIAN_POINT('',(-37.9984692286463,-23.2701493445795,7.43214192141011));
#1407=CARTESIAN_POINT('',(-37.9984686645492,-23.4673656112727,7.43150831710685));
#1408=CARTESIAN_POINT('',(-37.9789175691334,-23.6645817738045,7.4308747128036));
#1409=CARTESIAN_POINT('',(-37.9402333391024,-23.8579677020914,7.43024110850038));
#1410=CARTESIAN_POINT('',(-37.9018920212906,-24.0496393811016,7.42960750419711));
#1411=CARTESIAN_POINT('',(-37.8447552709484,-24.2375484300799,7.4289738998938));
#1412=CARTESIAN_POINT('',(-37.7699519958494,-24.4181390486622,7.42834029559052));
#1413=CARTESIAN_POINT('',(-37.6951486910668,-24.5987297389477,7.42770669128722));
#1414=CARTESIAN_POINT('',(-37.6026788474092,-24.7720019932429,7.427073086984));
#1415=CARTESIAN_POINT('',(-37.4942581999055,-24.9346456161379,7.42643948268072));
#1416=CARTESIAN_POINT('',(-37.3848679263915,-25.0987437913576,7.42580587837738));
#1417=CARTESIAN_POINT('',(-37.2592402729523,-25.2520223787597,7.4251722740742));
#1418=CARTESIAN_POINT('',(-37.1197874346481,-25.391475821528,7.42453866977089));
#1419=CARTESIAN_POINT('',(-36.9803346015304,-25.5309292591121,7.42390506546762));
#1420=CARTESIAN_POINT('',(-36.8270565846655,-25.6565575532058,7.42327146116436));
#1421=CARTESIAN_POINT('',(-36.6629579082056,-25.7659473989621,7.42263785686109));
#1422=CARTESIAN_POINT('',(-36.5003138123557,-25.8743676064219,7.42200425255783));
#1423=CARTESIAN_POINT('',(-36.3270400355179,-25.9668359653505,7.42137064825462));
#1424=CARTESIAN_POINT('',(-36.1464493423782,-26.0416389276478,7.42073704395138));
#1425=CARTESIAN_POINT('',(-35.9658586261513,-26.116441899526,7.42010343964813));
#1426=CARTESIAN_POINT('',(-35.7779509915423,-26.1735794704118,7.41946983534483));
#1427=CARTESIAN_POINT('',(-35.5862794958162,-26.2119215306249,7.41883623104158));
#1428=CARTESIAN_POINT('',(-35.3928938771319,-26.250606484892,7.41820262673831));
#1429=CARTESIAN_POINT('',(-35.195676775961,-26.2701582500088,7.41756902243505));
#1430=CARTESIAN_POINT('',(-34.9984602347324,-26.2701582408849,7.41693541813182));
#1431=CARTESIAN_POINT('',(-34.9984608544301,-20.2701491702967,7.51948662341093));
#1432=CARTESIAN_POINT('',(-35.0231131717278,-20.2701491670958,7.52121066521005));
#1433=CARTESIAN_POINT('',(-35.0724177143965,-20.2707599110907,7.52291640696754));
#1434=CARTESIAN_POINT('',(-35.17096656575,-20.274418045141,7.52375073613869));
#1435=CARTESIAN_POINT('',(-35.343112094367,-20.2871993939158,7.52383893115174));
#1436=CARTESIAN_POINT('',(-35.489587136271,-20.309034306808,7.52167016484318));
#1437=CARTESIAN_POINT('',(-35.5862797045674,-20.3283756283235,7.52203360507189));
#1438=CARTESIAN_POINT('',(-35.6821151799102,-20.3475455096938,7.52185406719312));
#1439=CARTESIAN_POINT('',(-35.8719049497503,-20.3952857869647,7.52142258151379));
#1440=CARTESIAN_POINT('',(-36.0561549603452,-20.4612582769363,7.52079636381468));
#1441=CARTESIAN_POINT('',(-36.1464505826132,-20.4986603348126,7.51992232511473));
#1442=CARTESIAN_POINT('',(-36.3270420301991,-20.5734645305109,7.51904568585714));
#1443=CARTESIAN_POINT('',(-36.5003156590464,-20.6659319588586,7.51816904659953));
#1444=CARTESIAN_POINT('',(-36.6629598775307,-20.7743522945778,7.51729240734197));
#1445=CARTESIAN_POINT('',(-36.8270577004721,-20.883741618118,7.51641576808432));
#1446=CARTESIAN_POINT('',(-36.9803352698393,-21.0093702723411,7.51553912882677));
#1447=CARTESIAN_POINT('',(-37.1197881075608,-21.1488232286933,7.5146624895692));
#1448=CARTESIAN_POINT('',(-37.259240978165,-21.288276217925,7.51378585031154));
#1449=CARTESIAN_POINT('',(-37.3848691108257,-21.4415535156355,7.51290921105394));
#1450=CARTESIAN_POINT('',(-37.494258615361,-21.6056514004977,7.51203257179633));
#1451=CARTESIAN_POINT('',(-37.6026790747075,-21.7682955970596,7.51115593253872));
#1452=CARTESIAN_POINT('',(-37.6951473337601,-21.9415695203205,7.51027929328107));
#1453=CARTESIAN_POINT('',(-37.7699510184333,-22.1221608821452,7.50940265402349));
#1454=CARTESIAN_POINT('',(-37.844754659359,-22.3027521382762,7.50852601476575));
#1455=CARTESIAN_POINT('',(-37.901893747055,-22.4906608247081,7.5076493755082));
#1456=CARTESIAN_POINT('',(-37.9402356250139,-22.6823326752613,7.50677273625059));
#1457=CARTESIAN_POINT('',(-37.9789202274185,-22.8757178115749,7.50589609699296));
#1458=CARTESIAN_POINT('',(-37.9984700793583,-23.0729336872805,7.50501945773533));
#1459=CARTESIAN_POINT('',(-37.9984694979035,-23.2701494581987,7.50414281847762));
#1460=CARTESIAN_POINT('',(-37.9984689164515,-23.4673652192007,7.50326617922004));
#1461=CARTESIAN_POINT('',(-37.9789179038324,-23.664580875448,7.50238953996236));
#1462=CARTESIAN_POINT('',(-37.9402338535499,-23.8579663262486,7.50151290070471));
#1463=CARTESIAN_POINT('',(-37.9018925222855,-24.0496384893909,7.50063626144709));
#1464=CARTESIAN_POINT('',(-37.8447556641616,-24.2375480129687,7.49975962218945));
#1465=CARTESIAN_POINT('',(-37.7699521952488,-24.4181390703572,7.49888298293181));
#1466=CARTESIAN_POINT('',(-37.6951486669688,-24.5987302711524,7.49800634367416));
#1467=CARTESIAN_POINT('',(-37.6026784996636,-24.7720029945698,7.49712970441657));
#1468=CARTESIAN_POINT('',(-37.4942574431534,-24.9346470167624,7.49625306515888));
#1469=CARTESIAN_POINT('',(-37.3848673564438,-25.0987446957483,7.49537642590121));
#1470=CARTESIAN_POINT('',(-37.2592399825588,-25.2520228357375,7.49449978664365));
#1471=CARTESIAN_POINT('',(-37.1197874974183,-25.3914759037578,7.493623147386));
#1472=CARTESIAN_POINT('',(-36.9803350226504,-25.5309289614094,7.49274650812835));
#1473=CARTESIAN_POINT('',(-36.8270574388618,-25.6565569493782,7.49186986887068));
#1474=CARTESIAN_POINT('',(-36.6629592460316,-25.7659465822383,7.49099322961311));
#1475=CARTESIAN_POINT('',(-36.5003147622335,-25.8743671567662,7.49011659035549));
#1476=CARTESIAN_POINT('',(-36.3270405325852,-25.966835802732,7.4892399510979));
#1477=CARTESIAN_POINT('',(-36.14644934835,-26.0416389582407,7.4883633118403));
#1478=CARTESIAN_POINT('',(-35.9658581179408,-26.1164421329118,7.48748667258276));
#1479=CARTESIAN_POINT('',(-35.7779499287845,-26.1735798084035,7.48661003332513));
#1480=CARTESIAN_POINT('',(-35.5862778681187,-26.2119218655537,7.48573339406754));
#1481=CARTESIAN_POINT('',(-35.3928927700648,-26.2506065985963,7.4848567548099));
#1482=CARTESIAN_POINT('',(-35.1956762224239,-26.2701582508735,7.48398011555228));
#1483=CARTESIAN_POINT('',(-34.9984602347324,-26.2701582408849,7.48310347629473));
#1484=CARTESIAN_POINT('',(-34.9984608544541,-20.2701491703321,7.64660625666357));
#1485=CARTESIAN_POINT('',(-35.0231130974063,-20.2701491677709,7.64794587190382));
#1486=CARTESIAN_POINT('',(-35.0724174892716,-20.2707599081591,7.64927084711085));
#1487=CARTESIAN_POINT('',(-35.1709660463041,-20.2744180213535,7.64989869224872));
#1488=CARTESIAN_POINT('',(-35.3431110598584,-20.2871992930023,7.64992963006012));
#1489=CARTESIAN_POINT('',(-35.4895857094948,-20.3090340853942,7.64815499881424));
#1490=CARTESIAN_POINT('',(-35.5862780237442,-20.328375302287,7.64840613279811));
#1491=CARTESIAN_POINT('',(-35.6821137767622,-20.3475451852005,7.64822288429603));
#1492=CARTESIAN_POINT('',(-35.8719041077256,-20.3952855258994,7.6478380775536));
#1493=CARTESIAN_POINT('',(-36.0561546024185,-20.4612581618161,7.6472974851953));
#1494=CARTESIAN_POINT('',(-36.146450444377,-20.4986603110542,7.64655863603629));
#1495=CARTESIAN_POINT('',(-36.3270424170102,-20.5734647257861,7.64581770643112));
#1496=CARTESIAN_POINT('',(-36.5003165285561,-20.6659324752481,7.645076776826));
#1497=CARTESIAN_POINT('',(-36.6629611583289,-20.7743532191051,7.64433584722091));
#1498=CARTESIAN_POINT('',(-36.8270584699737,-20.8837423369837,7.64359491761577));
#1499=CARTESIAN_POINT('',(-36.9803355789064,-21.0093706890188,7.64285398801065));
#1500=CARTESIAN_POINT('',(-37.1197880318649,-21.1488232666026,7.64211305840549));
#1501=CARTESIAN_POINT('',(-37.259240534148,-21.2882758935061,7.64137212880028));
#1502=CARTESIAN_POINT('',(-37.3848683710108,-21.4415527554829,7.64063119919518));
#1503=CARTESIAN_POINT('',(-37.4942576713569,-21.6056501549509,7.63989026959009));
#1504=CARTESIAN_POINT('',(-37.6026785125177,-21.7682947467291,7.63914933998502));
#1505=CARTESIAN_POINT('',(-37.6951470699937,-21.9415691321211,7.63840841037991));
#1506=CARTESIAN_POINT('',(-37.7699509553849,-22.1221609953916,7.63766748077478));
#1507=CARTESIAN_POINT('',(-37.8447547751555,-22.302752700122,7.6369265511696));
#1508=CARTESIAN_POINT('',(-37.9018939545652,-22.4906618703362,7.6361856215645));
#1509=CARTESIAN_POINT('',(-37.940235828696,-22.6823342133247,7.63544469195936));
#1510=CARTESIAN_POINT('',(-37.9789202340681,-22.875718880964,7.63470376235419));
#1511=CARTESIAN_POINT('',(-37.9984699848585,-23.0729342582802,7.63396283274906));
#1512=CARTESIAN_POINT('',(-37.9984694012925,-23.2701495301998,7.63322190314393));
#1513=CARTESIAN_POINT('',(-37.9984688177297,-23.4673647872444,7.63248097353876));
#1514=CARTESIAN_POINT('',(-37.9789179031522,-23.6645799389413,7.63174004393357));
#1515=CARTESIAN_POINT('',(-37.9402340478629,-23.8579649139901,7.6309991143284));
#1516=CARTESIAN_POINT('',(-37.9018927183897,-24.0496375629981,7.6302581847231));
#1517=CARTESIAN_POINT('',(-37.8447557677289,-24.2375475629096,7.62951725511804));
#1518=CARTESIAN_POINT('',(-37.7699521202474,-24.4181390608388,7.62877632551294));
#1519=CARTESIAN_POINT('',(-37.6951483837144,-24.5987307738777,7.62803539590775));
#1520=CARTESIAN_POINT('',(-37.6026779080061,-24.7720039681514,7.62729446630264));
#1521=CARTESIAN_POINT('',(-37.4942564577341,-24.9346483913759,7.62655353669746));
#1522=CARTESIAN_POINT('',(-37.3848665730731,-25.0987455758617,7.62581260709221));
#1523=CARTESIAN_POINT('',(-37.2592394939864,-25.2520232701719,7.62507167748705));
#1524=CARTESIAN_POINT('',(-37.1197873772544,-25.3914759651783,7.62433074788193));
#1525=CARTESIAN_POINT('',(-36.9803352760808,-25.5309286446316,7.62358981827674));
#1526=CARTESIAN_POINT('',(-36.8270581406138,-25.6565563282102,7.62284888867169));
#1527=CARTESIAN_POINT('',(-36.6629604466574,-25.765945749908,7.62210795906657));
#1528=CARTESIAN_POINT('',(-36.5003155901557,-25.8743666932381,7.62136702946145));
#1529=CARTESIAN_POINT('',(-36.3270409229412,-25.966835627975,7.6206260998563));
#1530=CARTESIAN_POINT('',(-36.1464492628553,-26.0416389784294,7.61988517025121));
#1531=CARTESIAN_POINT('',(-35.9658575335081,-26.1164423576273,7.61914424064616));
#1532=CARTESIAN_POINT('',(-35.7779488050488,-26.1735801394589,7.61840331104101));
#1533=CARTESIAN_POINT('',(-35.5862761946875,-26.2119221952802,7.61766238143591));
#1534=CARTESIAN_POINT('',(-35.3928916325089,-26.2506067088327,7.61692145183081));
#1535=CARTESIAN_POINT('',(-35.1956756536424,-26.2701582500042,7.61618052222563));
#1536=CARTESIAN_POINT('',(-34.9984602347324,-26.2701582408849,7.61543959262057));
#1537=CARTESIAN_POINT('',(-34.9984608544502,-20.2701491703262,7.90089254055438));
#1538=CARTESIAN_POINT('',(-35.0231130230574,-20.2701491684055,7.90194714203745));
#1539=CARTESIAN_POINT('',(-35.0724172641193,-20.2707599051875,7.90299076349556));
#1540=CARTESIAN_POINT('',(-35.1709655268316,-20.2744179975269,7.90351153740191));
#1541=CARTESIAN_POINT('',(-35.3431100253237,-20.2871991920506,7.90358463081333));
#1542=CARTESIAN_POINT('',(-35.4895842826931,-20.309033863943,7.90230354743183));
#1543=CARTESIAN_POINT('',(-35.586276342897,-20.3283749762144,7.90254178797268));
#1544=CARTESIAN_POINT('',(-35.6821123735905,-20.3475448606718,7.90245424164894));
#1545=CARTESIAN_POINT('',(-35.871903265677,-20.395285264799,7.90221552664506));
#1546=CARTESIAN_POINT('',(-36.0561542444684,-20.4612580466615,7.9018599724292));
#1547=CARTESIAN_POINT('',(-36.1464503061181,-20.4986602872624,7.90135572561278));
#1548=CARTESIAN_POINT('',(-36.3270428037993,-20.5734649210287,7.9008499184618));
#1549=CARTESIAN_POINT('',(-36.5003173980443,-20.6659329916058,7.90034411131086));
#1550=CARTESIAN_POINT('',(-36.6629624391058,-20.7743541436013,7.89983830415989));
#1551=CARTESIAN_POINT('',(-36.8270592394549,-20.8837430558192,7.89933249700897));
#1552=CARTESIAN_POINT('',(-36.9803358879535,-21.0093711056672,7.89882668985801));
#1553=CARTESIAN_POINT('',(-37.11978795615,-21.1488233044837,7.89832088270701));
#1554=CARTESIAN_POINT('',(-37.2592400901135,-21.2882755690601,7.8978150755561));
#1555=CARTESIAN_POINT('',(-37.3848676311786,-21.441551995304,7.89730926840514));
#1556=CARTESIAN_POINT('',(-37.4942567273356,-21.6056489093783,7.89680346125413));
#1557=CARTESIAN_POINT('',(-37.6026779503106,-21.7682938963732,7.8962976541032));
#1558=CARTESIAN_POINT('',(-37.6951468062107,-21.9415687438971,7.8957918469523));
#1559=CARTESIAN_POINT('',(-37.7699508923201,-22.1221611086141,7.89528603980126));
#1560=CARTESIAN_POINT('',(-37.8447548909358,-22.3027532619444,7.89478023265027));
#1561=CARTESIAN_POINT('',(-37.9018941620599,-22.490662915942,7.89427442549937));
#1562=CARTESIAN_POINT('',(-37.9402360323631,-22.6823357513666,7.89376861834835));
#1563=CARTESIAN_POINT('',(-37.9789202407034,-22.8757199503322,7.89326281119731));
#1564=CARTESIAN_POINT('',(-37.9984698903446,-23.0729348292596,7.89275700404632));
#1565=CARTESIAN_POINT('',(-37.9984693046676,-23.2701496021814,7.8922511968954));
#1566=CARTESIAN_POINT('',(-37.9984687189949,-23.4673643552695,7.89174538974438));
#1567=CARTESIAN_POINT('',(-37.9789179024593,-23.6645790024167,7.89123958259333));
#1568=CARTESIAN_POINT('',(-37.9402342421642,-23.8579635017147,7.8907337754424));
#1569=CARTESIAN_POINT('',(-37.9018929144837,-24.0496366365898,7.89022796829134));
#1570=CARTESIAN_POINT('',(-37.8447558712855,-24.2375471128353,7.88972216114032));
#1571=CARTESIAN_POINT('',(-37.7699520452355,-24.4181390513057,7.88921635398941));
#1572=CARTESIAN_POINT('',(-37.6951481004503,-24.5987312765892,7.88871054683841));
#1573=CARTESIAN_POINT('',(-37.6026773163393,-24.7720049417199,7.88820473968743));
#1574=CARTESIAN_POINT('',(-37.4942554723062,-24.9346497659771,7.88769893253645));
#1575=CARTESIAN_POINT('',(-37.3848657896948,-25.0987464559641,7.88719312538543));
#1576=CARTESIAN_POINT('',(-37.2592390054074,-25.2520237045963,7.88668731823444));
#1577=CARTESIAN_POINT('',(-37.119787257084,-25.3914760265895,7.88618151108347));
#1578=CARTESIAN_POINT('',(-36.9803355295054,-25.5309283278453,7.88567570393247));
#1579=CARTESIAN_POINT('',(-36.8270588423596,-25.6565557070339,7.88516989678152));
#1580=CARTESIAN_POINT('',(-36.6629616472778,-25.7659449175702,7.88466408963058));
#1581=CARTESIAN_POINT('',(-36.5003164180728,-25.8743662297032,7.8841582824796));
#1582=CARTESIAN_POINT('',(-36.3270413132933,-25.9668354532125,7.88365247532869));
#1583=CARTESIAN_POINT('',(-36.1464491773571,-26.0416389986132,7.88314666817778));
#1584=CARTESIAN_POINT('',(-35.9658569490722,-26.1164425823386,7.88264086102687));
#1585=CARTESIAN_POINT('',(-35.7779476813107,-26.1735804705111,7.88213505387594));
#1586=CARTESIAN_POINT('',(-35.5862745212546,-26.2119225250042,7.88162924672501));
#1587=CARTESIAN_POINT('',(-35.3928904949517,-26.2506068190674,7.88112343957411));
#1588=CARTESIAN_POINT('',(-35.1956750848606,-26.2701582491342,7.88061763242316));
#1589=CARTESIAN_POINT('',(-34.9984602347324,-26.2701582408849,7.88011182527224));
#1590=CARTESIAN_POINT('',(-34.9984608544507,-20.2701491703271,8.02803280287566));
#1591=CARTESIAN_POINT('',(-35.023112948713,-20.2701491690469,8.02870258108706));
#1592=CARTESIAN_POINT('',(-35.0724170389714,-20.2707599022224,8.02936503928171));
#1593=CARTESIAN_POINT('',(-35.170965007363,-20.2744179737065,8.0296789324419));
#1594=CARTESIAN_POINT('',(-35.3431089907928,-20.2871990911048,8.02969437193877));
#1595=CARTESIAN_POINT('',(-35.4895828558953,-20.3090336424976,8.02880702690712));
#1596=CARTESIAN_POINT('',(-35.5862746620531,-20.3283746501474,8.02893256449034));
#1597=CARTESIAN_POINT('',(-35.6821109704223,-20.3475445361487,8.0288409108305));
#1598=CARTESIAN_POINT('',(-35.8719024236317,-20.395285003704,8.02864847805052));
#1599=CARTESIAN_POINT('',(-36.0561538865213,-20.4612579315121,8.02837815246255));
#1600=CARTESIAN_POINT('',(-36.1464501678623,-20.4986602634758,8.02800869847424));
#1601=CARTESIAN_POINT('',(-36.3270431905916,-20.5734651162764,8.02763820426289));
#1602=CARTESIAN_POINT('',(-36.5003182675354,-20.6659335079685,8.02726771005156));
#1603=CARTESIAN_POINT('',(-36.6629637198857,-20.7743550681023,8.0268972158402));
#1604=CARTESIAN_POINT('',(-36.827060008939,-20.8837437746594,8.02652672162894));
#1605=CARTESIAN_POINT('',(-36.9803361970034,-21.0093715223201,8.02615622741759));
#1606=CARTESIAN_POINT('',(-37.1197878804375,-21.1488233423689,8.02578573320614));
#1607=CARTESIAN_POINT('',(-37.2592396460806,-21.2882752446179,8.02541523899487));
#1608=CARTESIAN_POINT('',(-37.3848668913483,-21.4415512351289,8.02504474478357));
#1609=CARTESIAN_POINT('',(-37.4942557833165,-21.6056476638095,8.0246742505722));
#1610=CARTESIAN_POINT('',(-37.6026773881059,-21.7682930460212,8.02430375636089));
#1611=CARTESIAN_POINT('',(-37.6951465424295,-21.9415683556766,8.02393326214958));
#1612=CARTESIAN_POINT('',(-37.7699508292573,-22.1221612218401,8.02356276793815));
#1613=CARTESIAN_POINT('',(-37.8447550067184,-22.3027538237705,8.02319227372685));
#1614=CARTESIAN_POINT('',(-37.9018943695563,-22.4906639615508,8.02282177951546));
#1615=CARTESIAN_POINT('',(-37.9402362360324,-22.6823372894118,8.02245128530415));
#1616=CARTESIAN_POINT('',(-37.9789202473407,-22.8757210197037,8.02208079109272));
#1617=CARTESIAN_POINT('',(-37.9984697958325,-23.0729354002422,8.02171029688131));
#1618=CARTESIAN_POINT('',(-37.998469208044,-23.2701496741655,8.02133980266995));
#1619=CARTESIAN_POINT('',(-37.9984686202614,-23.4673639232972,8.0209693084586));
#1620=CARTESIAN_POINT('',(-37.9789179017683,-23.6645780658949,8.02059881424723));
#1621=CARTESIAN_POINT('',(-37.9402344364668,-23.8579620894416,8.02022832003589));
#1622=CARTESIAN_POINT('',(-37.9018931105789,-24.0496357101838,8.01985782582453));
#1623=CARTESIAN_POINT('',(-37.8447559748442,-24.2375466627636,8.01948733161322));
#1624=CARTESIAN_POINT('',(-37.7699519702252,-24.4181390417749,8.01911683740186));
#1625=CARTESIAN_POINT('',(-37.6951478171878,-24.598731779303,8.01874634319054));
#1626=CARTESIAN_POINT('',(-37.6026767246741,-24.7720059152905,8.01837584897914));
#1627=CARTESIAN_POINT('',(-37.4942544868797,-24.9346511405803,8.01800535476782));
#1628=CARTESIAN_POINT('',(-37.384865006318,-25.0987473360684,8.0176348605565));
#1629=CARTESIAN_POINT('',(-37.2592385168298,-25.2520241390226,8.01726436634515));
#1630=CARTESIAN_POINT('',(-37.1197871369149,-25.3914760880023,8.01689387213375));
#1631=CARTESIAN_POINT('',(-36.9803357829314,-25.5309280110606,8.01652337792243));
#1632=CARTESIAN_POINT('',(-36.827059544107,-25.6565550858592,8.0161528837111));
#1633=CARTESIAN_POINT('',(-36.6629628478997,-25.765944085234,8.0157823894998));
#1634=CARTESIAN_POINT('',(-36.5003172459916,-25.8743657661699,8.01541189528846));
#1635=CARTESIAN_POINT('',(-36.3270417036466,-25.9668352784512,8.01504140107719));
#1636=CARTESIAN_POINT('',(-36.1464490918599,-26.0416390187982,8.01467090686589));
#1637=CARTESIAN_POINT('',(-35.9658563646374,-26.1164428070509,8.0143004126546));
#1638=CARTESIAN_POINT('',(-35.7779465575735,-26.1735808015641,8.01392991844334));
#1639=CARTESIAN_POINT('',(-35.5862728478224,-26.2119228547288,8.01355942423201));
#1640=CARTESIAN_POINT('',(-35.3928893573949,-26.2506069293025,8.01318893002072));
#1641=CARTESIAN_POINT('',(-35.1956745160788,-26.2701582482644,8.0128184358094));
#1642=CARTESIAN_POINT('',(-34.9984602347324,-26.2701582408849,8.01244794159808));
#1643=CARTESIAN_POINT('',(-34.9984608544505,-20.2701491703269,8.15517384216831));
#1644=CARTESIAN_POINT('',(-35.0231128743675,-20.2701491696869,8.15545878216621));
#1645=CARTESIAN_POINT('',(-35.0724168138228,-20.2707598992561,8.1557400621557));
#1646=CARTESIAN_POINT('',(-35.170964487894,-20.2744179498852,8.15584705962805));
#1647=CARTESIAN_POINT('',(-35.3431079562619,-20.2871989901584,8.1558048302687));
#1648=CARTESIAN_POINT('',(-35.4895814290968,-20.3090334210514,8.15531120864505));
#1649=CARTESIAN_POINT('',(-35.5862729812089,-20.3283743240796,8.15532402832892));
#1650=CARTESIAN_POINT('',(-35.6821095672538,-20.3475442116248,8.15522825239118));
#1651=CARTESIAN_POINT('',(-35.8719015815859,-20.3952847426081,8.15508208689335));
#1652=CARTESIAN_POINT('',(-36.0561535285743,-20.4612578163622,8.15489697499159));
#1653=CARTESIAN_POINT('',(-36.1464500296066,-20.4986602396886,8.15466229888962));
#1654=CARTESIAN_POINT('',(-36.327043577384,-20.5734653115237,8.15442710267616));
#1655=CARTESIAN_POINT('',(-36.5003191370265,-20.6659340243306,8.15419190646267));
#1656=CARTESIAN_POINT('',(-36.6629650006657,-20.774355992603,8.15395671024916));
#1657=CARTESIAN_POINT('',(-36.8270607784226,-20.8837444934989,8.15372151403572));
#1658=CARTESIAN_POINT('',(-36.9803365060529,-21.0093719389722,8.15348631782219));
#1659=CARTESIAN_POINT('',(-37.1197878047255,-21.148823380254,8.15325112160875));
#1660=CARTESIAN_POINT('',(-37.2592392020479,-21.2882749201753,8.15301592539529));
#1661=CARTESIAN_POINT('',(-37.3848661515181,-21.4415504749533,8.15278072918186));
#1662=CARTESIAN_POINT('',(-37.4942548392976,-21.6056464182405,8.15254553296839));
#1663=CARTESIAN_POINT('',(-37.6026768259014,-21.7682921956689,8.15231033675495));
#1664=CARTESIAN_POINT('',(-37.6951462786486,-21.9415679674559,8.15207514054148));
#1665=CARTESIAN_POINT('',(-37.7699507661952,-22.1221613350661,8.15183994432798));
#1666=CARTESIAN_POINT('',(-37.8447551225013,-22.3027543855963,8.15160474811453));
#1667=CARTESIAN_POINT('',(-37.9018945770535,-22.4906650071599,8.15136955190102));
#1668=CARTESIAN_POINT('',(-37.9402364397019,-22.6823388274568,8.15113435568756));
#1669=CARTESIAN_POINT('',(-37.9789202539786,-22.8757220890752,8.15089915947401));
#1670=CARTESIAN_POINT('',(-37.9984697013214,-23.072935971225,8.15066396326052));
#1671=CARTESIAN_POINT('',(-37.9984691114221,-23.2701497461503,8.15042876704709));
#1672=CARTESIAN_POINT('',(-37.9984685215294,-23.4673634913254,8.15019357083358));
#1673=CARTESIAN_POINT('',(-37.9789179010781,-23.6645771293733,8.14995837462003));
#1674=CARTESIAN_POINT('',(-37.9402346307703,-23.8579606771688,8.14972317840656));
#1675=CARTESIAN_POINT('',(-37.9018933066751,-24.0496347837781,8.14948798219313));
#1676=CARTESIAN_POINT('',(-37.8447560784034,-24.237546212692,8.14925278597965));
#1677=CARTESIAN_POINT('',(-37.7699518952156,-24.4181390322444,8.14901758976615));
#1678=CARTESIAN_POINT('',(-37.6951475339262,-24.598732282017,8.14878239355277));
#1679=CARTESIAN_POINT('',(-37.6026761330098,-24.7720068888616,8.14854719733922));
#1680=CARTESIAN_POINT('',(-37.4942535014539,-24.9346525151837,8.14831200112571));
#1681=CARTESIAN_POINT('',(-37.3848642229415,-25.0987482161727,8.14807680491227));
#1682=CARTESIAN_POINT('',(-37.2592380282523,-25.2520245734487,8.14784160869875));
#1683=CARTESIAN_POINT('',(-37.1197870167461,-25.3914761494152,8.14760641248523));
#1684=CARTESIAN_POINT('',(-36.9803360363574,-25.5309276942757,8.14737121627177));
#1685=CARTESIAN_POINT('',(-36.8270602458546,-25.6565544646845,8.14713602005831));
#1686=CARTESIAN_POINT('',(-36.6629640485215,-25.7659432528977,8.14690082384485));
#1687=CARTESIAN_POINT('',(-36.5003180739103,-25.8743653026365,8.14666562763141));
#1688=CARTESIAN_POINT('',(-36.3270420939996,-25.9668351036896,8.14643043141795));
#1689=CARTESIAN_POINT('',(-36.1464490063625,-26.0416390389828,8.14619523520451));
#1690=CARTESIAN_POINT('',(-35.9658557802024,-26.116443031763,8.14596003899109));
#1691=CARTESIAN_POINT('',(-35.7779454338359,-26.1735811326168,8.14572484277768));
#1692=CARTESIAN_POINT('',(-35.5862711743899,-26.2119231844533,8.14548964656423));
#1693=CARTESIAN_POINT('',(-35.3928882198379,-26.2506070395373,8.1452544503508));
#1694=CARTESIAN_POINT('',(-35.1956739472966,-26.2701582473943,8.14501925413732));
#1695=CARTESIAN_POINT('',(-34.9984602347324,-26.2701582408849,8.1447840579239));
#1696=CARTESIAN_POINT('',(-34.9984608544505,-20.2701491703269,8.40945629057557));
#1697=CARTESIAN_POINT('',(-35.0231128000223,-20.2701491703272,8.40945629057557));
#1698=CARTESIAN_POINT('',(-35.0724165886746,-20.2707598962903,8.40945629057556));
#1699=CARTESIAN_POINT('',(-35.170963968425,-20.2744179260641,8.40945629057557));
#1700=CARTESIAN_POINT('',(-35.3431069217307,-20.287198889212,8.40945629057554));
#1701=CARTESIAN_POINT('',(-35.4895800022985,-20.3090331996054,8.40945629057557));
#1702=CARTESIAN_POINT('',(-35.5862713003645,-20.3283739980117,8.4094562905756));
#1703=CARTESIAN_POINT('',(-35.682108164085,-20.3475438871009,8.40945629057558));
#1704=CARTESIAN_POINT('',(-35.8719007395404,-20.3952844815126,8.4094562905756));
#1705=CARTESIAN_POINT('',(-36.0561531706272,-20.4612577012124,8.40945629057559));
#1706=CARTESIAN_POINT('',(-36.1464498913507,-20.4986602159015,8.40945629057556));
#1707=CARTESIAN_POINT('',(-36.327043964176,-20.5734655067708,8.40945629057556));
#1708=CARTESIAN_POINT('',(-36.5003200065178,-20.6659345406929,8.4094562905756));
#1709=CARTESIAN_POINT('',(-36.6629662814458,-20.7743569171037,8.40945629057553));
#1710=CARTESIAN_POINT('',(-36.8270615479068,-20.8837452123388,8.40945629057559));
#1711=CARTESIAN_POINT('',(-36.9803368151032,-21.009372355625,8.40945629057558));
#1712=CARTESIAN_POINT('',(-37.1197877290136,-21.1488234181393,8.40945629057556));
#1713=CARTESIAN_POINT('',(-37.2592387580154,-21.288274595733,8.40945629057555));
#1714=CARTESIAN_POINT('',(-37.3848654116881,-21.441549714778,8.40945629057557));
#1715=CARTESIAN_POINT('',(-37.4942538952787,-21.6056451726716,8.40945629057559));
#1716=CARTESIAN_POINT('',(-37.6026762636969,-21.7682913453167,8.40945629057561));
#1717=CARTESIAN_POINT('',(-37.6951460148679,-21.9415675792354,8.40945629057562));
#1718=CARTESIAN_POINT('',(-37.7699507031329,-22.1221614482921,8.40945629057555));
#1719=CARTESIAN_POINT('',(-37.8447552382842,-22.3027549474222,8.4094562905756));
#1720=CARTESIAN_POINT('',(-37.9018947845509,-22.4906660527691,8.40945629057562));
#1721=CARTESIAN_POINT('',(-37.9402366433718,-22.6823403655022,8.40945629057564));
#1722=CARTESIAN_POINT('',(-37.9789202606169,-22.875723158447,8.40945629057558));
#1723=CARTESIAN_POINT('',(-37.9984696068105,-23.072936542208,8.40945629057557));
#1724=CARTESIAN_POINT('',(-37.9984690148,-23.2701498181351,8.4094562905756));
#1725=CARTESIAN_POINT('',(-37.9984684227974,-23.4673630593538,8.40945629057559));
#1726=CARTESIAN_POINT('',(-37.9789179003885,-23.6645761928523,8.40945629057557));
#1727=CARTESIAN_POINT('',(-37.9402348250745,-23.8579592648965,8.40945629057556));
#1728=CARTESIAN_POINT('',(-37.9018935027716,-24.0496338573727,8.40945629057561));
#1729=CARTESIAN_POINT('',(-37.844756181963,-24.2375457626207,8.4094562905756));
#1730=CARTESIAN_POINT('',(-37.7699518202067,-24.4181390227143,8.40945629057559));
#1731=CARTESIAN_POINT('',(-37.6951472506644,-24.5987327847311,8.40945629057557));
#1732=CARTESIAN_POINT('',(-37.6026755413459,-24.7720078624329,8.40945629057557));
#1733=CARTESIAN_POINT('',(-37.4942525160286,-24.9346538897876,8.40945629057555));
#1734=CARTESIAN_POINT('',(-37.3848634395655,-25.0987490962774,8.40945629057557));
#1735=CARTESIAN_POINT('',(-37.2592375396757,-25.2520250078755,8.40945629057557));
#1736=CARTESIAN_POINT('',(-37.1197868965784,-25.3914762108288,8.40945629057555));
#1737=CARTESIAN_POINT('',(-36.9803362897846,-25.5309273774917,8.40945629057558));
#1738=CARTESIAN_POINT('',(-36.8270609476031,-25.6565538435104,8.40945629057555));
#1739=CARTESIAN_POINT('',(-36.6629652491445,-25.7659424205621,8.40945629057557));
#1740=CARTESIAN_POINT('',(-36.5003189018299,-25.8743648391037,8.40945629057557));
#1741=CARTESIAN_POINT('',(-36.3270424843537,-25.9668349289288,8.40945629057558));
#1742=CARTESIAN_POINT('',(-36.146448920866,-26.0416390591681,8.40945629057556));
#1743=CARTESIAN_POINT('',(-35.9658551957681,-26.1164432564756,8.40945629057557));
#1744=CARTESIAN_POINT('',(-35.7779443100989,-26.1735814636698,8.40945629057558));
#1745=CARTESIAN_POINT('',(-35.5862695009579,-26.2119235141781,8.40945629057559));
#1746=CARTESIAN_POINT('',(-35.3928870822812,-26.2506071497724,8.40945629057558));
#1747=CARTESIAN_POINT('',(-35.1956733785149,-26.2701582465245,8.40945629057556));
#1748=CARTESIAN_POINT('',(-34.9984602347324,-26.2701582408849,8.40945629057557));
#1749=CARTESIAN_POINT('',(-31.9384519169361,-26.3301583315905,8.40945629057557));
#1750=CARTESIAN_POINT('',(-34.9984608544505,-73.3478220954944,7.350767326813));
#1751=CARTESIAN_POINT('',(-35.1956796113619,-73.3478220954946,7.35076732681302));
#1752=CARTESIAN_POINT('',(-35.3928950887383,-73.3673659590517,7.35076732681303));
#1753=CARTESIAN_POINT('',(-35.5862806913116,-73.4060488016307,7.35076732681302));
#1754=CARTESIAN_POINT('',(-35.777951090137,-73.4443885527088,7.35076732681297));
#1755=CARTESIAN_POINT('',(-35.9658592498483,-73.5015292879433,7.350767326813));
#1756=CARTESIAN_POINT('',(-36.1464496755192,-73.5763330516661,7.35076732681305));
#1757=CARTESIAN_POINT('',(-36.3270401011899,-73.6511368153879,7.35076732681301));
#1758=CARTESIAN_POINT('',(-36.5003127928204,-73.7436036075981,7.35076732681302));
#1759=CARTESIAN_POINT('',(-36.6629562169077,-73.8520231331326,7.350767326813));
#1760=CARTESIAN_POINT('',(-36.8270550906224,-73.9614128740874,7.350767326813));
#1761=CARTESIAN_POINT('',(-36.9803336090384,-74.0870421387773,7.35076732681298));
#1762=CARTESIAN_POINT('',(-37.1197872444649,-74.2264958587567,7.35076732681298));
#1763=CARTESIAN_POINT('',(-37.2592408798915,-74.3659495787366,7.35076732681302));
#1764=CARTESIAN_POINT('',(-37.384869632328,-74.5192277540052,7.350767326813));
#1765=CARTESIAN_POINT('',(-37.4942595734218,-74.6833266157468,7.35076732681295));
#1766=CARTESIAN_POINT('',(-37.602679297321,-74.8459700279683,7.350767326813));
#1767=CARTESIAN_POINT('',(-37.6951469877071,-75.0192430330584,7.35076732681299));
#1768=CARTESIAN_POINT('',(-37.7699502991245,-75.1998333980828,7.35076732681301));
#1769=CARTESIAN_POINT('',(-37.8447536105416,-75.3804237631069,7.35076732681301));
#1770=CARTESIAN_POINT('',(-37.9018925429897,-75.5683314880645,7.35076732681299));
#1771=CARTESIAN_POINT('',(-37.9402344567848,-75.7600023598385,7.35076732681301));
#1772=CARTESIAN_POINT('',(-37.9789194814337,-75.9533884395917,7.35076732681299));
#1773=CARTESIAN_POINT('',(-37.9984695638532,-76.1506053181675,7.35076732681298));
#1774=CARTESIAN_POINT('',(-37.9984690148022,-76.3478220931751,7.35076732681299));
#1775=CARTESIAN_POINT('',(-37.9984684657509,-76.5450388681823,7.35076732681297));
#1776=CARTESIAN_POINT('',(-37.9789172852294,-76.7422555396217,7.35076732681298));
#1777=CARTESIAN_POINT('',(-37.9402328731403,-76.9356419480173,7.35076732681297));
#1778=CARTESIAN_POINT('',(-37.9018915664727,-77.1273131455188,7.350767326813));
#1779=CARTESIAN_POINT('',(-37.8447549216036,-77.3152217225211,7.35076732681301));
#1780=CARTESIAN_POINT('',(-37.7699518380096,-77.4958119049201,7.35076732681302));
#1781=CARTESIAN_POINT('',(-37.6951487544154,-77.676402087319,7.350767326813));
#1782=CARTESIAN_POINT('',(-37.6026792320962,-77.8496738751147,7.35076732681299));
#1783=CARTESIAN_POINT('',(-37.4942589912902,-78.0123171013349,7.35076732681299));
#1784=CARTESIAN_POINT('',(-37.3848685286635,-78.1764157754121,7.35076732681301));
#1785=CARTESIAN_POINT('',(-37.2592405933606,-78.3296948128496,7.35076732681298));
#1786=CARTESIAN_POINT('',(-37.1197873995841,-78.4691486329892,7.35076732681299));
#1787=CARTESIAN_POINT('',(-36.9803342058078,-78.6086024531287,7.35076732681298));
#1788=CARTESIAN_POINT('',(-36.8270557535575,-78.7342310559704,7.35076732681301));
#1789=CARTESIAN_POINT('',(-36.6629565911593,-78.8436211172461,7.350767326813));
#1790=CARTESIAN_POINT('',(-36.500312880949,-78.9520409602611,7.35076732681303));
#1791=CARTESIAN_POINT('',(-36.3270395546123,-79.0445090347751,7.35076732681301));
#1792=CARTESIAN_POINT('',(-36.146449350259,-79.1193118064837,7.350767326813));
#1793=CARTESIAN_POINT('',(-36.0561542480824,-79.1567131923381,7.35076732681301));
#1794=CARTESIAN_POINT('',(-35.8719056047205,-79.2226833126437,7.35076732681299));
#1795=CARTESIAN_POINT('',(-35.6821165969878,-79.2704230800447,7.35076732681298));
#1796=CARTESIAN_POINT('',(-35.5862811304403,-79.2895941129944,7.35076732681299));
#1797=CARTESIAN_POINT('',(-35.4895880596285,-79.3089367020516,7.35076732681299));
#1798=CARTESIAN_POINT('',(-35.3431116351411,-79.330775599062,7.35076732681302));
#1799=CARTESIAN_POINT('',(-35.1709654409816,-79.3435607363224,7.350767326813));
#1800=CARTESIAN_POINT('',(-35.0724166636333,-79.3472201717216,7.350767326813));
#1801=CARTESIAN_POINT('',(-35.0231123718667,-79.3478311667569,7.350767326813));
#1802=CARTESIAN_POINT('',(-34.9984602347324,-79.3478311660523,7.350767326813));
#1803=CARTESIAN_POINT('',(-34.9984608544505,-73.3478220954944,7.41897849369743));
#1804=CARTESIAN_POINT('',(-35.1956791814367,-73.3478220885101,7.41955187611231));
#1805=CARTESIAN_POINT('',(-35.3928942289098,-73.3673658546979,7.42012525852718));
#1806=CARTESIAN_POINT('',(-35.5862794281293,-73.4060485123291,7.42069864094217));
#1807=CARTESIAN_POINT('',(-35.7779503286564,-73.4443882603073,7.42127202335697));
#1808=CARTESIAN_POINT('',(-35.9658589805394,-73.501529084999,7.42184540577193));
#1809=CARTESIAN_POINT('',(-36.1464498631091,-73.5763330225336,7.42241878818688));
#1810=CARTESIAN_POINT('',(-36.3270408359359,-73.651136997437,7.42299217060177));
#1811=CARTESIAN_POINT('',(-36.5003140323598,-73.743604102906,7.42356555301662));
#1812=CARTESIAN_POINT('',(-36.6629578898396,-73.8520240287261,7.42413893543161));
#1813=CARTESIAN_POINT('',(-36.8270562743587,-73.9614135561658,7.42471231784654));
#1814=CARTESIAN_POINT('',(-36.9803343544415,-74.0870425108138,7.42528570026139));
#1815=CARTESIAN_POINT('',(-37.1197876272064,-74.2264958441709,7.42585908267623));
#1816=CARTESIAN_POINT('',(-37.2592409164136,-74.3659491939693,7.42643246509123));
#1817=CARTESIAN_POINT('',(-37.3848693951533,-74.5192269256506,7.4270058475061));
#1818=CARTESIAN_POINT('',(-37.4942591541593,-74.6833252941448,7.42757922992102));
#1819=CARTESIAN_POINT('',(-37.6026792819741,-74.8459690937295,7.42815261233607));
#1820=CARTESIAN_POINT('',(-37.6951472928845,-75.0192425530965,7.42872599475091));
#1821=CARTESIAN_POINT('',(-37.7699508271211,-75.199833411713,7.42929937716583));
#1822=CARTESIAN_POINT('',(-37.8447543394841,-75.3804242174826,7.42987275958073));
#1823=CARTESIAN_POINT('',(-37.9018933857471,-75.5683324183688,7.43044614199561));
#1824=CARTESIAN_POINT('',(-37.9402353178154,-75.7600037747243,7.43101952441051));
#1825=CARTESIAN_POINT('',(-37.9789201675331,-75.9533893779492,7.43159290682536));
#1826=CARTESIAN_POINT('',(-37.9984701709038,-76.1506057502809,7.43216628924017));
#1827=CARTESIAN_POINT('',(-37.9984696418424,-76.3478220184359,7.43273967165509));
#1828=CARTESIAN_POINT('',(-37.9984691127811,-76.5450382816305,7.43331305406979));
#1829=CARTESIAN_POINT('',(-37.9789180524026,-76.7422544406662,7.43388643648475));
#1830=CARTESIAN_POINT('',(-37.9402338574079,-76.935640365456,7.4344598188996));
#1831=CARTESIAN_POINT('',(-37.9018925746335,-77.1273120409702,7.43503320131456));
#1832=CARTESIAN_POINT('',(-37.8447558593278,-77.3152210864512,7.43560658372937));
#1833=CARTESIAN_POINT('',(-37.7699526192657,-77.4958117015364,7.43617996614423));
#1834=CARTESIAN_POINT('',(-37.6951493495198,-77.6764023883252,7.4367533485591));
#1835=CARTESIAN_POINT('',(-37.602679540899,-77.8496746391238,7.43732673097403));
#1836=CARTESIAN_POINT('',(-37.4942589284323,-78.012318258522,7.43790011338891));
#1837=CARTESIAN_POINT('',(-37.3848686899555,-78.1764164302455,7.43847349580383));
#1838=CARTESIAN_POINT('',(-37.2592410715531,-78.3296950141514,7.43904687821879));
#1839=CARTESIAN_POINT('',(-37.119788268286,-78.4691484534234,7.43962026063369));
#1840=CARTESIAN_POINT('',(-36.9803354702052,-78.6086018875111,7.44019364304861));
#1841=CARTESIAN_POINT('',(-36.8270574883775,-78.7342301781082,7.44076702546351));
#1842=CARTESIAN_POINT('',(-36.6629588469541,-78.8436200203682,7.44134040787844));
#1843=CARTESIAN_POINT('',(-36.5003147861443,-78.9520402243304,7.44191379029331));
#1844=CARTESIAN_POINT('',(-36.327041044334,-79.044508579764,7.44248717270821));
#1845=CARTESIAN_POINT('',(-36.1464503862417,-79.1193115385617,7.44306055512303));
#1846=CARTESIAN_POINT('',(-36.0561550586718,-79.1567130192691,7.44363393753796));
#1847=CARTESIAN_POINT('',(-35.8719059362186,-79.222683285338,7.44418613649384));
#1848=CARTESIAN_POINT('',(-35.6821165343002,-79.2704230882464,7.44457858904146));
#1849=CARTESIAN_POINT('',(-35.5862811253666,-79.2895941135812,7.44450228664567));
#1850=CARTESIAN_POINT('',(-35.489588063074,-79.3089367023475,7.44458540751976));
#1851=CARTESIAN_POINT('',(-35.3431116314655,-79.3307755983887,7.44439071958978));
#1852=CARTESIAN_POINT('',(-35.1709654433358,-79.3435607364335,7.4446524045313));
#1853=CARTESIAN_POINT('',(-35.0724166625901,-79.3472201715615,7.44428066936499));
#1854=CARTESIAN_POINT('',(-35.0231123727296,-79.3478311668118,7.4449744941609));
#1855=CARTESIAN_POINT('',(-34.9984602347622,-79.3478311660625,7.44385141453498));
#1856=CARTESIAN_POINT('',(-34.9984608544505,-73.3478220954944,7.48718966058185));
#1857=CARTESIAN_POINT('',(-35.1956787210298,-73.3478220896735,7.48769290557977));
#1858=CARTESIAN_POINT('',(-35.3928933081184,-73.3673657666406,7.48819615057769));
#1859=CARTESIAN_POINT('',(-35.5862780735017,-73.4060482474702,7.48869939557565));
#1860=CARTESIAN_POINT('',(-35.7779494452492,-73.444388000497,7.48920264057347));
#1861=CARTESIAN_POINT('',(-35.9658585588222,-73.5015289227938,7.48970588557148));
#1862=CARTESIAN_POINT('',(-36.146449867809,-73.5763330422883,7.4902091305695));
#1863=CARTESIAN_POINT('',(-36.32704135731,-73.6511372365202,7.49071237556737));
#1864=CARTESIAN_POINT('',(-36.5003150280464,-73.7436046633976,7.49121562056533));
#1865=CARTESIAN_POINT('',(-36.6629592884362,-73.8520249976499,7.49171886556335));
#1866=CARTESIAN_POINT('',(-36.8270571532776,-73.9614143197211,7.49222211056124));
#1867=CARTESIAN_POINT('',(-36.9803347645457,-74.0870429724752,7.49272535555909));
#1868=CARTESIAN_POINT('',(-37.1197876441674,-74.226495927358,7.49322860055695));
#1869=CARTESIAN_POINT('',(-37.2592405566732,-74.3659489151222,7.49373184555496));
#1870=CARTESIAN_POINT('',(-37.3848687312346,-74.519226211364,7.49423509055287));
#1871=CARTESIAN_POINT('',(-37.4942582776705,-74.6833240947574,7.49473833555075));
#1872=CARTESIAN_POINT('',(-37.6026787789183,-74.8459682898513,7.49524158054874));
#1873=CARTESIAN_POINT('',(-37.6951470798721,-75.0192422116444,7.49574482554673));
#1874=CARTESIAN_POINT('',(-37.7699508064463,-75.1998335720009,7.49624807054468));
#1875=CARTESIAN_POINT('',(-37.8447544892735,-75.380424826664,7.49675131554263));
#1876=CARTESIAN_POINT('',(-37.9018936188699,-75.5683335116269,7.49725456054054));
#1877=CARTESIAN_POINT('',(-37.9402355387294,-75.7600053607111,7.4977578055384));
#1878=CARTESIAN_POINT('',(-37.978920183034,-75.9533904955548,7.49826105053617));
#1879=CARTESIAN_POINT('',(-37.998470076875,-76.1506063697921,7.49876429553412));
#1880=CARTESIAN_POINT('',(-37.998469537321,-76.3478221392414,7.49926754053196));
#1881=CARTESIAN_POINT('',(-37.9984689977693,-76.5450378987737,7.49977078552978));
#1882=CARTESIAN_POINT('',(-37.9789180270517,-76.742253553553,7.50027403052775));
#1883=CARTESIAN_POINT('',(-37.9402340186699,-76.9356390028848,7.50077727552561));
#1884=CARTESIAN_POINT('',(-37.9018927293066,-77.1273111645587,7.50128052052356));
#1885=CARTESIAN_POINT('',(-37.8447559130834,-77.3152206866676,7.50178376552143));
#1886=CARTESIAN_POINT('',(-37.7699524860714,-77.4958117425869,7.50228701051926));
#1887=CARTESIAN_POINT('',(-37.6951489996922,-77.6764029419134,7.50279025551716));
#1888=CARTESIAN_POINT('',(-37.602678874288,-77.8496756638629,7.50329350051516));
#1889=CARTESIAN_POINT('',(-37.4942578596791,-78.0123196845871,7.50379674551307));
#1890=CARTESIAN_POINT('',(-37.3848678148706,-78.1764173621046,7.50429999051099));
#1891=CARTESIAN_POINT('',(-37.2592404828863,-78.3296955006256,7.50480323550895));
#1892=CARTESIAN_POINT('',(-37.1197880396468,-78.4691485671772,7.50530648050685));
#1893=CARTESIAN_POINT('',(-36.9803356067798,-78.6086016233608,7.50580972550479));
#1894=CARTESIAN_POINT('',(-36.8270580648927,-78.7342296098604,7.50631297050265));
#1895=CARTESIAN_POINT('',(-36.6629599139621,-78.8436192412521,7.50681621550057));
#1896=CARTESIAN_POINT('',(-36.5003154720711,-78.9520398143093,7.50731946049839));
#1897=CARTESIAN_POINT('',(-36.3270412843055,-79.0445084588102,7.50782270549636));
#1898=CARTESIAN_POINT('',(-36.1464501419931,-79.1193116128457,7.50832595049424));
#1899=CARTESIAN_POINT('',(-36.0561545585485,-79.1567131965546,7.50882919549229));
#1900=CARTESIAN_POINT('',(-35.8719049057173,-79.2226836186295,7.50931478760767));
#1901=CARTESIAN_POINT('',(-35.6821149294256,-79.2704234758872,7.5096672577161));
#1902=CARTESIAN_POINT('',(-35.5862791879351,-79.2895945011982,7.50962909870516));
#1903=CARTESIAN_POINT('',(-35.4895864344771,-79.3089369614675,7.50972379241905));
#1904=CARTESIAN_POINT('',(-35.3431104838039,-79.3307757122762,7.50958697879629));
#1905=CARTESIAN_POINT('',(-35.1709648669964,-79.3435607649158,7.50983047589979));
#1906=CARTESIAN_POINT('',(-35.0724164156541,-79.3472201756605,7.50954612291341));
#1907=CARTESIAN_POINT('',(-35.0231122901968,-79.3478311667923,7.5101497365622));
#1908=CARTESIAN_POINT('',(-34.9984602347273,-79.3478311660507,7.50923926319282));
#1909=CARTESIAN_POINT('',(-34.9984608544505,-73.3478220954943,7.6236119943507));
#1910=CARTESIAN_POINT('',(-35.195678260624,-73.3478220908378,7.62404239052744));
#1911=CARTESIAN_POINT('',(-35.3928923873288,-73.3673656785842,7.62447278670414));
#1912=CARTESIAN_POINT('',(-35.5862767188768,-73.406047982613,7.62490318288084));
#1913=CARTESIAN_POINT('',(-35.7779485618454,-73.4443877406887,7.62533357905746));
#1914=CARTESIAN_POINT('',(-35.9658581371091,-73.5015287605902,7.6257639752342));
#1915=CARTESIAN_POINT('',(-36.1464498725138,-73.5763330620448,7.62619437141098));
#1916=CARTESIAN_POINT('',(-36.3270418786901,-73.6511374756065,7.62662476758767));
#1917=CARTESIAN_POINT('',(-36.5003160237392,-73.7436052238912,7.62705516376436));
#1918=CARTESIAN_POINT('',(-36.6629606870393,-73.8520259665748,7.62748555994103));
#1919=CARTESIAN_POINT('',(-36.8270580322039,-73.9614150832779,7.6279159561176));
#1920=CARTESIAN_POINT('',(-36.9803351746583,-74.0870434341388,7.62834635229428));
#1921=CARTESIAN_POINT('',(-37.1197876611383,-74.2264960105492,7.62877674847102));
#1922=CARTESIAN_POINT('',(-37.2592401969434,-74.3659486362792,7.62920714464776));
#1923=CARTESIAN_POINT('',(-37.384868067327,-74.5192254970817,7.62963754082444));
#1924=CARTESIAN_POINT('',(-37.4942574011936,-74.6833228953742,7.63006793700099));
#1925=CARTESIAN_POINT('',(-37.6026782758758,-74.8459674859791,7.63049833317779));
#1926=CARTESIAN_POINT('',(-37.6951468668732,-75.0192418701973,7.63092872935452));
#1927=CARTESIAN_POINT('',(-37.7699507857856,-75.1998337322938,7.63135912553121));
#1928=CARTESIAN_POINT('',(-37.8447546390775,-75.38042543585,7.63178952170788));
#1929=CARTESIAN_POINT('',(-37.9018938520083,-75.5683346048901,7.63221991788458));
#1930=CARTESIAN_POINT('',(-37.9402357596599,-75.7600069467035,7.63265031406116));
#1931=CARTESIAN_POINT('',(-37.9789201985527,-75.9533916131677,7.63308071023774));
#1932=CARTESIAN_POINT('',(-37.9984699828645,-76.1506069893099,7.63351110641446));
#1933=CARTESIAN_POINT('',(-37.9984694328195,-76.3478222600554,7.63394150259113));
#1934=CARTESIAN_POINT('',(-37.9984688827779,-76.5450375159253,7.63437189876776));
#1935=CARTESIAN_POINT('',(-37.9789180017218,-76.7422526664476,7.6348022949444));
#1936=CARTESIAN_POINT('',(-37.9402341799538,-76.9356376403224,7.63523269112107));
#1937=CARTESIAN_POINT('',(-37.9018928840024,-77.1273102881561,7.63566308729771));
#1938=CARTESIAN_POINT('',(-37.8447559668626,-77.315220286894,7.63609348347445));
#1939=CARTESIAN_POINT('',(-37.7699523529021,-77.4958117836486,7.63652387965111));
#1940=CARTESIAN_POINT('',(-37.6951486498903,-77.676403495513,7.63695427582774));
#1941=CARTESIAN_POINT('',(-37.6026782077031,-77.8496766886123,7.63738467200443));
#1942=CARTESIAN_POINT('',(-37.4942567909526,-78.0123211106629,7.63781506818111));
#1943=CARTESIAN_POINT('',(-37.3848669398137,-78.1764182939756,7.63824546435788));
#1944=CARTESIAN_POINT('',(-37.2592398942482,-78.3296959871117,7.63867586053455));
#1945=CARTESIAN_POINT('',(-37.1197878110371,-78.4691486809432,7.63910625671116));
#1946=CARTESIAN_POINT('',(-36.9803357433848,-78.6086013592232,7.63953665288791));
#1947=CARTESIAN_POINT('',(-36.8270586414398,-78.734229041627,7.63996704906458));
#1948=CARTESIAN_POINT('',(-36.6629609810029,-78.8436184621507,7.64039744524125));
#1949=CARTESIAN_POINT('',(-36.500316158032,-78.9520394043044,7.64082784141789));
#1950=CARTESIAN_POINT('',(-36.3270415243115,-79.044508337872,7.64125823759454));
#1951=CARTESIAN_POINT('',(-36.1464498977796,-79.1193116871456,7.64168863377121));
#1952=CARTESIAN_POINT('',(-36.0561540584601,-79.1567133738539,7.64211902994788));
#1953=CARTESIAN_POINT('',(-35.8719038752515,-79.2226839519343,7.64253530381846));
#1954=CARTESIAN_POINT('',(-35.6821133245876,-79.2704238635426,7.64284508008355));
#1955=CARTESIAN_POINT('',(-35.586277250541,-79.28959488883,7.64284235305319));
#1956=CARTESIAN_POINT('',(-35.4895848059183,-79.3089372206025,7.64294590820261));
#1957=CARTESIAN_POINT('',(-35.343109336181,-79.3307758261784,7.64286425748272));
#1958=CARTESIAN_POINT('',(-35.1709642906962,-79.3435607934126,7.64308685534388));
#1959=CARTESIAN_POINT('',(-35.0724161687577,-79.3472201797733,7.64288717313309));
#1960=CARTESIAN_POINT('',(-35.0231122077043,-79.3478311667866,7.64339786423049));
#1961=CARTESIAN_POINT('',(-34.9984602347334,-79.3478311660528,7.64269728571335));
#1962=CARTESIAN_POINT('',(-34.9984608544505,-73.3478220954943,7.89645666188839));
#1963=CARTESIAN_POINT('',(-35.195677800218,-73.3478220920016,7.896748408646));
#1964=CARTESIAN_POINT('',(-35.3928914665382,-73.3673655905262,7.89704015540345));
#1965=CARTESIAN_POINT('',(-35.586275364251,-73.4060477177546,7.89733190216103));
#1966=CARTESIAN_POINT('',(-35.7779476784404,-73.4443874808785,7.89762364891846));
#1967=CARTESIAN_POINT('',(-35.965857715395,-73.5015285983858,7.89791539567612));
#1968=CARTESIAN_POINT('',(-36.1464498772171,-73.5763330817999,7.89820714243372));
#1969=CARTESIAN_POINT('',(-36.3270424000686,-73.6511377146909,7.89849888919126));
#1970=CARTESIAN_POINT('',(-36.5003170194303,-73.743605784383,7.89879063594879));
#1971=CARTESIAN_POINT('',(-36.6629620856412,-73.852026935499,7.89908238270631));
#1972=CARTESIAN_POINT('',(-36.8270589111292,-73.9614158468349,7.89937412946374));
#1973=CARTESIAN_POINT('',(-36.9803355847694,-74.087043895802,7.89966587622124));
#1974=CARTESIAN_POINT('',(-37.1197876781065,-74.2264960937373,7.89995762297872));
#1975=CARTESIAN_POINT('',(-37.2592398372112,-74.3659483574342,7.90024936973639));
#1976=CARTESIAN_POINT('',(-37.3848674034172,-74.5192247827979,7.90054111649397));
#1977=CARTESIAN_POINT('',(-37.4942565247147,-74.6833216959905,7.90083286325138));
#1978=CARTESIAN_POINT('',(-37.6026777728308,-74.8459666821054,7.90112461000899));
#1979=CARTESIAN_POINT('',(-37.6951466538718,-75.0192415287489,7.90141635676658));
#1980=CARTESIAN_POINT('',(-37.7699507651224,-75.1998338925854,7.90170810352411));
#1981=CARTESIAN_POINT('',(-37.8447547888793,-75.3804260450355,7.90199985028167));
#1982=CARTESIAN_POINT('',(-37.9018940851437,-75.5683356981517,7.90229159703916));
#1983=CARTESIAN_POINT('',(-37.9402359805878,-75.7600085326955,7.90258334379666));
#1984=CARTESIAN_POINT('',(-37.9789202140686,-75.9533927307798,7.9028750905541));
#1985=CARTESIAN_POINT('',(-37.9984698888508,-76.1506076088266,7.90316683731163));
#1986=CARTESIAN_POINT('',(-37.9984693283145,-76.3478223808676,7.90345858406917));
#1987=CARTESIAN_POINT('',(-37.9984687677822,-76.5450371330739,7.90375033082658));
#1988=CARTESIAN_POINT('',(-37.9789179763881,-76.7422517793405,7.90404207758411));
#1989=CARTESIAN_POINT('',(-37.9402343412339,-76.9356362777583,7.90433382434168));
#1990=CARTESIAN_POINT('',(-37.9018930386946,-77.1273094117527,7.90462557109919));
#1991=CARTESIAN_POINT('',(-37.8447560206373,-77.3152198871175,7.9049173178567));
#1992=CARTESIAN_POINT('',(-37.769952219728,-77.4958118247073,7.90520906461425));
#1993=CARTESIAN_POINT('',(-37.6951483000837,-77.6764040491098,7.90550081137175));
#1994=CARTESIAN_POINT('',(-37.6026775411134,-77.8496777133592,7.90579255812924));
#1995=CARTESIAN_POINT('',(-37.4942557222212,-78.0123225367357,7.90608430488675));
#1996=CARTESIAN_POINT('',(-37.3848660647511,-78.1764192258426,7.90637605164434));
#1997=CARTESIAN_POINT('',(-37.2592393056046,-78.3296964735945,7.90666779840188));
#1998=CARTESIAN_POINT('',(-37.1197875824221,-78.4691487947067,7.90695954515939));
#1999=CARTESIAN_POINT('',(-36.9803358799838,-78.6086010950818,7.9072512919169));
#2000=CARTESIAN_POINT('',(-36.8270592179805,-78.7342284733894,7.90754303867443));
#2001=CARTESIAN_POINT('',(-36.6629620480374,-78.8436176830455,7.90783478543197));
#2002=CARTESIAN_POINT('',(-36.5003168439866,-78.9520389942957,7.90812653218955));
#2003=CARTESIAN_POINT('',(-36.3270417643108,-79.0445082169295,7.90841827894693));
#2004=CARTESIAN_POINT('',(-36.146449653559,-79.1193117614406,7.90871002570441));
#2005=CARTESIAN_POINT('',(-36.0561535583654,-79.1567135511502,7.90900177246198));
#2006=CARTESIAN_POINT('',(-35.8719028447796,-79.2226842852367,7.9092829274899));
#2007=CARTESIAN_POINT('',(-35.6821117197437,-79.2704242511959,7.90948420931376));
#2008=CARTESIAN_POINT('',(-35.5862753131402,-79.2895952764585,7.90945111366595));
#2009=CARTESIAN_POINT('',(-35.4895831773529,-79.3089374797345,7.90949772965305));
#2010=CARTESIAN_POINT('',(-35.3431081885514,-79.3307759400778,7.90940544123815));
#2011=CARTESIAN_POINT('',(-35.1709637143896,-79.3435608219077,7.90954133925915));
#2012=CARTESIAN_POINT('',(-35.0724159218549,-79.3472201838845,7.90936052722606));
#2013=CARTESIAN_POINT('',(-35.0231121252049,-79.3478311667788,7.90971249517409));
#2014=CARTESIAN_POINT('',(-34.9984602347324,-79.3478311660526,7.90915601091126));
#2015=CARTESIAN_POINT('',(-34.9984608544505,-73.3478220954944,8.03287899565725));
#2016=CARTESIAN_POINT('',(-35.1956773398115,-73.3478220931645,8.03309392059494));
#2017=CARTESIAN_POINT('',(-35.3928905457481,-73.3673655024692,8.03330884553263));
#2018=CARTESIAN_POINT('',(-35.5862740096254,-73.4060474528963,8.03352377047032));
#2019=CARTESIAN_POINT('',(-35.7779467950359,-73.4443872210694,8.03373869540795));
#2020=CARTESIAN_POINT('',(-35.9658572936811,-73.5015284361815,8.03395362034576));
#2021=CARTESIAN_POINT('',(-36.1464498819206,-73.576333101555,8.03416854528347));
#2022=CARTESIAN_POINT('',(-36.327042921447,-73.6511379537751,8.03438347022114));
#2023=CARTESIAN_POINT('',(-36.5003180151214,-73.7436063448748,8.03459839515883));
#2024=CARTESIAN_POINT('',(-36.6629634842433,-73.8520279044236,8.03481332009653));
#2025=CARTESIAN_POINT('',(-36.8270597900547,-73.9614166103923,8.03502824503417));
#2026=CARTESIAN_POINT('',(-36.980335994881,-74.087044357466,8.03524316997185));
#2027=CARTESIAN_POINT('',(-37.1197876950758,-74.2264961769278,8.0354580949095));
#2028=CARTESIAN_POINT('',(-37.2592394774794,-74.3659480785898,8.03567301984723));
#2029=CARTESIAN_POINT('',(-37.3848667395074,-74.5192240685138,8.03588794478493));
#2030=CARTESIAN_POINT('',(-37.4942556482357,-74.6833204966062,8.03610286972249));
#2031=CARTESIAN_POINT('',(-37.6026772697863,-74.8459658782321,8.03631779466034));
#2032=CARTESIAN_POINT('',(-37.6951464408705,-75.0192411873002,8.03653271959801));
#2033=CARTESIAN_POINT('',(-37.7699507444595,-75.1998340528774,8.03674764453576));
#2034=CARTESIAN_POINT('',(-37.844754938681,-75.3804266542205,8.03696256947342));
#2035=CARTESIAN_POINT('',(-37.9018943182794,-75.5683367914134,8.03717749441106));
#2036=CARTESIAN_POINT('',(-37.940236201516,-75.7600101186875,8.03739241934879));
#2037=CARTESIAN_POINT('',(-37.9789202295849,-75.9533938483918,8.03760734428638));
#2038=CARTESIAN_POINT('',(-37.9984697948377,-76.1506082283437,8.03782226922411));
#2039=CARTESIAN_POINT('',(-37.9984692238096,-76.3478225016792,8.03803719416174));
#2040=CARTESIAN_POINT('',(-37.9984686527875,-76.5450367502234,8.03825211909938));
#2041=CARTESIAN_POINT('',(-37.9789179510552,-76.7422508922343,8.0384670440371));
#2042=CARTESIAN_POINT('',(-37.9402345025144,-76.9356349151943,8.03868196897482));
#2043=CARTESIAN_POINT('',(-37.9018931933875,-77.1273085353497,8.03889689391253));
#2044=CARTESIAN_POINT('',(-37.8447560744128,-77.3152194873419,8.03911181885016));
#2045=CARTESIAN_POINT('',(-37.7699520865546,-77.4958118657662,8.03932674378787));
#2046=CARTESIAN_POINT('',(-37.6951479502774,-77.6764046027064,8.03954166872548));
#2047=CARTESIAN_POINT('',(-37.6026768745244,-77.8496787381068,8.03975659366316));
#2048=CARTESIAN_POINT('',(-37.4942546534905,-78.0123239628089,8.03997151860079));
#2049=CARTESIAN_POINT('',(-37.3848651896895,-78.1764201577103,8.04018644353853));
#2050=CARTESIAN_POINT('',(-37.2592387169616,-78.3296969600772,8.04040136847618));
#2051=CARTESIAN_POINT('',(-37.1197873538077,-78.4691489084701,8.04061629341388));
#2052=CARTESIAN_POINT('',(-36.980336016584,-78.6086008309414,8.04083121835159));
#2053=CARTESIAN_POINT('',(-36.8270597945224,-78.7342279051527,8.04104614328928));
#2054=CARTESIAN_POINT('',(-36.6629631150729,-78.8436169039407,8.04126106822696));
#2055=CARTESIAN_POINT('',(-36.5003175299416,-78.9520385842863,8.04147599316464));
#2056=CARTESIAN_POINT('',(-36.3270420043114,-79.0445080959882,8.04169091810226));
#2057=CARTESIAN_POINT('',(-36.14644940934,-79.119311835737,8.04190584303991));
#2058=CARTESIAN_POINT('',(-36.056153058272,-79.1567137284475,8.04212076797763));
#2059=CARTESIAN_POINT('',(-35.8719018143091,-79.2226846185406,8.04232863176226));
#2060=CARTESIAN_POINT('',(-35.6821101149011,-79.2704246388505,8.04248324674419));
#2061=CARTESIAN_POINT('',(-35.5862733757414,-79.2895956640897,8.04248161007836));
#2062=CARTESIAN_POINT('',(-35.4895815487893,-79.3089377388689,8.04253311450239));
#2063=CARTESIAN_POINT('',(-35.3431070409237,-79.3307760539794,8.04249201599178));
#2064=CARTESIAN_POINT('',(-35.1709631380841,-79.3435608504029,8.04260304177175));
#2065=CARTESIAN_POINT('',(-35.072415674953,-79.3472201879959,8.04250292751566));
#2066=CARTESIAN_POINT('',(-35.0231120427067,-79.3478311667712,8.04275799991365));
#2067=CARTESIAN_POINT('',(-34.9984602347324,-79.3478311660523,8.04240743750441));
#2068=CARTESIAN_POINT('',(-34.9984608544505,-73.3478220954944,8.1693013294261));
#2069=CARTESIAN_POINT('',(-35.1956768794057,-73.347822094329,8.16943931112763));
#2070=CARTESIAN_POINT('',(-35.3928896249584,-73.3673654144131,8.1695772928291));
#2071=CARTESIAN_POINT('',(-35.5862726550003,-73.4060471880392,8.16971527453051));
#2072=CARTESIAN_POINT('',(-35.7779459116316,-73.4443869612607,8.16985325623188));
#2073=CARTESIAN_POINT('',(-35.9658568719671,-73.5015282739771,8.16999123793337));
#2074=CARTESIAN_POINT('',(-36.1464498866242,-73.5763331213103,8.17012921963482));
#2075=CARTESIAN_POINT('',(-36.3270434428255,-73.6511381928594,8.17026720133622));
#2076=CARTESIAN_POINT('',(-36.5003190108127,-73.7436069053668,8.17040518303769));
#2077=CARTESIAN_POINT('',(-36.6629648828454,-73.8520288733481,8.17054316473915));
#2078=CARTESIAN_POINT('',(-36.8270606689806,-73.9614173739503,8.17068114644062));
#2079=CARTESIAN_POINT('',(-36.9803364049928,-74.0870448191302,8.17081912814203));
#2080=CARTESIAN_POINT('',(-37.1197877120451,-74.2264962601182,8.17095710984345));
#2081=CARTESIAN_POINT('',(-37.2592391177481,-74.3659477997465,8.17109509154496));
#2082=CARTESIAN_POINT('',(-37.384866075598,-74.5192233542303,8.17123307324634));
#2083=CARTESIAN_POINT('',(-37.4942547717574,-74.6833192972232,8.17137105494769));
#2084=CARTESIAN_POINT('',(-37.6026767667418,-74.8459650743589,8.17150903664922));
#2085=CARTESIAN_POINT('',(-37.6951462278695,-75.0192408458522,8.17164701835066));
#2086=CARTESIAN_POINT('',(-37.7699507237966,-75.1998342131692,8.17178500005213));
#2087=CARTESIAN_POINT('',(-37.844755088483,-75.380427263406,8.17192298175358));
#2088=CARTESIAN_POINT('',(-37.9018945514153,-75.5683378846755,8.17206096345497));
#2089=CARTESIAN_POINT('',(-37.9402364224442,-75.7600117046794,8.17219894515646));
#2090=CARTESIAN_POINT('',(-37.978920245101,-75.9533949660037,8.17233692685781));
#2091=CARTESIAN_POINT('',(-37.9984697008245,-76.1506088478604,8.1724749085593));
#2092=CARTESIAN_POINT('',(-37.9984691193051,-76.3478226224919,8.17261289026072));
#2093=CARTESIAN_POINT('',(-37.9984685377927,-76.5450363673732,8.17275087196212));
#2094=CARTESIAN_POINT('',(-37.9789179257224,-76.7422500051281,8.17288885366361));
#2095=CARTESIAN_POINT('',(-37.9402346637951,-76.9356335526305,8.17302683536507));
#2096=CARTESIAN_POINT('',(-37.9018933480801,-77.1273076589462,8.17316481706653));
#2097=CARTESIAN_POINT('',(-37.8447561281882,-77.3152190875657,8.17330279876787));
#2098=CARTESIAN_POINT('',(-37.7699519533809,-77.4958119068246,8.17344078046931));
#2099=CARTESIAN_POINT('',(-37.6951476004714,-77.6764051563035,8.17357876217075));
#2100=CARTESIAN_POINT('',(-37.6026762079356,-77.8496797628547,8.17371674387218));
#2101=CARTESIAN_POINT('',(-37.4942535847598,-78.0123253888825,8.17385472557353));
#2102=CARTESIAN_POINT('',(-37.384864314628,-78.1764210895787,8.17399270727507));
#2103=CARTESIAN_POINT('',(-37.259238128319,-78.3296974465609,8.17413068897646));
#2104=CARTESIAN_POINT('',(-37.1197871251936,-78.4691490222341,8.17426867067791));
#2105=CARTESIAN_POINT('',(-36.9803361531841,-78.6086005668011,8.17440665237934));
#2106=CARTESIAN_POINT('',(-36.8270603710643,-78.7342273369163,8.17454463408083));
#2107=CARTESIAN_POINT('',(-36.6629641821083,-78.8436161248362,8.17468261578224));
#2108=CARTESIAN_POINT('',(-36.5003182158966,-78.9520381742772,8.17482059748365));
#2109=CARTESIAN_POINT('',(-36.3270422443117,-79.0445079750466,8.17495857918503));
#2110=CARTESIAN_POINT('',(-36.1464491651207,-79.1193119100332,8.17509656088643));
#2111=CARTESIAN_POINT('',(-36.0561525581788,-79.1567139057454,8.17523454258801));
#2112=CARTESIAN_POINT('',(-35.8719007838388,-79.2226849518452,8.17536899371293));
#2113=CARTESIAN_POINT('',(-35.6821085100583,-79.2704250265049,8.17547682043642));
#2114=CARTESIAN_POINT('',(-35.5862714383419,-79.2895960517195,8.17550652133608));
#2115=CARTESIAN_POINT('',(-35.489579920225,-79.3089379980017,8.17556279278062));
#2116=CARTESIAN_POINT('',(-35.3431058932952,-79.3307761678798,8.17557276275793));
#2117=CARTESIAN_POINT('',(-35.1709625617783,-79.3435608788979,8.17565879488055));
#2118=CARTESIAN_POINT('',(-35.0724154280508,-79.3472201921067,8.17563925698504));
#2119=CARTESIAN_POINT('',(-35.0231119602083,-79.3478311667637,8.17579731241662));
#2120=CARTESIAN_POINT('',(-34.9984602347325,-79.3478311660525,8.17565255044463));
#2121=CARTESIAN_POINT('',(-34.9984608544505,-73.3478220954944,8.44214599696381));
#2122=CARTESIAN_POINT('',(-35.1956764189992,-73.347822095492,8.44214599696383));
#2123=CARTESIAN_POINT('',(-35.3928887041678,-73.367365326355,8.44214599696384));
#2124=CARTESIAN_POINT('',(-35.5862713003745,-73.4060469231806,8.44214599696384));
#2125=CARTESIAN_POINT('',(-35.7779450282268,-73.4443867014509,8.44214599696378));
#2126=CARTESIAN_POINT('',(-35.9658564502528,-73.501528111772,8.44214599696381));
#2127=CARTESIAN_POINT('',(-36.1464498913277,-73.5763331410653,8.44214599696387));
#2128=CARTESIAN_POINT('',(-36.327043964204,-73.6511384319435,8.44214599696383));
#2129=CARTESIAN_POINT('',(-36.5003200065037,-73.7436074658581,8.44214599696382));
#2130=CARTESIAN_POINT('',(-36.6629662814471,-73.8520298422714,8.44214599696381));
#2131=CARTESIAN_POINT('',(-36.8270615479053,-73.9614181375058,8.44214599696381));
#2132=CARTESIAN_POINT('',(-36.9803368151036,-74.0870452807923,8.44214599696379));
#2133=CARTESIAN_POINT('',(-37.1197877290135,-74.2264963433066,8.44214599696378));
#2134=CARTESIAN_POINT('',(-37.2592387580157,-74.3659475209006,8.44214599696384));
#2135=CARTESIAN_POINT('',(-37.384865411688,-74.5192226399455,8.44214599696381));
#2136=CARTESIAN_POINT('',(-37.4942538952784,-74.6833180978385,8.44214599696375));
#2137=CARTESIAN_POINT('',(-37.6026762636967,-74.8459642704841,8.4421459969638));
#2138=CARTESIAN_POINT('',(-37.6951460148678,-75.0192405044025,8.44214599696379));
#2139=CARTESIAN_POINT('',(-37.7699507031331,-75.1998343734596,8.44214599696382));
#2140=CARTESIAN_POINT('',(-37.8447552382842,-75.3804278725898,8.44214599696382));
#2141=CARTESIAN_POINT('',(-37.9018947845506,-75.5683389779361,8.44214599696378));
#2142=CARTESIAN_POINT('',(-37.9402366433716,-75.7600132906695,8.44214599696382));
#2143=CARTESIAN_POINT('',(-37.9789202606166,-75.9533960836143,8.44214599696378));
#2144=CARTESIAN_POINT('',(-37.9984696068104,-76.1506094673752,8.44214599696379));
#2145=CARTESIAN_POINT('',(-37.9984690147998,-76.3478227433024,8.4421459969638));
#2146=CARTESIAN_POINT('',(-37.9984684227972,-76.5450359845209,8.44214599696377));
#2147=CARTESIAN_POINT('',(-37.9789179003885,-76.7422491180195,8.44214599696381));
#2148=CARTESIAN_POINT('',(-37.9402348250744,-76.9356321900636,8.44214599696376));
#2149=CARTESIAN_POINT('',(-37.9018935027716,-77.12730678254,8.44214599696381));
#2150=CARTESIAN_POINT('',(-37.8447561819629,-77.3152186877882,8.44214599696382));
#2151=CARTESIAN_POINT('',(-37.7699518202067,-77.4958119478819,8.44214599696383));
#2152=CARTESIAN_POINT('',(-37.6951472506644,-77.6764057098985,8.4421459969638));
#2153=CARTESIAN_POINT('',(-37.6026755413458,-77.8496807876003,8.4421459969638));
#2154=CARTESIAN_POINT('',(-37.4942525160287,-78.0123268149551,8.4421459969638));
#2155=CARTESIAN_POINT('',(-37.3848634395657,-78.1764220214449,8.44214599696383));
#2156=CARTESIAN_POINT('',(-37.2592375396756,-78.3296979330428,8.44214599696379));
#2157=CARTESIAN_POINT('',(-37.1197868965785,-78.4691491359961,8.44214599696379));
#2158=CARTESIAN_POINT('',(-36.9803362897835,-78.6086003026592,8.44214599696379));
#2159=CARTESIAN_POINT('',(-36.8270609476052,-78.7342267686776,8.44214599696382));
#2160=CARTESIAN_POINT('',(-36.6629652491429,-78.8436153457298,8.4421459969638));
#2161=CARTESIAN_POINT('',(-36.5003189018514,-78.9520377642674,8.44214599696385));
#2162=CARTESIAN_POINT('',(-36.3270424843118,-79.0445078541043,8.44214599696382));
#2163=CARTESIAN_POINT('',(-36.1464489209012,-79.1193119843289,8.44214599696381));
#2164=CARTESIAN_POINT('',(-36.0561520580844,-79.1567140830408,8.44214599696382));
#2165=CARTESIAN_POINT('',(-35.8718997533671,-79.2226852851466,8.4421459969638));
#2166=CARTESIAN_POINT('',(-35.6821069052146,-79.2704254141572,8.44214599696378));
#2167=CARTESIAN_POINT('',(-35.5862695009418,-79.2895964393479,8.44214599696379));
#2168=CARTESIAN_POINT('',(-35.4895782916606,-79.3089382571345,8.4421459969638));
#2169=CARTESIAN_POINT('',(-35.3431047456668,-79.33077628178,8.44214599696382));
#2170=CARTESIAN_POINT('',(-35.170961985472,-79.3435609073917,8.44214599696382));
#2171=CARTESIAN_POINT('',(-35.0724151811487,-79.3472201962177,8.44214599696381));
#2172=CARTESIAN_POINT('',(-35.0231118777101,-79.3478311667564,8.44214599696382));
#2173=CARTESIAN_POINT('',(-34.9984602347324,-79.3478311660523,8.44214599696381));
#2174=CARTESIAN_POINT('',(-31.9384519169361,-79.4078312567579,8.44214599696381));
#2175=CARTESIAN_POINT('',(33.0000004938436,-73.3478220954944,7.350767326813));
#2176=CARTESIAN_POINT('',(32.8027817369324,-73.3478220954947,7.35076732681302));
#2177=CARTESIAN_POINT('',(32.6055662595559,-73.3673659590515,7.35076732681301));
#2178=CARTESIAN_POINT('',(32.4121806569827,-73.4060488016308,7.35076732681303));
#2179=CARTESIAN_POINT('',(32.220510258157,-73.4443885527092,7.35076732681302));
#2180=CARTESIAN_POINT('',(32.0326020984459,-73.5015292879432,7.35076732681299));
#2181=CARTESIAN_POINT('',(31.8520116727753,-73.5763330516658,7.35076732681302));
#2182=CARTESIAN_POINT('',(31.6714212471045,-73.651136815388,7.35076732681302));
#2183=CARTESIAN_POINT('',(31.4981485554739,-73.7436036075979,7.35076732681301));
#2184=CARTESIAN_POINT('',(31.3355051313865,-73.8520231331328,7.35076732681302));
#2185=CARTESIAN_POINT('',(31.1714062576718,-73.9614128740873,7.350767326813));
#2186=CARTESIAN_POINT('',(31.0181277392558,-74.0870421387777,7.35076732681302));
#2187=CARTESIAN_POINT('',(30.8786741038295,-74.2264958587573,7.35076732681304));
#2188=CARTESIAN_POINT('',(30.7392204684029,-74.3659495787364,7.35076732681301));
#2189=CARTESIAN_POINT('',(30.6135917159662,-74.5192277540055,7.35076732681301));
#2190=CARTESIAN_POINT('',(30.5042017748722,-74.6833266157474,7.35076732681302));
#2191=CARTESIAN_POINT('',(30.3957820509731,-74.8459700279682,7.35076732681298));
#2192=CARTESIAN_POINT('',(30.3033143605871,-75.0192430330589,7.35076732681303));
#2193=CARTESIAN_POINT('',(30.2285110491699,-75.1998333980828,7.35076732681302));
#2194=CARTESIAN_POINT('',(30.1537077377526,-75.3804237631066,7.35076732681298));
#2195=CARTESIAN_POINT('',(30.0965688053046,-75.5683314880653,7.35076732681305));
#2196=CARTESIAN_POINT('',(30.0582268915094,-75.7600023598384,7.350767326813));
#2197=CARTESIAN_POINT('',(30.0195418668602,-75.9533884395917,7.35076732681298));
#2198=CARTESIAN_POINT('',(29.9999917844409,-76.1506053181677,7.35076732681301));
#2199=CARTESIAN_POINT('',(29.999992333492,-76.3478220931754,7.35076732681302));
#2200=CARTESIAN_POINT('',(29.9999928825431,-76.5450388681829,7.35076732681302));
#2201=CARTESIAN_POINT('',(30.0195440630647,-76.742255539622,7.350767326813));
#2202=CARTESIAN_POINT('',(30.0582284751537,-76.935641948018,7.35076732681302));
#2203=CARTESIAN_POINT('',(30.0965697818215,-77.1273131455188,7.35076732681301));
#2204=CARTESIAN_POINT('',(30.1537064266905,-77.315221722521,7.350767326813));
#2205=CARTESIAN_POINT('',(30.2285095102848,-77.4958119049204,7.35076732681303));
#2206=CARTESIAN_POINT('',(30.3033125938789,-77.6764020873194,7.35076732681304));
#2207=CARTESIAN_POINT('',(30.3957821161978,-77.8496738751147,7.35076732681299));
#2208=CARTESIAN_POINT('',(30.5042023570039,-78.0123171013352,7.35076732681301));
#2209=CARTESIAN_POINT('',(30.6135928196308,-78.1764157754122,7.35076732681302));
#2210=CARTESIAN_POINT('',(30.7392207549334,-78.3296948128496,7.35076732681299));
#2211=CARTESIAN_POINT('',(30.87867394871,-78.4691486329895,7.35076732681302));
#2212=CARTESIAN_POINT('',(31.0181271424862,-78.6086024531287,7.35076732681298));
#2213=CARTESIAN_POINT('',(31.1714055947366,-78.7342310559702,7.35076732681299));
#2214=CARTESIAN_POINT('',(31.3355047571347,-78.8436211172458,7.35076732681298));
#2215=CARTESIAN_POINT('',(31.4981484673453,-78.9520409602605,7.35076732681298));
#2216=CARTESIAN_POINT('',(31.6714217936818,-79.044509034775,7.350767326813));
#2217=CARTESIAN_POINT('',(31.8520119980351,-79.1193118064836,7.35076732681299));
#2218=CARTESIAN_POINT('',(31.9423071002119,-79.1567131923383,7.35076732681302));
#2219=CARTESIAN_POINT('',(32.1265557435735,-79.2226833126437,7.35076732681298));
#2220=CARTESIAN_POINT('',(32.3163447513061,-79.2704230800448,7.35076732681298));
#2221=CARTESIAN_POINT('',(32.4121802178537,-79.2895941129946,7.350767326813));
#2222=CARTESIAN_POINT('',(32.5088732886656,-79.308936702052,7.35076732681303));
#2223=CARTESIAN_POINT('',(32.6553497131531,-79.3307755990621,7.35076732681302));
#2224=CARTESIAN_POINT('',(32.8274959073126,-79.3435607363227,7.35076732681303));
#2225=CARTESIAN_POINT('',(32.9260446846609,-79.347220171722,7.35076732681304));
#2226=CARTESIAN_POINT('',(32.9753489764274,-79.347831166757,7.35076732681301));
#2227=CARTESIAN_POINT('',(33.0000011135617,-79.3478311660524,7.350767326813));
#2228=CARTESIAN_POINT('',(33.0000004938436,-73.3478220954944,7.41897849369742));
#2229=CARTESIAN_POINT('',(32.8027821668576,-73.3478220885106,7.41955187608911));
#2230=CARTESIAN_POINT('',(32.6055671193842,-73.3673658546984,7.42012525848074));
#2231=CARTESIAN_POINT('',(32.4121819201655,-73.4060485123295,7.42069864087245));
#2232=CARTESIAN_POINT('',(32.2205110196379,-73.4443882603088,7.42127202326411));
#2233=CARTESIAN_POINT('',(32.0326023677554,-73.5015290850001,7.42184540565576));
#2234=CARTESIAN_POINT('',(31.8520114851861,-73.5763330225344,7.42241878804741));
#2235=CARTESIAN_POINT('',(31.6714205123593,-73.651136997438,7.42299217043908));
#2236=CARTESIAN_POINT('',(31.4981473159348,-73.7436041029068,7.42356555283064));
#2237=CARTESIAN_POINT('',(31.3355034584555,-73.8520240287258,7.42413893522227));
#2238=CARTESIAN_POINT('',(31.1714050739366,-73.9614135561651,7.42471231761392));
#2239=CARTESIAN_POINT('',(31.0181269938537,-74.0870425108139,7.4252857000056));
#2240=CARTESIAN_POINT('',(30.8786737210887,-74.2264958441714,7.42585908239723));
#2241=CARTESIAN_POINT('',(30.7392204318815,-74.365949193968,7.42643246478878));
#2242=CARTESIAN_POINT('',(30.6135919531418,-74.51922692565,7.42700584718046));
#2243=CARTESIAN_POINT('',(30.5042021941358,-74.6833252941437,7.42757922957208));
#2244=CARTESIAN_POINT('',(30.395782066322,-74.8459690937275,7.42815261196378));
#2245=CARTESIAN_POINT('',(30.3033140554117,-75.0192425530958,7.4287259943555));
#2246=CARTESIAN_POINT('',(30.2285105211755,-75.1998334117124,7.42929937674719));
#2247=CARTESIAN_POINT('',(30.1537070088128,-75.3804242174827,7.42987275913889));
#2248=CARTESIAN_POINT('',(30.0965679625499,-75.5683324183702,7.43044614153063));
#2249=CARTESIAN_POINT('',(30.0582260304813,-75.7600037747243,7.43101952392215));
#2250=CARTESIAN_POINT('',(30.0195411807629,-75.9533893779492,7.43159290631373));
#2251=CARTESIAN_POINT('',(29.9999911773913,-76.1506057502804,7.43216628870525));
#2252=CARTESIAN_POINT('',(29.9999917064533,-76.3478220184361,7.43273967109698));
#2253=CARTESIAN_POINT('',(29.9999922355128,-76.5450382816307,7.43331305348843));
#2254=CARTESIAN_POINT('',(30.0195432958916,-76.7422544406654,7.43388643588003));
#2255=CARTESIAN_POINT('',(30.0582274908861,-76.9356403654559,7.43445981827171));
#2256=CARTESIAN_POINT('',(30.0965687736605,-77.1273120409686,7.43503320066326));
#2257=CARTESIAN_POINT('',(30.1537054889657,-77.3152210864506,7.43560658305491));
#2258=CARTESIAN_POINT('',(30.2285087290281,-77.4958117015369,7.43617996544662));
#2259=CARTESIAN_POINT('',(30.3033119987738,-77.6764023883258,7.43675334783826));
#2260=CARTESIAN_POINT('',(30.3957818073944,-77.8496746391234,7.43732673022982));
#2261=CARTESIAN_POINT('',(30.5042024198615,-78.0123182585226,7.43790011262154));
#2262=CARTESIAN_POINT('',(30.6135926583383,-78.176416430246,7.43847349501318));
#2263=CARTESIAN_POINT('',(30.7392202767409,-78.3296950141506,7.43904687740477));
#2264=CARTESIAN_POINT('',(30.8786730800079,-78.4691484534224,7.43962025979641));
#2265=CARTESIAN_POINT('',(31.0181258780888,-78.6086018875097,7.44019364218803));
#2266=CARTESIAN_POINT('',(31.1714038599164,-78.7342301781066,7.44076702457966));
#2267=CARTESIAN_POINT('',(31.33550250134,-78.8436200203663,7.44134040697129));
#2268=CARTESIAN_POINT('',(31.4981465621499,-78.9520402243291,7.44191378936297));
#2269=CARTESIAN_POINT('',(31.6714203039602,-79.044508579763,7.44248717175464));
#2270=CARTESIAN_POINT('',(31.8520109620523,-79.1193115385613,7.44306055414627));
#2271=CARTESIAN_POINT('',(31.9423062896225,-79.156713019269,7.44363393653797));
#2272=CARTESIAN_POINT('',(32.1265554120758,-79.2226832853377,7.44418613565583));
#2273=CARTESIAN_POINT('',(32.3163448139943,-79.2704230882458,7.44457858910368));
#2274=CARTESIAN_POINT('',(32.412180222928,-79.2895941135815,7.44450228619697));
#2275=CARTESIAN_POINT('',(32.5088732852193,-79.3089367023481,7.44458540879123));
#2276=CARTESIAN_POINT('',(32.6553497168304,-79.3307755983874,7.44439071711866));
#2277=CARTESIAN_POINT('',(32.8274959049562,-79.3435607364348,7.44465240721274));
#2278=CARTESIAN_POINT('',(32.9260446857072,-79.3472201715591,7.44428066465532));
#2279=CARTESIAN_POINT('',(32.9753489755585,-79.3478311668163,7.44497450330739));
#2280=CARTESIAN_POINT('',(33.0000011135408,-79.3478311660558,7.44385140113973));
#2281=CARTESIAN_POINT('',(33.0000004938436,-73.3478220954944,7.48718966058185));
#2282=CARTESIAN_POINT('',(32.8027826272643,-73.3478220896742,7.48769290514024));
#2283=CARTESIAN_POINT('',(32.6055680401755,-73.3673657666412,7.48819614969856));
#2284=CARTESIAN_POINT('',(32.4121832747925,-73.4060482474713,7.48869939425695));
#2285=CARTESIAN_POINT('',(32.2205119030445,-73.4443880004992,7.48920263881529));
#2286=CARTESIAN_POINT('',(32.0326027894719,-73.5015289227954,7.48970588337364));
#2287=CARTESIAN_POINT('',(31.8520114804856,-73.5763330422899,7.49020912793203));
#2288=CARTESIAN_POINT('',(31.6714199909844,-73.6511372365225,7.49071237249037));
#2289=CARTESIAN_POINT('',(31.4981463202474,-73.7436046633984,7.49121561704859));
#2290=CARTESIAN_POINT('',(31.3355020598576,-73.8520249976491,7.49171886160683));
#2291=CARTESIAN_POINT('',(31.1714041950159,-73.9614143197209,7.49222210616517));
#2292=CARTESIAN_POINT('',(31.0181265837475,-74.0870429724762,7.49272535072354));
#2293=CARTESIAN_POINT('',(30.8786737041258,-74.2264959273603,7.49322859528194));
#2294=CARTESIAN_POINT('',(30.7392207916197,-74.3659489151227,7.49373183984014));
#2295=CARTESIAN_POINT('',(30.6135926170586,-74.5192262113658,7.49423508439859));
#2296=CARTESIAN_POINT('',(30.5042030706218,-74.6833240947586,7.49473832895681));
#2297=CARTESIAN_POINT('',(30.3957825693744,-74.8459682898527,7.49524157351519));
#2298=CARTESIAN_POINT('',(30.3033142684212,-75.0192422116463,7.49574481807363));
#2299=CARTESIAN_POINT('',(30.2285105418469,-75.1998335720021,7.49624806263192));
#2300=CARTESIAN_POINT('',(30.1537068590198,-75.3804248266653,7.49675130719027));
#2301=CARTESIAN_POINT('',(30.0965677294231,-75.5683335116288,7.49725455174861));
#2302=CARTESIAN_POINT('',(30.058225809563,-75.7600053607131,7.4977577963069));
#2303=CARTESIAN_POINT('',(30.0195411652576,-75.9533904955585,7.49826104086524));
#2304=CARTESIAN_POINT('',(29.9999912714169,-76.1506063697968,7.49876428542367));
#2305=CARTESIAN_POINT('',(29.9999918109703,-76.3478221392469,7.49926752998199));
#2306=CARTESIAN_POINT('',(29.999992350521,-76.5450378987793,7.4997707745402));
#2307=CARTESIAN_POINT('',(30.0195433212385,-76.7422535535578,7.5002740190985));
#2308=CARTESIAN_POINT('',(30.0582273296198,-76.9356390028902,7.50077726365683));
#2309=CARTESIAN_POINT('',(30.0965686189827,-77.1273111645634,7.50128050821508));
#2310=CARTESIAN_POINT('',(30.1537054352055,-77.3152206866729,7.5017837527734));
#2311=CARTESIAN_POINT('',(30.2285088622175,-77.4958117425944,7.50228699733186));
#2312=CARTESIAN_POINT('',(30.3033123485965,-77.6764029419212,7.50279024189019));
#2313=CARTESIAN_POINT('',(30.3957824740003,-77.849675663869,7.50329348644841));
#2314=CARTESIAN_POINT('',(30.5042034886093,-78.0123196845937,7.50379673100677));
#2315=CARTESIAN_POINT('',(30.6135935334176,-78.1764173621113,7.50429997556508));
#2316=CARTESIAN_POINT('',(30.7392208654015,-78.3296955006309,7.50480322012331));
#2317=CARTESIAN_POINT('',(30.8786733086406,-78.4691485671828,7.50530646468164));
#2318=CARTESIAN_POINT('',(31.0181257415076,-78.608601623366,7.50580970923994));
#2319=CARTESIAN_POINT('',(31.1714032833941,-78.7342296098663,7.50631295379826));
#2320=CARTESIAN_POINT('',(31.3355014343243,-78.8436192412577,7.50681619835654));
#2321=CARTESIAN_POINT('',(31.4981458762149,-78.952039814316,7.50731944291488));
#2322=CARTESIAN_POINT('',(31.6714200639807,-79.0445084588177,7.50782268747331));
#2323=CARTESIAN_POINT('',(31.8520112062932,-79.1193116128544,7.5083259320317));
#2324=CARTESIAN_POINT('',(31.9423067897385,-79.1567131965633,7.50882917659012));
#2325=CARTESIAN_POINT('',(32.1265564425694,-79.222683618638,7.50931476842028));
#2326=CARTESIAN_POINT('',(32.3163464188604,-79.2704234758959,7.50966723885874));
#2327=CARTESIAN_POINT('',(32.4121821603507,-79.2895945012064,7.50962907900167));
#2328=CARTESIAN_POINT('',(32.5088749138075,-79.3089369614765,7.50972377372887));
#2329=CARTESIAN_POINT('',(32.6553508644829,-79.3307757122836,7.50958695656705));
#2330=CARTESIAN_POINT('',(32.8274964812873,-79.3435607649251,7.50983045754408));
#2331=CARTESIAN_POINT('',(32.9260449326337,-79.3472201756657,7.50954609797813));
#2332=CARTESIAN_POINT('',(32.9753490580834,-79.3478311668029,7.51014972275347));
#2333=CARTESIAN_POINT('',(33.0000011135653,-79.347831166052,7.50923923017907));
#2334=CARTESIAN_POINT('',(33.0000004938436,-73.3478220954943,7.6236119943507));
#2335=CARTESIAN_POINT('',(32.8027830876703,-73.3478220908375,7.62404239020235));
#2336=CARTESIAN_POINT('',(32.6055689609653,-73.3673656785832,7.62447278605392));
#2337=CARTESIAN_POINT('',(32.4121846294176,-73.4060479826129,7.62490318190563));
#2338=CARTESIAN_POINT('',(32.2205127864488,-73.4443877406895,7.62533357775728));
#2339=CARTESIAN_POINT('',(32.0326032111852,-73.5015287605901,7.62576397360885));
#2340=CARTESIAN_POINT('',(31.8520114757813,-73.5763330620445,7.62619436946056));
#2341=CARTESIAN_POINT('',(31.6714194696051,-73.651137475607,7.62662476531224));
#2342=CARTESIAN_POINT('',(31.4981453245554,-73.7436052238901,7.62705516116374));
#2343=CARTESIAN_POINT('',(31.3355006612548,-73.8520259665733,7.62748555701526));
#2344=CARTESIAN_POINT('',(31.1714033160896,-73.9614150832774,7.62791595286687));
#2345=CARTESIAN_POINT('',(31.0181261736351,-74.0870434341388,7.62834634871851));
#2346=CARTESIAN_POINT('',(30.8786736871555,-74.2264960105488,7.62877674457015));
#2347=CARTESIAN_POINT('',(30.7392211513506,-74.3659486362784,7.62920714042179));
#2348=CARTESIAN_POINT('',(30.6135932809675,-74.5192254970829,7.62963753627358));
#2349=CARTESIAN_POINT('',(30.5042039471,-74.6833228953758,7.63006793212512));
#2350=CARTESIAN_POINT('',(30.3957830724179,-74.845967485979,7.63049832797668));
#2351=CARTESIAN_POINT('',(30.303314481421,-75.0192418701977,7.63092872382839));
#2352=CARTESIAN_POINT('',(30.2285105625083,-75.1998337322931,7.63135911967992));
#2353=CARTESIAN_POINT('',(30.1537067092164,-75.3804254358499,7.63178951553157));
#2354=CARTESIAN_POINT('',(30.0965674962859,-75.5683346048908,7.6322199113833));
#2355=CARTESIAN_POINT('',(30.0582255886338,-75.7600069467052,7.6326503072349));
#2356=CARTESIAN_POINT('',(30.0195411497402,-75.9533916131702,7.6330807030865));
#2357=CARTESIAN_POINT('',(29.9999913654291,-76.1506069893139,7.63351109893827));
#2358=CARTESIAN_POINT('',(29.9999919154742,-76.3478222600601,7.63394149478996));
#2359=CARTESIAN_POINT('',(29.999992465515,-76.5450375159294,7.63437189064147));
#2360=CARTESIAN_POINT('',(30.0195433465706,-76.7422526664517,7.63480228649302));
#2361=CARTESIAN_POINT('',(30.0582271683388,-76.9356376403273,7.63523268234472));
#2362=CARTESIAN_POINT('',(30.0965684642894,-77.1273102881604,7.63566307819623));
#2363=CARTESIAN_POINT('',(30.1537053814294,-77.315220286898,7.63609347404786));
#2364=CARTESIAN_POINT('',(30.2285089953904,-77.4958117836542,7.63652386989962));
#2365=CARTESIAN_POINT('',(30.3033126984021,-77.6764034955198,7.63695426575131));
#2366=CARTESIAN_POINT('',(30.3957831405887,-77.8496766886181,7.63738466160281));
#2367=CARTESIAN_POINT('',(30.5042045573392,-78.0123211106685,7.63781505745443));
#2368=CARTESIAN_POINT('',(30.6135944084782,-78.1764182939802,7.63824545330601));
#2369=CARTESIAN_POINT('',(30.7392214540435,-78.3296959871161,7.63867584915761));
#2370=CARTESIAN_POINT('',(30.8786735372538,-78.4691486809477,7.63910624500915));
#2371=CARTESIAN_POINT('',(31.0181256049066,-78.6086013592274,7.63953664086081));
#2372=CARTESIAN_POINT('',(31.1714027068516,-78.7342290416318,7.63996703671247));
#2373=CARTESIAN_POINT('',(31.3355003672881,-78.8436184621552,7.64039743256403));
#2374=CARTESIAN_POINT('',(31.4981451902589,-78.9520394043094,7.64082782841566));
#2375=CARTESIAN_POINT('',(31.671419823979,-79.0445083378773,7.64125822426728));
#2376=CARTESIAN_POINT('',(31.8520114505111,-79.1193116871516,7.64168862011895));
#2377=CARTESIAN_POINT('',(31.9423072898304,-79.1567133738605,7.64211901597058));
#2378=CARTESIAN_POINT('',(32.1265574730384,-79.2226839519413,7.64253528963965));
#2379=CARTESIAN_POINT('',(32.3163480237016,-79.2704238635497,7.64284506619535));
#2380=CARTESIAN_POINT('',(32.4121840977483,-79.2895948888363,7.64284233851468));
#2381=CARTESIAN_POINT('',(32.50887654237,-79.3089372206097,7.6429458945014));
#2382=CARTESIAN_POINT('',(32.655352012109,-79.3307758261844,7.64286424097689));
#2383=CARTESIAN_POINT('',(32.8274970575912,-79.3435607934197,7.64308684196344));
#2384=CARTESIAN_POINT('',(32.9260451795331,-79.3472201797774,7.64288715451565));
#2385=CARTESIAN_POINT('',(32.9753491405803,-79.3478311667948,7.64339785454086));
#2386=CARTESIAN_POINT('',(33.0000011135611,-79.3478311660526,7.64269726068624));
#2387=CARTESIAN_POINT('',(33.0000004938436,-73.3478220954944,7.8964566618884));
#2388=CARTESIAN_POINT('',(32.8027835480765,-73.3478220920013,7.89674840843403));
#2389=CARTESIAN_POINT('',(32.6055698817557,-73.3673655905264,7.89704015497958));
#2390=CARTESIAN_POINT('',(32.4121859840434,-73.4060477177553,7.89733190152526));
#2391=CARTESIAN_POINT('',(32.2205136698537,-73.4443874808807,7.89762364807087));
#2392=CARTESIAN_POINT('',(32.0326036328998,-73.5015285983869,7.89791539461649));
#2393=CARTESIAN_POINT('',(31.8520114710782,-73.5763330818007,7.89820714116211));
#2394=CARTESIAN_POINT('',(31.6714189482271,-73.6511377146926,7.89849888770778));
#2395=CARTESIAN_POINT('',(31.4981443288648,-73.7436057843835,7.89879063425327));
#2396=CARTESIAN_POINT('',(31.3354992626537,-73.8520269354997,7.89908238079882));
#2397=CARTESIAN_POINT('',(31.1714024371652,-73.9614158468362,7.89937412734438));
#2398=CARTESIAN_POINT('',(31.0181257635247,-74.0870438958039,7.89966587388995));
#2399=CARTESIAN_POINT('',(30.8786736701874,-74.2264960937395,7.89995762043553));
#2400=CARTESIAN_POINT('',(30.7392215110833,-74.3659483574353,7.90024936698113));
#2401=CARTESIAN_POINT('',(30.613593944878,-74.5192247828002,7.90054111352687));
#2402=CARTESIAN_POINT('',(30.5042048235799,-74.6833216959937,7.90083286007245));
#2403=CARTESIAN_POINT('',(30.395783575464,-74.8459666821078,7.90112460661802));
#2404=CARTESIAN_POINT('',(30.3033146944236,-75.0192415287513,7.90141635316366));
#2405=CARTESIAN_POINT('',(30.2285105831727,-75.1998338925872,7.90170809970919));
#2406=CARTESIAN_POINT('',(30.1537065594159,-75.380426045037,7.90199984625476));
#2407=CARTESIAN_POINT('',(30.0965672631514,-75.5683356981544,7.90229159280043));
#2408=CARTESIAN_POINT('',(30.0582253677068,-75.7600085326977,7.90258333934593));
#2409=CARTESIAN_POINT('',(30.0195411342253,-75.9533927307826,7.90287508589149));
#2410=CARTESIAN_POINT('',(29.9999914594436,-76.1506076088307,7.90316683243719));
#2411=CARTESIAN_POINT('',(29.9999920199803,-76.3478223808726,7.90345857898288));
#2412=CARTESIAN_POINT('',(29.9999925805115,-76.5450371330793,7.90375032552837));
#2413=CARTESIAN_POINT('',(30.0195433719054,-76.7422517793456,7.90404207207391));
#2414=CARTESIAN_POINT('',(30.0582270070601,-76.9356362777635,7.90433381861957));
#2415=CARTESIAN_POINT('',(30.0965683095988,-77.1273094117573,7.90462556516506));
#2416=CARTESIAN_POINT('',(30.153705327656,-77.3152198871224,7.90491731171065));
#2417=CARTESIAN_POINT('',(30.2285091285659,-77.4958118247133,7.90520905825636));
#2418=CARTESIAN_POINT('',(30.3033130482099,-77.6764040491159,7.90550080480191));
#2419=CARTESIAN_POINT('',(30.3957838071795,-77.849677713365,7.90579255134741));
#2420=CARTESIAN_POINT('',(30.5042056260717,-78.0123225367417,7.90608429789299));
#2421=CARTESIAN_POINT('',(30.613595283542,-78.1764192258483,7.9063760444386));
#2422=CARTESIAN_POINT('',(30.7392220426882,-78.3296964735992,7.90666779098411));
#2423=CARTESIAN_POINT('',(30.8786737658704,-78.4691487947115,7.90695953752967));
#2424=CARTESIAN_POINT('',(31.0181254683084,-78.6086010950865,7.90725128407522));
#2425=CARTESIAN_POINT('',(31.1714021303117,-78.7342284733939,7.9075430306208));
#2426=CARTESIAN_POINT('',(31.3354993002551,-78.8436176830506,7.90783477716644));
#2427=CARTESIAN_POINT('',(31.4981445043061,-78.9520389943005,7.90812652371203));
#2428=CARTESIAN_POINT('',(31.6714195839808,-79.0445082169353,7.90841827025757));
#2429=CARTESIAN_POINT('',(31.8520116947324,-79.1193117614467,7.90871001680315));
#2430=CARTESIAN_POINT('',(31.9423077899262,-79.1567135511566,7.90900176334876));
#2431=CARTESIAN_POINT('',(32.1265585035113,-79.2226842852432,7.90928291825738));
#2432=CARTESIAN_POINT('',(32.3163496285472,-79.2704242512032,7.90948420033111));
#2433=CARTESIAN_POINT('',(32.4121860351503,-79.2895952764653,7.90945110422743));
#2434=CARTESIAN_POINT('',(32.5088781709369,-79.3089374797424,7.90949772087438));
#2435=CARTESIAN_POINT('',(32.6553531597395,-79.3307759400843,7.90940543038782));
#2436=CARTESIAN_POINT('',(32.8274976339,-79.3435608219139,7.90954133078462));
#2437=CARTESIAN_POINT('',(32.9260454264369,-79.347220183888,7.90936051485557));
#2438=CARTESIAN_POINT('',(32.9753492230819,-79.3478311667853,7.90971248953131));
#2439=CARTESIAN_POINT('',(33.000001113562,-79.3478311660528,7.90915599379723));
#2440=CARTESIAN_POINT('',(33.0000004938436,-73.3478220954944,8.03287899565725));
#2441=CARTESIAN_POINT('',(32.8027840084829,-73.3478220931653,8.03309392042765));
#2442=CARTESIAN_POINT('',(32.6055708025461,-73.3673655024697,8.03330884519793));
#2443=CARTESIAN_POINT('',(32.4121873386688,-73.4060474528972,8.03352376996827));
#2444=CARTESIAN_POINT('',(32.2205145532582,-73.4443872210708,8.03373869473858));
#2445=CARTESIAN_POINT('',(32.0326040546138,-73.5015284361822,8.03395361950894));
#2446=CARTESIAN_POINT('',(31.8520114663745,-73.5763331015558,8.03416854427928));
#2447=CARTESIAN_POINT('',(31.6714184268483,-73.6511379537766,8.03438346904966));
#2448=CARTESIAN_POINT('',(31.4981433331734,-73.7436063448751,8.03459839381986));
#2449=CARTESIAN_POINT('',(31.3354978640517,-73.8520279044241,8.03481331859018));
#2450=CARTESIAN_POINT('',(31.1714015582398,-73.9614166103929,8.03502824336046));
#2451=CARTESIAN_POINT('',(31.0181253534135,-74.0870443574672,8.03524316813079));
#2452=CARTESIAN_POINT('',(30.8786736532187,-74.2264961769293,8.03545809290111));
#2453=CARTESIAN_POINT('',(30.7392218708149,-74.36594807859,8.03567301767132));
#2454=CARTESIAN_POINT('',(30.6135946087873,-74.5192240685152,8.03588794244175));
#2455=CARTESIAN_POINT('',(30.5042057000587,-74.6833204966095,8.03610286721213));
#2456=CARTESIAN_POINT('',(30.3957840785088,-74.845965878234,8.03631779198245));
#2457=CARTESIAN_POINT('',(30.3033149074249,-75.0192411873028,8.03653271675282));
#2458=CARTESIAN_POINT('',(30.2285106038363,-75.1998340528799,8.03674764152317));
#2459=CARTESIAN_POINT('',(30.1537064096147,-75.3804266542229,8.03696256629346));
#2460=CARTESIAN_POINT('',(30.0965670300161,-75.5683367914167,8.03717749106382));
#2461=CARTESIAN_POINT('',(30.0582251467792,-75.7600101186894,8.03739241583402));
#2462=CARTESIAN_POINT('',(30.0195411187096,-75.9533938483941,8.0376073406043));
#2463=CARTESIAN_POINT('',(29.9999915534571,-76.1506082283461,8.03782226537464));
#2464=CARTESIAN_POINT('',(29.9999921244851,-76.3478225016829,8.038037190145));
#2465=CARTESIAN_POINT('',(29.9999926955069,-76.5450367502273,8.03825211491528));
#2466=CARTESIAN_POINT('',(30.019543397239,-76.7422508922375,8.03846703968554));
#2467=CARTESIAN_POINT('',(30.0582268457802,-76.9356349151978,8.03868196445593));
#2468=CARTESIAN_POINT('',(30.0965681549068,-77.127308535352,8.03889688922614));
#2469=CARTESIAN_POINT('',(30.1537052738812,-77.3152194873448,8.03911181399645));
#2470=CARTESIAN_POINT('',(30.2285092617397,-77.4958118657695,8.03932673876682));
#2471=CARTESIAN_POINT('',(30.3033133980163,-77.6764046027098,8.03954166353705));
#2472=CARTESIAN_POINT('',(30.3957844737692,-77.8496787381104,8.03975658830736));
#2473=CARTESIAN_POINT('',(30.5042066948029,-78.0123239628128,8.03997151307765));
#2474=CARTESIAN_POINT('',(30.6135961586043,-78.1764201577142,8.04018643784801));
#2475=CARTESIAN_POINT('',(30.7392226313316,-78.3296969600804,8.04040136261824));
#2476=CARTESIAN_POINT('',(30.8786739944854,-78.4691489084731,8.04061628738854));
#2477=CARTESIAN_POINT('',(31.0181253317091,-78.6086008309441,8.04083121215881));
#2478=CARTESIAN_POINT('',(31.1714015537707,-78.734227905155,8.04104613692911));
#2479=CARTESIAN_POINT('',(31.33549823322,-78.8436169039427,8.04126106169937));
#2480=CARTESIAN_POINT('',(31.4981438183514,-78.9520385842888,8.04147598646971));
#2481=CARTESIAN_POINT('',(31.6714193439811,-79.0445080959913,8.04169091124001));
#2482=CARTESIAN_POINT('',(31.8520119389527,-79.1193118357413,8.0419058360104));
#2483=CARTESIAN_POINT('',(31.9423082900209,-79.1567137284519,8.04212076078074));
#2484=CARTESIAN_POINT('',(32.1265595339833,-79.2226846185448,8.04232862445972));
#2485=CARTESIAN_POINT('',(32.3163512333912,-79.2704246388548,8.0424832395821));
#2486=CARTESIAN_POINT('',(32.4121879725507,-79.2895956640924,8.04248160258617));
#2487=CARTESIAN_POINT('',(32.5088797995022,-79.3089377388728,8.04253310742406));
#2488=CARTESIAN_POINT('',(32.6553543073685,-79.3307760539822,8.04249200750627));
#2489=CARTESIAN_POINT('',(32.8274982102073,-79.3435608504064,8.0426030348441));
#2490=CARTESIAN_POINT('',(32.9260456733395,-79.3472201879977,8.04250291796463));
#2491=CARTESIAN_POINT('',(32.9753493055826,-79.3478311667759,8.04275799482176));
#2492=CARTESIAN_POINT('',(33.0000011135618,-79.3478311660526,8.04240742473893));
#2493=CARTESIAN_POINT('',(33.0000004938436,-73.3478220954944,8.16930132942611));
#2494=CARTESIAN_POINT('',(32.8027844688891,-73.347822094329,8.16943931100273));
#2495=CARTESIAN_POINT('',(32.6055717233366,-73.3673654144129,8.16957729257928));
#2496=CARTESIAN_POINT('',(32.4121886932945,-73.4060471880394,8.16971527415582));
#2497=CARTESIAN_POINT('',(32.2205154366629,-73.4443869612614,8.16985325573234));
#2498=CARTESIAN_POINT('',(32.0326044763276,-73.5015282739769,8.16999123730884));
#2499=CARTESIAN_POINT('',(31.8520114616706,-73.5763331213103,8.1701292188854));
#2500=CARTESIAN_POINT('',(31.6714179054692,-73.6511381928598,8.17026720046194));
#2501=CARTESIAN_POINT('',(31.4981423374818,-73.7436069053661,8.17040518203842));
#2502=CARTESIAN_POINT('',(31.3354964654493,-73.8520288733473,8.17054316361495));
#2503=CARTESIAN_POINT('',(31.1714006793143,-73.9614173739492,8.1706811451915));
#2504=CARTESIAN_POINT('',(31.0181249433021,-74.0870448191301,8.17081912676807));
#2505=CARTESIAN_POINT('',(30.8786736362499,-74.2264962601186,8.17095710834464));
#2506=CARTESIAN_POINT('',(30.739222230547,-74.3659477997457,8.17109508992111));
#2507=CARTESIAN_POINT('',(30.6135952726968,-74.5192233542304,8.17123307149767));
#2508=CARTESIAN_POINT('',(30.504206576537,-74.6833192972239,8.1713710530742));
#2509=CARTESIAN_POINT('',(30.3957845815529,-74.8459650743584,8.17150903465071));
#2510=CARTESIAN_POINT('',(30.3033151204255,-75.0192408458525,8.17164701622732));
#2511=CARTESIAN_POINT('',(30.2285106244988,-75.1998342131698,8.17178499780391));
#2512=CARTESIAN_POINT('',(30.1537062598123,-75.3804272634059,8.17192297938039));
#2513=CARTESIAN_POINT('',(30.0965667968797,-75.5683378846764,8.17206096095697));
#2514=CARTESIAN_POINT('',(30.0582249258509,-75.7600117046793,8.17219894253346));
#2515=CARTESIAN_POINT('',(30.0195411031934,-75.9533949660038,8.17233692410993));
#2516=CARTESIAN_POINT('',(29.99999164747,-76.15060884786,8.17247490568645));
#2517=CARTESIAN_POINT('',(29.9999922289893,-76.3478226224917,8.17261288726299));
#2518=CARTESIAN_POINT('',(29.9999928105018,-76.5450363673743,8.17275086883962));
#2519=CARTESIAN_POINT('',(30.0195434225721,-76.7422500051282,8.17288885041608));
#2520=CARTESIAN_POINT('',(30.0582266844996,-76.9356335526303,8.17302683199264));
#2521=CARTESIAN_POINT('',(30.0965680002145,-77.1273076589455,8.17316481356913));
#2522=CARTESIAN_POINT('',(30.1537052201059,-77.3152190875656,8.17330279514563));
#2523=CARTESIAN_POINT('',(30.2285093949135,-77.4958119068255,8.17344077672227));
#2524=CARTESIAN_POINT('',(30.3033137478232,-77.6764051563046,8.17357875829882));
#2525=CARTESIAN_POINT('',(30.3957851403586,-77.8496797628549,8.17371673987527));
#2526=CARTESIAN_POINT('',(30.5042077635341,-78.0123253888837,8.17385472145181));
#2527=CARTESIAN_POINT('',(30.6135970336667,-78.1764210895801,8.17399270302845));
#2528=CARTESIAN_POINT('',(30.7392232199753,-78.3296974465623,8.17413068460495));
#2529=CARTESIAN_POINT('',(30.8786742231008,-78.4691490222356,8.1742686661815));
#2530=CARTESIAN_POINT('',(31.01812519511,-78.6086005668022,8.17440664775797));
#2531=CARTESIAN_POINT('',(31.1714009772299,-78.7342273369164,8.17454462933447));
#2532=CARTESIAN_POINT('',(31.3354971661857,-78.8436161248363,8.17468261091097));
#2533=CARTESIAN_POINT('',(31.4981431323974,-78.9520381742783,8.17482059248755));
#2534=CARTESIAN_POINT('',(31.6714191039819,-79.044507975048,8.17495857406408));
#2535=CARTESIAN_POINT('',(31.852012183173,-79.1193119100355,8.17509655564067));
#2536=CARTESIAN_POINT('',(31.9423087901156,-79.156713905747,8.17523453721724));
#2537=CARTESIAN_POINT('',(32.1265605644554,-79.2226849518464,8.1753689882481));
#2538=CARTESIAN_POINT('',(32.3163528382359,-79.2704250265075,8.17547681500074));
#2539=CARTESIAN_POINT('',(32.412189909952,-79.2895960517214,8.17550651569413));
#2540=CARTESIAN_POINT('',(32.5088814280683,-79.3089379980049,8.17556278730447));
#2541=CARTESIAN_POINT('',(32.6553554549984,-79.3307761678822,8.17557275653694));
#2542=CARTESIAN_POINT('',(32.8274987865152,-79.3435608789002,8.17565878939724));
#2543=CARTESIAN_POINT('',(32.9260459202429,-79.3472201921088,8.17563925014888));
#2544=CARTESIAN_POINT('',(32.9753493880835,-79.3478311667664,8.17579730776874));
#2545=CARTESIAN_POINT('',(33.0000011135618,-79.3478311660526,8.17565254191869));
#2546=CARTESIAN_POINT('',(33.0000004938436,-73.3478220954944,8.44214599696381));
#2547=CARTESIAN_POINT('',(32.802784929295,-73.347822095492,8.44214599696384));
#2548=CARTESIAN_POINT('',(32.6055726441265,-73.3673653263548,8.44214599696383));
#2549=CARTESIAN_POINT('',(32.4121900479198,-73.4060469231808,8.44214599696386));
#2550=CARTESIAN_POINT('',(32.2205163200672,-73.4443867014514,8.44214599696383));
#2551=CARTESIAN_POINT('',(32.0326048980414,-73.5015281117718,8.4421459969638));
#2552=CARTESIAN_POINT('',(31.8520114569668,-73.576333141065,8.44214599696383));
#2553=CARTESIAN_POINT('',(31.6714173840904,-73.6511384319437,8.44214599696384));
#2554=CARTESIAN_POINT('',(31.4981413417905,-73.7436074658578,8.44214599696382));
#2555=CARTESIAN_POINT('',(31.3354950668472,-73.8520298422717,8.44214599696383));
#2556=CARTESIAN_POINT('',(31.1713998003888,-73.9614181375058,8.44214599696382));
#2557=CARTESIAN_POINT('',(31.0181245331905,-74.0870452807928,8.44214599696383));
#2558=CARTESIAN_POINT('',(30.8786736192808,-74.2264963433073,8.44214599696386));
#2559=CARTESIAN_POINT('',(30.7392225902787,-74.3659475209006,8.44214599696381));
#2560=CARTESIAN_POINT('',(30.6135959366062,-74.5192226399457,8.44214599696381));
#2561=CARTESIAN_POINT('',(30.5042074530156,-74.6833180978392,8.44214599696381));
#2562=CARTESIAN_POINT('',(30.3957850845974,-74.8459642704839,8.44214599696379));
#2563=CARTESIAN_POINT('',(30.3033153334265,-75.0192405044031,8.44214599696384));
#2564=CARTESIAN_POINT('',(30.2285106451612,-75.1998343734597,8.44214599696383));
#2565=CARTESIAN_POINT('',(30.15370611001,-75.3804278725893,8.44214599696378));
#2566=CARTESIAN_POINT('',(30.0965665637436,-75.5683389779369,8.44214599696387));
#2567=CARTESIAN_POINT('',(30.0582247049227,-75.7600132906696,8.44214599696382));
#2568=CARTESIAN_POINT('',(30.0195410876773,-75.9533960836141,8.44214599696378));
#2569=CARTESIAN_POINT('',(29.9999917414836,-76.1506094673756,8.4421459969638));
#2570=CARTESIAN_POINT('',(29.9999923334944,-76.3478227433028,8.44214599696384));
#2571=CARTESIAN_POINT('',(29.9999929254969,-76.5450359845215,8.44214599696383));
#2572=CARTESIAN_POINT('',(30.0195434479056,-76.7422491180197,8.4421459969638));
#2573=CARTESIAN_POINT('',(30.0582265232197,-76.9356321900643,8.44214599696384));
#2574=CARTESIAN_POINT('',(30.0965678455226,-77.1273067825401,8.44214599696382));
#2575=CARTESIAN_POINT('',(30.1537051663312,-77.3152186877881,8.4421459969638));
#2576=CARTESIAN_POINT('',(30.2285095280876,-77.4958119478821,8.44214599696385));
#2577=CARTESIAN_POINT('',(30.3033140976298,-77.6764057098989,8.44214599696384));
#2578=CARTESIAN_POINT('',(30.3957858069483,-77.8496807876004,8.44214599696381));
#2579=CARTESIAN_POINT('',(30.5042088322654,-78.0123268149552,8.44214599696382));
#2580=CARTESIAN_POINT('',(30.6135979087287,-78.176422021445,8.44214599696382));
#2581=CARTESIAN_POINT('',(30.7392238086184,-78.3296979330428,8.4421459969638));
#2582=CARTESIAN_POINT('',(30.8786744517156,-78.4691491359965,8.44214599696383));
#2583=CARTESIAN_POINT('',(31.0181250585105,-78.6086003026592,8.44214599696379));
#2584=CARTESIAN_POINT('',(31.171400400689,-78.7342267686774,8.4421459969638));
#2585=CARTESIAN_POINT('',(31.3354960991512,-78.8436153457296,8.44214599696378));
#2586=CARTESIAN_POINT('',(31.498142446443,-78.952037764267,8.44214599696379));
#2587=CARTESIAN_POINT('',(31.6714188639823,-79.0445078541042,8.44214599696381));
#2588=CARTESIAN_POINT('',(31.8520124273929,-79.1193119843287,8.4421459969638));
#2589=CARTESIAN_POINT('',(31.9423092902099,-79.1567140830409,8.44214599696383));
#2590=CARTESIAN_POINT('',(32.1265615949269,-79.2226852851466,8.44214599696379));
#2591=CARTESIAN_POINT('',(32.3163544430793,-79.2704254141575,8.44214599696378));
#2592=CARTESIAN_POINT('',(32.4121918473523,-79.2895964393481,8.4421459969638));
#2593=CARTESIAN_POINT('',(32.5088830566335,-79.3089382571349,8.44214599696383));
#2594=CARTESIAN_POINT('',(32.6553566026275,-79.3307762817801,8.44214599696383));
#2595=CARTESIAN_POINT('',(32.8274993628223,-79.343560907392,8.44214599696384));
#2596=CARTESIAN_POINT('',(32.9260461671456,-79.3472201962182,8.44214599696385));
#2597=CARTESIAN_POINT('',(32.9753494705841,-79.3478311667565,8.44214599696382));
#2598=CARTESIAN_POINT('',(33.0000011135617,-79.3478311660524,8.44214599696381));
#2599=CARTESIAN_POINT('',(36.060009431358,-79.407831256758,8.44214599696381));
#2600=CARTESIAN_POINT('',(33.0000004938436,-20.2713390004397,7.3507673584668));
#2601=CARTESIAN_POINT('',(32.9753481492297,-20.2713390004397,7.3507673584668));
#2602=CARTESIAN_POINT('',(32.9260435624873,-20.2719497461759,7.3507673584668));
#2603=CARTESIAN_POINT('',(32.8274945894956,-20.2756078942719,7.3507673584668));
#2604=CARTESIAN_POINT('',(32.6553488632504,-20.2883892704852,7.3507673584668));
#2605=CARTESIAN_POINT('',(32.5088734582693,-20.3102242852863,7.3507673584668));
#2606=CARTESIAN_POINT('',(32.4121806569826,-20.3295657065758,7.3507673584668));
#2607=CARTESIAN_POINT('',(32.3163454575698,-20.3487355821151,7.3507673584668));
#2608=CARTESIAN_POINT('',(32.1265561783014,-20.3964758252715,7.3507673584668));
#2609=CARTESIAN_POINT('',(31.9423068856105,-20.4624480747498,7.3507673584668));
#2610=CARTESIAN_POINT('',(31.8520116727751,-20.4998499566109,7.3507673584668));
#2611=CARTESIAN_POINT('',(31.6714212471043,-20.5746537203332,7.3507673584668));
#2612=CARTESIAN_POINT('',(31.4981485554738,-20.6671205125433,7.3507673584668));
#2613=CARTESIAN_POINT('',(31.3355051313864,-20.7755400380781,7.3507673584668));
#2614=CARTESIAN_POINT('',(31.1714062576718,-20.8849297790329,7.3507673584668));
#2615=CARTESIAN_POINT('',(31.0181277392556,-21.0105590437228,7.3507673584668));
#2616=CARTESIAN_POINT('',(30.8786741038292,-21.1500127637023,7.3507673584668));
#2617=CARTESIAN_POINT('',(30.7392204684028,-21.2894664836817,7.3507673584668));
#2618=CARTESIAN_POINT('',(30.6135917159661,-21.4427446589507,7.3507673584668));
#2619=CARTESIAN_POINT('',(30.504201774872,-21.6068435206927,7.3507673584668));
#2620=CARTESIAN_POINT('',(30.3957820509731,-21.7694869329137,7.3507673584668));
#2621=CARTESIAN_POINT('',(30.303314360587,-21.9427599380039,7.3507673584668));
#2622=CARTESIAN_POINT('',(30.2285110491698,-22.1233503030281,7.3507673584668));
#2623=CARTESIAN_POINT('',(30.1537077377526,-22.3039406680522,7.3507673584668));
#2624=CARTESIAN_POINT('',(30.0965688053044,-22.4918483930101,7.3507673584668));
#2625=CARTESIAN_POINT('',(30.0582268915093,-22.6835192647838,7.3507673584668));
#2626=CARTESIAN_POINT('',(30.0195418668603,-22.8769053445373,7.3507673584668));
#2627=CARTESIAN_POINT('',(29.9999917844408,-23.074122223113,7.3507673584668));
#2628=CARTESIAN_POINT('',(29.9999923334919,-23.2713389981206,7.3507673584668));
#2629=CARTESIAN_POINT('',(29.999992882543,-23.4685557731281,7.3507673584668));
#2630=CARTESIAN_POINT('',(30.0195440630646,-23.6657724445674,7.3507673584668));
#2631=CARTESIAN_POINT('',(30.0582284751535,-23.8591588529631,7.3507673584668));
#2632=CARTESIAN_POINT('',(30.0965697818214,-24.0508300504642,7.3507673584668));
#2633=CARTESIAN_POINT('',(30.1537064266905,-24.2387386274664,7.3507673584668));
#2634=CARTESIAN_POINT('',(30.2285095102847,-24.4193288098654,7.3507673584668));
#2635=CARTESIAN_POINT('',(30.3033125938788,-24.5999189922644,7.3507673584668));
#2636=CARTESIAN_POINT('',(30.3957821161979,-24.7731907800601,7.3507673584668));
#2637=CARTESIAN_POINT('',(30.5042023570039,-24.9358340062804,7.3507673584668));
#2638=CARTESIAN_POINT('',(30.6135928196308,-25.0999326803573,7.3507673584668));
#2639=CARTESIAN_POINT('',(30.7392207549335,-25.2532117177951,7.3507673584668));
#2640=CARTESIAN_POINT('',(30.8786739487099,-25.3926655379347,7.3507673584668));
#2641=CARTESIAN_POINT('',(31.0181271424864,-25.5321193580742,7.3507673584668));
#2642=CARTESIAN_POINT('',(31.1714055947366,-25.6577479609157,7.3507673584668));
#2643=CARTESIAN_POINT('',(31.3355047571348,-25.7671380221914,7.3507673584668));
#2644=CARTESIAN_POINT('',(31.4981484673454,-25.875557865206,7.3507673584668));
#2645=CARTESIAN_POINT('',(31.6714217936818,-25.9680259397203,7.3507673584668));
#2646=CARTESIAN_POINT('',(31.8520119980351,-26.042828711429,7.3507673584668));
#2647=CARTESIAN_POINT('',(32.0326022023884,-26.1176314831377,7.3507673584668));
#2648=CARTESIAN_POINT('',(32.2205092847585,-26.1747689520407,7.3507673584668));
#2649=CARTESIAN_POINT('',(32.4121802178536,-26.2131110179399,7.3507673584668));
#2650=CARTESIAN_POINT('',(32.6055663594773,-26.2517961960543,7.3507673584668));
#2651=CARTESIAN_POINT('',(32.8027840164871,-26.2713480766338,7.3507673584668));
#2652=CARTESIAN_POINT('',(33.0000011135617,-26.2713480709977,7.3507673584668));
#2653=CARTESIAN_POINT('',(33.0000004934349,-20.2713390005637,7.45556976269173));
#2654=CARTESIAN_POINT('',(32.9753481351076,-20.2713390015612,7.45452905519231));
#2655=CARTESIAN_POINT('',(32.9260435113312,-20.2719497515349,7.45347662837576));
#2656=CARTESIAN_POINT('',(32.8274944953044,-20.2756079016652,7.45162709436202));
#2657=CARTESIAN_POINT('',(32.6553486761544,-20.2883893016387,7.44922333763213));
#2658=CARTESIAN_POINT('',(32.5088734726399,-20.3102242849257,7.44386059867637));
#2659=CARTESIAN_POINT('',(32.4121806626068,-20.3295657050321,7.44443711904091));
#2660=CARTESIAN_POINT('',(32.3163454532183,-20.3487355858415,7.44458471273135));
#2661=CARTESIAN_POINT('',(32.1265562254389,-20.3964758021675,7.44453004135214));
#2662=CARTESIAN_POINT('',(31.9423066774081,-20.4624481499058,7.44417368176232));
#2663=CARTESIAN_POINT('',(31.8520112592132,-20.4998501183005,7.44354200458518));
#2664=CARTESIAN_POINT('',(31.6714203216328,-20.5746540966409,7.44290851440267));
#2665=CARTESIAN_POINT('',(31.498147160442,-20.66712120555,7.4422750242202));
#2666=CARTESIAN_POINT('',(31.3355033382042,-20.7755411348072,7.44164153403772));
#2667=CARTESIAN_POINT('',(31.1714049889244,-20.884930665685,7.44100804385528));
#2668=CARTESIAN_POINT('',(31.0181269440808,-21.0105596237716,7.4403745536728));
#2669=CARTESIAN_POINT('',(30.8786737065549,-21.1500129605676,7.4397410634903));
#2670=CARTESIAN_POINT('',(30.7392204525873,-21.2894663138033,7.43910757330778));
#2671=CARTESIAN_POINT('',(30.6135920090867,-21.4427440489232,7.4384740831253));
#2672=CARTESIAN_POINT('',(30.5042022853201,-21.6068424208556,7.43784059294284));
#2673=CARTESIAN_POINT('',(30.3957821927452,-21.7694862238771,7.43720710276031));
#2674=CARTESIAN_POINT('',(30.3033142170739,-21.9427596866829,7.43657361257784));
#2675=CARTESIAN_POINT('',(30.2285107180768,-22.1233505487376,7.43594012239538));
#2676=CARTESIAN_POINT('',(30.1537072409529,-22.3039413579453,7.43530663221285));
#2677=CARTESIAN_POINT('',(30.0965682299291,-22.4918495622704,7.4346731420304));
#2678=CARTESIAN_POINT('',(30.0582263331001,-22.6835209220641,7.43403965184793));
#2679=CARTESIAN_POINT('',(30.0195415186213,-22.8769065287278,7.43340616166542));
#2680=CARTESIAN_POINT('',(29.9999915504895,-23.0741229044986,7.43277267148293));
#2681=CARTESIAN_POINT('',(29.9999921147901,-23.2713391760917,7.43213918130039));
#2682=CARTESIAN_POINT('',(29.9999926790899,-23.4685554427268,7.43150569111796));
#2683=CARTESIAN_POINT('',(30.0195437747081,-23.6657716052004,7.43087220093549));
#2684=CARTESIAN_POINT('',(30.0582280049418,-23.8591575334289,7.43023871075303));
#2685=CARTESIAN_POINT('',(30.0965693229559,-24.0508292123807,7.42960522057053));
#2686=CARTESIAN_POINT('',(30.1537060735002,-24.2387382613008,7.428971730388));
#2687=CARTESIAN_POINT('',(30.2285093488018,-24.419328879825,7.42833824020557));
#2688=CARTESIAN_POINT('',(30.3033126537867,-24.5999195700522,7.42770475002305));
#2689=CARTESIAN_POINT('',(30.3957824976472,-24.7731918242891,7.42707125984065));
#2690=CARTESIAN_POINT('',(30.5042031453532,-24.9358354471259,7.42643776965818));
#2691=CARTESIAN_POINT('',(30.6135934190691,-25.0999336222874,7.42580427947565));
#2692=CARTESIAN_POINT('',(30.739221072711,-25.253212209631,7.42517078929314));
#2693=CARTESIAN_POINT('',(30.8786739112171,-25.3926656523409,7.42453729911059));
#2694=CARTESIAN_POINT('',(31.0181267445373,-25.5321190898667,7.42390380892811));
#2695=CARTESIAN_POINT('',(31.1714047616045,-25.6577473839022,7.42327031874561));
#2696=CARTESIAN_POINT('',(31.3355034382667,-25.7671372296002,7.42263682856312));
#2697=CARTESIAN_POINT('',(31.4981475343192,-25.8755574370017,7.42200333838067));
#2698=CARTESIAN_POINT('',(31.6714213113593,-25.9680257958716,7.42136984819811));
#2699=CARTESIAN_POINT('',(31.8520120047018,-26.0428287581107,7.4207363580157));
#2700=CARTESIAN_POINT('',(32.0326027211311,-26.1176317299306,7.42010286783318));
#2701=CARTESIAN_POINT('',(32.2205103559422,-26.1747693007581,7.41946937765068));
#2702=CARTESIAN_POINT('',(32.4121818518707,-26.2131113609129,7.41883588746817));
#2703=CARTESIAN_POINT('',(32.6055674707573,-26.2517963151216,7.41820239728567));
#2704=CARTESIAN_POINT('',(32.8027845721306,-26.27134808018,7.41756890710317));
#2705=CARTESIAN_POINT('',(33.0000011135617,-26.2713480709977,7.41693541692066));
#2706=CARTESIAN_POINT('',(33.0000004938814,-20.2713390004044,7.519199101873));
#2707=CARTESIAN_POINT('',(32.9753481784232,-20.2713389968442,7.52093102971571));
#2708=CARTESIAN_POINT('',(32.9260436382159,-20.2719497405296,7.52263850896813));
#2709=CARTESIAN_POINT('',(32.8274947919107,-20.2756078738604,7.52347754557819));
#2710=CARTESIAN_POINT('',(32.6553492687139,-20.2883892218354,7.52360798060564));
#2711=CARTESIAN_POINT('',(32.5088742488797,-20.3102241291314,7.52121274100825));
#2712=CARTESIAN_POINT('',(32.412181677588,-20.3295654508874,7.52165922635959));
#2713=CARTESIAN_POINT('',(32.3163462044173,-20.348735331801,7.5214422718386));
#2714=CARTESIAN_POINT('',(32.1265564306318,-20.3964756098658,7.521056763093));
#2715=CARTESIAN_POINT('',(31.9423064140317,-20.4624481016556,7.52041984750522));
#2716=CARTESIAN_POINT('',(31.8520107906887,-20.4998501598238,7.51955350059467));
#2717=CARTESIAN_POINT('',(31.6714193425071,-20.5746543556435,7.51868564284623));
#2718=CARTESIAN_POINT('',(31.4981457130649,-20.6671217841128,7.51781778509803));
#2719=CARTESIAN_POINT('',(31.3355014939853,-20.7755421199534,7.51694992734967));
#2720=CARTESIAN_POINT('',(31.1714036704486,-20.8849314436152,7.51608206960133));
#2721=CARTESIAN_POINT('',(31.018126100486,-21.0105600979594,7.51521421185297));
#2722=CARTESIAN_POINT('',(30.8786732621693,-21.1500130544329,7.51434635410462));
#2723=CARTESIAN_POINT('',(30.7392203909692,-21.289466043786,7.51347849635622));
#2724=CARTESIAN_POINT('',(30.6135922577134,-21.4427433416181,7.51261063860793));
#2725=CARTESIAN_POINT('',(30.5042027525827,-21.6068412266017,7.51174278085956));
#2726=CARTESIAN_POINT('',(30.3957822926407,-21.7694854232851,7.51087492311122));
#2727=CARTESIAN_POINT('',(30.3033140329929,-21.9427593466676,7.51000706536292));
#2728=CARTESIAN_POINT('',(30.2285103477244,-22.1233507086138,7.50913920761457));
#2729=CARTESIAN_POINT('',(30.1537067062025,-22.3039419648663,7.50827134986617));
#2730=CARTESIAN_POINT('',(30.0965676179113,-22.4918506514193,7.5074034921178));
#2731=CARTESIAN_POINT('',(30.0582257393572,-22.6835225020942,7.50653563436952));
#2732=CARTESIAN_POINT('',(30.0195411363569,-22.876907638529,7.50566777662106));
#2733=CARTESIAN_POINT('',(29.9999912838218,-23.0741235143562,7.5047999188728));
#2734=CARTESIAN_POINT('',(29.9999918646805,-23.2713392853961,7.50393206112438));
#2735=CARTESIAN_POINT('',(29.9999924455372,-23.4685550465195,7.50306420337605));
#2736=CARTESIAN_POINT('',(30.0195434575609,-23.6657707028886,7.50219634562783));
#2737=CARTESIAN_POINT('',(30.0582275072479,-23.8591561538108,7.50132848787947));
#2738=CARTESIAN_POINT('',(30.0965688379168,-24.0508283170746,7.50046063013114));
#2739=CARTESIAN_POINT('',(30.1537056954456,-24.2387378407741,7.49959277238286));
#2740=CARTESIAN_POINT('',(30.2285091637629,-24.4193288982844,7.49872491463455));
#2741=CARTESIAN_POINT('',(30.3033126914473,-24.599920099201,7.49785705688617));
#2742=CARTESIAN_POINT('',(30.3957828581574,-24.7731928227398,7.49698919913789));
#2743=CARTESIAN_POINT('',(30.5042039140719,-24.935836845054,7.49612134138956));
#2744=CARTESIAN_POINT('',(30.6135940001858,-25.0999345241615,7.49525348364122));
#2745=CARTESIAN_POINT('',(30.7392213734758,-25.2532126642721,7.49438562589288));
#2746=CARTESIAN_POINT('',(30.8786738580202,-25.3926657324138,7.49351776814447));
#2747=CARTESIAN_POINT('',(31.0181263321929,-25.5321187901869,7.49264991039616));
#2748=CARTESIAN_POINT('',(31.1714039153859,-25.6577467782776,7.49178205264787));
#2749=CARTESIAN_POINT('',(31.3355021076208,-25.7671364112589,7.4909141948995));
#2750=CARTESIAN_POINT('',(31.4981465908234,-25.8755569859082,7.49004633715114));
#2751=CARTESIAN_POINT('',(31.6714208198763,-25.9680256319951,7.48917847940274));
#2752=CARTESIAN_POINT('',(31.8520120035162,-26.0428287876254,7.48831062165444));
#2753=CARTESIAN_POINT('',(32.0326032333305,-26.1176319624179,7.48744276390615));
#2754=CARTESIAN_POINT('',(32.220511421891,-26.1747696380308,7.48657490615772));
#2755=CARTESIAN_POINT('',(32.4121834819617,-26.2131116953024,7.48570704840941));
#2756=CARTESIAN_POINT('',(32.6055685794199,-26.2517964284665,7.48483919066102));
#2757=CARTESIAN_POINT('',(32.8027851264654,-26.2713480808651,7.48397133291269));
#2758=CARTESIAN_POINT('',(33.0000011135617,-26.2713480709977,7.48310347516432));
#2759=CARTESIAN_POINT('',(33.0000004938371,-20.2713390004457,7.64636022372224));
#2760=CARTESIAN_POINT('',(32.9753482523568,-20.2713389975969,7.64770645579054));
#2761=CARTESIAN_POINT('',(32.9260438624613,-20.2719497377373,7.64903312898667));
#2762=CARTESIAN_POINT('',(32.8274953094677,-20.2756078503559,7.64966504806884));
#2763=CARTESIAN_POINT('',(32.65535030025,-20.288389121365,7.64973008588502));
#2764=CARTESIAN_POINT('',(32.5088756682695,-20.3102239092796,7.6477745840012));
#2765=CARTESIAN_POINT('',(32.4121833516239,-20.3295651263652,7.64809246207648));
#2766=CARTESIAN_POINT('',(32.316347600344,-20.3487350089132,7.64787958825387));
#2767=CARTESIAN_POINT('',(32.1265572662253,-20.3964753502468,7.64753187105157));
#2768=CARTESIAN_POINT('',(31.942306766728,-20.4624479876176,7.64698302837538));
#2769=CARTESIAN_POINT('',(31.8520109239098,-20.4998501370895,7.64625064064113));
#2770=CARTESIAN_POINT('',(31.6714189508005,-20.5746545519186,7.64551704423662));
#2771=CARTESIAN_POINT('',(31.4981448387788,-20.6671223014776,7.64478344783214));
#2772=CARTESIAN_POINT('',(31.3355002085303,-20.7755430454317,7.64404985142764));
#2773=CARTESIAN_POINT('',(31.1714028964098,-20.8849321634077,7.64331625502323));
#2774=CARTESIAN_POINT('',(31.018125787001,-21.0105605155395,7.64258265861863));
#2775=CARTESIAN_POINT('',(30.8786733335661,-21.1500130932205,7.6418490622141));
#2776=CARTESIAN_POINT('',(30.7392208308064,-21.289465720221,7.64111546580956));
#2777=CARTESIAN_POINT('',(30.6135929934678,-21.442742582295,7.64038186940503));
#2778=CARTESIAN_POINT('',(30.5042036926459,-21.60683998186,7.63964827300054));
#2779=CARTESIAN_POINT('',(30.3957828510091,-21.7694845737348,7.63891467659594));
#2780=CARTESIAN_POINT('',(30.3033142930573,-21.9427589592239,7.63818108019148));
#2781=CARTESIAN_POINT('',(30.2285104071902,-22.1233508225916,7.63744748378697));
#2782=CARTESIAN_POINT('',(30.1537065869434,-22.3039425274191,7.63671388738247));
#2783=CARTESIAN_POINT('',(30.096567407058,-22.4918516977302,7.63598029097794));
#2784=CARTESIAN_POINT('',(30.0582255324508,-22.6835240408159,7.63524669457338));
#2785=CARTESIAN_POINT('',(30.0195411266026,-22.8769087085523,7.63451309816887));
#2786=CARTESIAN_POINT('',(29.9999913753363,-23.0741240859655,7.63377950176438));
#2787=CARTESIAN_POINT('',(29.9999919584261,-23.2713393579821,7.6330459053598));
#2788=CARTESIAN_POINT('',(29.9999925415128,-23.468554615124,7.63231230895531));
#2789=CARTESIAN_POINT('',(30.0195434556143,-23.6657697669184,7.63157871255091));
#2790=CARTESIAN_POINT('',(30.0582273104275,-23.8591547420645,7.63084511614644));
#2791=CARTESIAN_POINT('',(30.0965686394237,-24.0508273911698,7.63011151974186));
#2792=CARTESIAN_POINT('',(30.1537055896091,-24.2387373911784,7.62937792333737));
#2793=CARTESIAN_POINT('',(30.2285092366148,-24.4193288892046,7.62864432693287));
#2794=CARTESIAN_POINT('',(30.3033129726717,-24.5999206023406,7.62791073052837));
#2795=CARTESIAN_POINT('',(30.3957834479041,-24.7731937967114,7.62717713412388));
#2796=CARTESIAN_POINT('',(30.5042048976998,-24.9358382200332,7.62644353771939));
#2797=CARTESIAN_POINT('',(30.6135947818843,-25.0999354046163,7.62570994131486));
#2798=CARTESIAN_POINT('',(30.739221860495,-25.2532130990238,7.62497634491037));
#2799=CARTESIAN_POINT('',(30.8786739767508,-25.3926657941272,7.62424274850583));
#2800=CARTESIAN_POINT('',(31.0181260774482,-25.5321184736776,7.62350915210132));
#2801=CARTESIAN_POINT('',(31.1714032124396,-25.6577461573531,7.6227755556968));
#2802=CARTESIAN_POINT('',(31.3355009059199,-25.7671355791479,7.62204195929226));
#2803=CARTESIAN_POINT('',(31.4981457619456,-25.8755565225749,7.62130836288773));
#2804=CARTESIAN_POINT('',(31.671420428684,-25.9680254574089,7.62057476648324));
#2805=CARTESIAN_POINT('',(31.8520120882943,-26.0428288079605,7.61984117007877));
#2806=CARTESIAN_POINT('',(32.0326038171658,-26.1176321872551,7.61910757367422));
#2807=CARTESIAN_POINT('',(32.220512545149,-26.1747699691838,7.61837397726971));
#2808=CARTESIAN_POINT('',(32.4121851550345,-26.2131120251021,7.61764038086522));
#2809=CARTESIAN_POINT('',(32.605569716737,-26.2517965387515,7.61690678446066));
#2810=CARTESIAN_POINT('',(32.8027856951275,-26.2713480800202,7.61617318805618));
#2811=CARTESIAN_POINT('',(33.0000011135617,-26.2713480709977,7.61543959165164));
#2812=CARTESIAN_POINT('',(33.0000004938443,-20.2713390004388,7.90072845843289));
#2813=CARTESIAN_POINT('',(32.9753483263413,-20.2713389983025,7.901787629412));
#2814=CARTESIAN_POINT('',(32.9260440867564,-20.2719497348986,7.90283213123688));
#2815=CARTESIAN_POINT('',(32.8274958270736,-20.2756078268061,7.90335556747634));
#2816=CARTESIAN_POINT('',(32.6553513318337,-20.28838902085,7.90345384276625));
#2817=CARTESIAN_POINT('',(32.5088770877063,-20.3102236893844,7.90203671328122));
#2818=CARTESIAN_POINT('',(32.4121850257055,-20.3295648018001,7.90232461876548));
#2819=CARTESIAN_POINT('',(32.3163489963152,-20.3487346859837,7.90221446032636));
#2820=CARTESIAN_POINT('',(32.1265581018619,-20.3964750905865,7.90200316935231));
#2821=CARTESIAN_POINT('',(31.9423071194676,-20.4624478735401,7.90164103427312));
#2822=CARTESIAN_POINT('',(31.8520110571723,-20.499850114316,7.90114124040011));
#2823=CARTESIAN_POINT('',(31.6714185591343,-20.5746547481555,7.90064054002461));
#2824=CARTESIAN_POINT('',(31.4981439645324,-20.6671228188053,7.90013983964904));
#2825=CARTESIAN_POINT('',(31.3354989231139,-20.7755439708738,7.89963913927351));
#2826=CARTESIAN_POINT('',(31.1714021224081,-20.8849328831644,7.89913843889796));
#2827=CARTESIAN_POINT('',(31.0181254735525,-21.0105609330851,7.8986377385224));
#2828=CARTESIAN_POINT('',(30.8786734049985,-21.1500131319745,7.89813703814677));
#2829=CARTESIAN_POINT('',(30.7392212706782,-21.2894653966235,7.89763633777121));
#2830=CARTESIAN_POINT('',(30.6135937292565,-21.4427418229406,7.89713563739574));
#2831=CARTESIAN_POINT('',(30.5042046327418,-21.6068387370876,7.89663493702009));
#2832=CARTESIAN_POINT('',(30.3957834094095,-21.769483724155,7.89613423664442));
#2833=CARTESIAN_POINT('',(30.303314553153,-21.9427585717516,7.89563353626892));
#2834=CARTESIAN_POINT('',(30.2285104666864,-22.1233509365419,7.89513283589338));
#2835=CARTESIAN_POINT('',(30.153706467713,-22.3039430899449,7.89463213551774));
#2836=CARTESIAN_POINT('',(30.0965671962322,-22.491852744015,7.89413143514217));
#2837=CARTESIAN_POINT('',(30.0582253255716,-22.6835255795127,7.8936307347666));
#2838=CARTESIAN_POINT('',(30.0195411168737,-22.8769097785512,7.89313003439094));
#2839=CARTESIAN_POINT('',(29.9999914668757,-23.0741246575515,7.89262933401545));
#2840=CARTESIAN_POINT('',(29.9999920521956,-23.2713394305459,7.89212863363984));
#2841=CARTESIAN_POINT('',(29.999992637511,-23.468554183707,7.89162793326424));
#2842=CARTESIAN_POINT('',(30.0195434536891,-23.6657688309275,7.89112723288874));
#2843=CARTESIAN_POINT('',(30.0582271136275,-23.8591533302982,7.89062653251322));
#2844=CARTESIAN_POINT('',(30.0965684409506,-24.0508264652467,7.89012583213769));
#2845=CARTESIAN_POINT('',(30.1537054837917,-24.2387369415652,7.88962513176214));
#2846=CARTESIAN_POINT('',(30.228509309485,-24.4193288801083,7.88912443138658));
#2847=CARTESIAN_POINT('',(30.3033132539129,-24.5999211054646,7.88862373101097));
#2848=CARTESIAN_POINT('',(30.3957840376666,-24.7731947706681,7.88812303063537));
#2849=CARTESIAN_POINT('',(30.5042058813424,-24.9358395949981,7.88762233025978));
#2850=CARTESIAN_POINT('',(30.6135955635966,-25.0999362850581,7.88712162988423));
#2851=CARTESIAN_POINT('',(30.7392223475272,-25.2532135337635,7.88662092950872));
#2852=CARTESIAN_POINT('',(30.8786740954931,-25.3926658558295,7.88612022913312));
#2853=CARTESIAN_POINT('',(31.0181258227146,-25.532118157158,7.88561952875753));
#2854=CARTESIAN_POINT('',(31.171402509503,-25.6577455364193,7.8851188283819));
#2855=CARTESIAN_POINT('',(31.3354997042279,-25.7671347470284,7.88461812800634));
#2856=CARTESIAN_POINT('',(31.4981449330758,-25.8755560592342,7.88411742763078));
#2857=CARTESIAN_POINT('',(31.6714200374987,-25.9680252828162,7.88361672725523));
#2858=CARTESIAN_POINT('',(31.8520121730779,-26.0428288282896,7.88311602687964));
#2859=CARTESIAN_POINT('',(32.032604401006,-26.1176324120876,7.88261532650407));
#2860=CARTESIAN_POINT('',(32.2205136684108,-26.1747703003329,7.88211462612853));
#2861=CARTESIAN_POINT('',(32.41218682811,-26.2131123548988,7.88161392575297));
#2862=CARTESIAN_POINT('',(32.6055708540563,-26.2517966490347,7.88111322537743));
#2863=CARTESIAN_POINT('',(32.8027862637903,-26.2713480791743,7.88061252500184));
#2864=CARTESIAN_POINT('',(33.0000011135617,-26.2713480709977,7.88011182462628));
#2865=CARTESIAN_POINT('',(33.0000004938432,-20.2713390004399,8.02790975467199));
#2866=CARTESIAN_POINT('',(32.9753484003172,-20.2713389990158,8.02858284190766));
#2867=CARTESIAN_POINT('',(32.9260443110433,-20.2719497320675,8.02924614970718));
#2868=CARTESIAN_POINT('',(32.8274963446713,-20.2756078032637,8.02956208044975));
#2869=CARTESIAN_POINT('',(32.6553523634096,-20.2883889203424,8.02959457055935));
#2870=CARTESIAN_POINT('',(32.5088785071352,-20.3102234694963,8.02861679081886));
#2871=CARTESIAN_POINT('',(32.4121866997793,-20.3295644772422,8.02877570105797));
#2872=CARTESIAN_POINT('',(32.3163503922794,-20.3487343630612,8.02866923534825));
#2873=CARTESIAN_POINT('',(32.126558937492,-20.3964748309337,8.02849534794851));
#2874=CARTESIAN_POINT('',(31.9423074721999,-20.462447759469,8.02822089781188));
#2875=CARTESIAN_POINT('',(31.8520111904288,-20.4998500915495,8.02785467514619));
#2876=CARTESIAN_POINT('',(31.6714181674618,-20.5746549443991,8.0274878481455));
#2877=CARTESIAN_POINT('',(31.4981430902797,-20.6671233361394,8.02712102114464));
#2878=CARTESIAN_POINT('',(31.3354976376917,-20.7755448963222,8.02675419414398));
#2879=CARTESIAN_POINT('',(31.1714013484007,-20.8849336029274,8.02638736714317));
#2880=CARTESIAN_POINT('',(31.0181251600981,-21.0105613506367,8.02602054014241));
#2881=CARTESIAN_POINT('',(30.8786734764255,-21.1500131707345,8.02565371314163));
#2882=CARTESIAN_POINT('',(30.7392217105448,-21.2894650730317,8.02528688614087));
#2883=CARTESIAN_POINT('',(30.6135944650392,-21.4427410635912,8.02492005914008));
#2884=CARTESIAN_POINT('',(30.5042055728329,-21.6068374923207,8.02455323213936));
#2885=CARTESIAN_POINT('',(30.3957839678055,-21.7694828745808,8.02418640513856));
#2886=CARTESIAN_POINT('',(30.3033148132439,-21.9427581842845,8.02381957813777));
#2887=CARTESIAN_POINT('',(30.2285105261777,-22.1233510504969,8.02345275113701));
#2888=CARTESIAN_POINT('',(30.1537063484784,-22.3039436524755,8.02308592413614));
#2889=CARTESIAN_POINT('',(30.0965669854022,-22.4918537903044,8.02271909713533));
#2890=CARTESIAN_POINT('',(30.0582251186885,-22.6835271182141,8.02235227013464));
#2891=CARTESIAN_POINT('',(30.0195411071413,-22.8769108485546,8.02198544313374));
#2892=CARTESIAN_POINT('',(29.9999915584113,-23.0741252291417,8.021618616133));
#2893=CARTESIAN_POINT('',(29.9999921459617,-23.2713395031138,8.02125178913224));
#2894=CARTESIAN_POINT('',(29.9999927335062,-23.4685537522941,8.02088496213144));
#2895=CARTESIAN_POINT('',(30.0195434517613,-23.6657678949407,8.02051813513077));
#2896=CARTESIAN_POINT('',(30.058226916825,-23.859151918536,8.02015130813004));
#2897=CARTESIAN_POINT('',(30.0965682424747,-24.0508255393268,8.01978448112925));
#2898=CARTESIAN_POINT('',(30.1537053779716,-24.2387364919551,8.01941765412847));
#2899=CARTESIAN_POINT('',(30.2285093823525,-24.4193288710151,8.01905082712769));
#2900=CARTESIAN_POINT('',(30.303313535152,-24.5999216085916,8.01868400012693));
#2901=CARTESIAN_POINT('',(30.3957846274274,-24.7731957446278,8.01831717312612));
#2902=CARTESIAN_POINT('',(30.5042068649837,-24.9358409699661,8.01795034612535));
#2903=CARTESIAN_POINT('',(30.6135963453073,-25.0999371655025,8.01758351912453));
#2904=CARTESIAN_POINT('',(30.7392228345577,-25.2532139685055,8.0172166921238));
#2905=CARTESIAN_POINT('',(30.8786742142343,-25.3926659175341,8.01684986512306));
#2906=CARTESIAN_POINT('',(31.0181255679798,-25.5321178406406,8.01648303812225));
#2907=CARTESIAN_POINT('',(31.171401806566,-25.6577449154878,8.01611621112145));
#2908=CARTESIAN_POINT('',(31.3354985025353,-25.7671339149109,8.01574938412062));
#2909=CARTESIAN_POINT('',(31.4981441042053,-25.8755555958952,8.01538255711982));
#2910=CARTESIAN_POINT('',(31.6714196463125,-25.9680251082247,8.01501573011903));
#2911=CARTESIAN_POINT('',(31.8520122578611,-26.0428288486201,8.0146489031182));
#2912=CARTESIAN_POINT('',(32.0326049848458,-26.1176326369212,8.01428207611741));
#2913=CARTESIAN_POINT('',(32.2205147916722,-26.1747706314828,8.01391524911668));
#2914=CARTESIAN_POINT('',(32.4121885011854,-26.2131126846962,8.01354842211592));
#2915=CARTESIAN_POINT('',(32.6055719913752,-26.2517967593182,8.01318159511517));
#2916=CARTESIAN_POINT('',(32.8027868324532,-26.2713480783286,8.01281476811437));
#2917=CARTESIAN_POINT('',(33.0000011135617,-26.2713480709977,8.01244794111361));
#2918=CARTESIAN_POINT('',(33.0000004938436,-20.2713390004396,8.15509180898699));
#2919=CARTESIAN_POINT('',(32.9753484742946,-20.2713389997277,8.15537879790085));
#2920=CARTESIAN_POINT('',(32.9260445353315,-20.2719497292351,8.15566089709661));
#2921=CARTESIAN_POINT('',(32.8274968622703,-20.27560777972,8.15576930776391));
#2922=CARTESIAN_POINT('',(32.6553533949867,-20.2883888198334,8.15573599811476));
#2923=CARTESIAN_POINT('',(32.5088799265655,-20.3102232496069,8.15519755354051));
#2924=CARTESIAN_POINT('',(32.4121883738546,-20.3295641526831,8.15522745395609));
#2925=CARTESIAN_POINT('',(32.3163517882443,-20.3487340401371,8.15512466639724));
#2926=CARTESIAN_POINT('',(32.1265597731232,-20.3964745712794,8.15498816799345));
#2927=CARTESIAN_POINT('',(31.9423078249336,-20.4624476453969,8.15480138822113));
#2928=CARTESIAN_POINT('',(31.8520113236862,-20.4998500687818,8.15456872218429));
#2929=CARTESIAN_POINT('',(31.6714177757901,-20.5746551406413,8.15433575398));
#2930=CARTESIAN_POINT('',(31.4981422160284,-20.6671238534726,8.15410278577563));
#2931=CARTESIAN_POINT('',(31.3354963522702,-20.7755458217693,8.15386981757129));
#2932=CARTESIAN_POINT('',(31.1714005743942,-20.8849343226893,8.15363684936689));
#2933=CARTESIAN_POINT('',(31.0181248466449,-21.0105617681872,8.15340388116259));
#2934=CARTESIAN_POINT('',(30.8786735478531,-21.1500132094932,8.15317091295817));
#2935=CARTESIAN_POINT('',(30.7392221504118,-21.2894647494386,8.1529379447538));
#2936=CARTESIAN_POINT('',(30.6135952008228,-21.442740304241,8.15270497654946));
#2937=CARTESIAN_POINT('',(30.5042065129242,-21.6068362475523,8.15247200834505));
#2938=CARTESIAN_POINT('',(30.3957845262015,-21.7694820250049,8.15223904014069));
#2939=CARTESIAN_POINT('',(30.3033150733355,-21.9427577968164,8.15200607193639));
#2940=CARTESIAN_POINT('',(30.2285105856697,-22.1233511644509,8.15177310373202));
#2941=CARTESIAN_POINT('',(30.1537062292442,-22.303944215005,8.15154013552754));
#2942=CARTESIAN_POINT('',(30.0965667745728,-22.4918548365928,8.15130716732315));
#2943=CARTESIAN_POINT('',(30.0582249118055,-22.6835286569142,8.15107419911882));
#2944=CARTESIAN_POINT('',(30.0195410974094,-22.876911918557,8.15084123091439));
#2945=CARTESIAN_POINT('',(29.9999916499475,-23.0741258007312,8.15060826271007));
#2946=CARTESIAN_POINT('',(29.9999922397282,-23.2713395756808,8.15037529450574));
#2947=CARTESIAN_POINT('',(29.9999928295018,-23.4685533208805,8.1501423263014));
#2948=CARTESIAN_POINT('',(30.0195434498337,-23.665766958953,8.14990935809709));
#2949=CARTESIAN_POINT('',(30.0582267200226,-23.8591505067728,8.14967638989275));
#2950=CARTESIAN_POINT('',(30.0965680439986,-24.050824613406,8.14944342168829));
#2951=CARTESIAN_POINT('',(30.1537052721512,-24.238736042344,8.14921045348388));
#2952=CARTESIAN_POINT('',(30.22850945522,-24.4193288619209,8.14897748527954));
#2953=CARTESIAN_POINT('',(30.3033138163908,-24.5999221117175,8.1487445170752));
#2954=CARTESIAN_POINT('',(30.3957852171878,-24.7731967185866,8.14851154887082));
#2955=CARTESIAN_POINT('',(30.5042078486244,-24.9358423449331,8.14827858066643));
#2956=CARTESIAN_POINT('',(30.613597127018,-25.0999380459462,8.14804561246206));
#2957=CARTESIAN_POINT('',(30.7392233215878,-25.2532144032466,8.14781264425767));
#2958=CARTESIAN_POINT('',(30.8786743329749,-25.3926659792377,8.14757967605337));
#2959=CARTESIAN_POINT('',(31.0181253132446,-25.5321175241224,8.14734670784898));
#2960=CARTESIAN_POINT('',(31.1714011036286,-25.6577442945556,8.14711373964466));
#2961=CARTESIAN_POINT('',(31.3354973008424,-25.7671330827928,8.14688077144023));
#2962=CARTESIAN_POINT('',(31.4981432753347,-25.8755551325557,8.14664780323584));
#2963=CARTESIAN_POINT('',(31.6714192551263,-25.9680249336329,8.14641483503144));
#2964=CARTESIAN_POINT('',(31.8520123426444,-26.0428288689503,8.14618186682704));
#2965=CARTESIAN_POINT('',(32.0326055686856,-26.1176328617546,8.14594889862266));
#2966=CARTESIAN_POINT('',(32.2205159149337,-26.1747709626327,8.14571593041837));
#2967=CARTESIAN_POINT('',(32.4121901742606,-26.2131130144933,8.14548296221396));
#2968=CARTESIAN_POINT('',(32.605573128694,-26.2517968696016,8.14524999400965));
#2969=CARTESIAN_POINT('',(32.8027874011161,-26.2713480774829,8.14501702580527));
#2970=CARTESIAN_POINT('',(33.0000011135617,-26.2713480709977,8.14478405760093));
#2971=CARTESIAN_POINT('',(33.0000004938436,-20.2713390004397,8.40945629057557));
#2972=CARTESIAN_POINT('',(32.9753485482718,-20.2713390004401,8.4094562905756));
#2973=CARTESIAN_POINT('',(32.9260447596194,-20.2719497264031,8.40945629057554));
#2974=CARTESIAN_POINT('',(32.8274973798691,-20.2756077561767,8.40945629057554));
#2975=CARTESIAN_POINT('',(32.6553544265635,-20.2883887193249,8.40945629057559));
#2976=CARTESIAN_POINT('',(32.5088813459955,-20.3102230297179,8.40945629057551));
#2977=CARTESIAN_POINT('',(32.4121900479296,-20.3295638281244,8.40945629057555));
#2978=CARTESIAN_POINT('',(32.3163531842092,-20.3487337172136,8.4094562905756));
#2979=CARTESIAN_POINT('',(32.1265606087539,-20.3964743116253,8.40945629057561));
#2980=CARTESIAN_POINT('',(31.942308177667,-20.4624475313251,8.40945629057557));
#2981=CARTESIAN_POINT('',(31.8520114569432,-20.4998500460142,8.40945629057552));
#2982=CARTESIAN_POINT('',(31.671417384118,-20.5746553368837,8.40945629057556));
#2983=CARTESIAN_POINT('',(31.4981413417763,-20.6671243708057,8.40945629057554));
#2984=CARTESIAN_POINT('',(31.3354950668483,-20.7755467472167,8.40945629057559));
#2985=CARTESIAN_POINT('',(31.1713998003875,-20.8849350424515,8.40945629057557));
#2986=CARTESIAN_POINT('',(31.0181245331911,-21.0105621857377,8.40945629057558));
#2987=CARTESIAN_POINT('',(30.8786736192804,-21.1500132482521,8.40945629057554));
#2988=CARTESIAN_POINT('',(30.7392225902786,-21.2894644258457,8.40945629057557));
#2989=CARTESIAN_POINT('',(30.6135959366062,-21.4427395448909,8.40945629057559));
#2990=CARTESIAN_POINT('',(30.5042074530155,-21.6068350027845,8.4094562905756));
#2991=CARTESIAN_POINT('',(30.3957850845973,-21.7694811754294,8.40945629057556));
#2992=CARTESIAN_POINT('',(30.3033153334265,-21.9427574093482,8.40945629057561));
#2993=CARTESIAN_POINT('',(30.2285106451612,-22.1233512784049,8.40945629057558));
#2994=CARTESIAN_POINT('',(30.1537061100101,-22.303944777535,8.40945629057558));
#2995=CARTESIAN_POINT('',(30.0965665637434,-22.4918558828816,8.40945629057557));
#2996=CARTESIAN_POINT('',(30.0582247049227,-22.6835301956149,8.4094562905756));
#2997=CARTESIAN_POINT('',(30.0195410876774,-22.8769129885598,8.40945629057556));
#2998=CARTESIAN_POINT('',(29.9999917414837,-23.0741263723208,8.40945629057559));
#2999=CARTESIAN_POINT('',(29.9999923334942,-23.2713396482477,8.40945629057555));
#3000=CARTESIAN_POINT('',(29.9999929254968,-23.4685528894667,8.40945629057558));
#3001=CARTESIAN_POINT('',(30.0195434479057,-23.6657660229653,8.40945629057562));
#3002=CARTESIAN_POINT('',(30.0582265232196,-23.8591490950095,8.4094562905756));
#3003=CARTESIAN_POINT('',(30.0965678455226,-24.0508236874855,8.40945629057559));
#3004=CARTESIAN_POINT('',(30.1537051663312,-24.2387355927334,8.40945629057557));
#3005=CARTESIAN_POINT('',(30.2285095280875,-24.419328852827,8.40945629057556));
#3006=CARTESIAN_POINT('',(30.3033140976298,-24.5999226148438,8.40945629057559));
#3007=CARTESIAN_POINT('',(30.3957858069483,-24.7731976925457,8.40945629057557));
#3008=CARTESIAN_POINT('',(30.5042088322653,-24.9358437199004,8.40945629057555));
#3009=CARTESIAN_POINT('',(30.6135979087287,-25.0999389263901,8.40945629057557));
#3010=CARTESIAN_POINT('',(30.7392238086185,-25.2532148379884,8.40945629057559));
#3011=CARTESIAN_POINT('',(30.8786744517157,-25.3926660409417,8.40945629057559));
#3012=CARTESIAN_POINT('',(31.0181250585097,-25.5321172076045,8.40945629057559));
#3013=CARTESIAN_POINT('',(31.171400400691,-25.6577436736233,8.40945629057558));
#3014=CARTESIAN_POINT('',(31.3354960991495,-25.7671322506748,8.40945629057556));
#3015=CARTESIAN_POINT('',(31.4981424464643,-25.8755546692166,8.4094562905756));
#3016=CARTESIAN_POINT('',(31.6714188639404,-25.9680247590415,8.40945629057558));
#3017=CARTESIAN_POINT('',(31.852012427428,-26.0428288892809,8.40945629057556));
#3018=CARTESIAN_POINT('',(32.032606152526,-26.1176330865884,8.40945629057558));
#3019=CARTESIAN_POINT('',(32.2205170381953,-26.1747712937827,8.40945629057559));
#3020=CARTESIAN_POINT('',(32.4121918473362,-26.2131133442908,8.40945629057556));
#3021=CARTESIAN_POINT('',(32.6055742660129,-26.2517969798852,8.40945629057557));
#3022=CARTESIAN_POINT('',(32.8027879697791,-26.2713480766373,8.40945629057557));
#3023=CARTESIAN_POINT('',(33.0000011135617,-26.2713480709977,8.40945629057557));
#3024=CARTESIAN_POINT('',(36.0600094313581,-26.3313481617033,8.40945629057557));
#3025=CARTESIAN_POINT('',(33.0000004938436,-76.3478220954944,9.14645669504398));
#3026=CARTESIAN_POINT('',(-34.9984608544505,-76.3478220954944,9.14645669504398));
#3027=CARTESIAN_POINT('',(33.0000004938436,-23.2713390004397,9.13011184184984));
#3028=CARTESIAN_POINT('',(-34.9984608544505,-23.2701491703269,9.13011184184984));
#3029=CARTESIAN_POINT('',(-34.9984602347324,-26.2701582408849,7.3507673599689));
#3030=CARTESIAN_POINT('',(-34.8012431376579,-26.2701582352489,7.35076735996892));
#3031=CARTESIAN_POINT('',(-34.6040266005183,-26.2506063433972,7.3507673599689));
#3032=CARTESIAN_POINT('',(-34.4106408853345,-26.2119211371874,7.35076735996896));
#3033=CARTESIAN_POINT('',(-34.2189703748965,-26.1735790434415,7.35076735996891));
#3034=CARTESIAN_POINT('',(-34.0310630339991,-26.1164415301657,7.35076735996894));
#3035=CARTESIAN_POINT('',(-33.8504723748657,-26.0416388847662,7.35076735996893));
#3036=CARTESIAN_POINT('',(-33.6698817157324,-25.9668362393667,7.35076735996893));
#3037=CARTESIAN_POINT('',(-33.4966077383632,-25.8743684618437,7.35076735996891));
#3038=CARTESIAN_POINT('',(-33.3339641740345,-25.765948458534,7.35076735996897));
#3039=CARTESIAN_POINT('',(-33.1698651588231,-25.6565582355284,7.35076735996893));
#3040=CARTESIAN_POINT('',(-33.0165876650004,-25.5309290054495,7.35076735996891));
#3041=CARTESIAN_POINT('',(-32.8771347110366,-25.3914753348019,7.35076735996893));
#3042=CARTESIAN_POINT('',(-32.7376817570723,-25.2520216641539,7.35076735996888));
#3043=CARTESIAN_POINT('',(-32.6120533429673,-25.0987435529376,7.35076735996891));
#3044=CARTESIAN_POINT('',(-32.5026625245934,-24.934644682767,7.35076735996889));
#3045=CARTESIAN_POINT('',(-32.3942419311956,-24.7720012621922,7.3507673599689));
#3046=CARTESIAN_POINT('',(-32.3017721771674,-24.5987281775475,7.35076735996892));
#3047=CARTESIAN_POINT('',(-32.22696939528,-24.4181378782259,7.35076735996894));
#3048=CARTESIAN_POINT('',(-32.1521666133923,-24.2375475789043,7.35076735996891));
#3049=CARTESIAN_POINT('',(-32.0950308036453,-24.0496400649059,7.35076735996888));
#3050=CARTESIAN_POINT('',(-32.0566893674608,-23.8579692421767,7.35076735996895));
#3051=CARTESIAN_POINT('',(-32.0180048246958,-23.6645832119061,7.35076735996891));
#3052=CARTESIAN_POINT('',(-31.9984525315171,-23.4673662179869,7.35076735996889));
#3053=CARTESIAN_POINT('',(-31.9984520862295,-23.2701491808667,7.35076735996888));
#3054=CARTESIAN_POINT('',(-31.998451640942,-23.0729321437465,7.35076735996888));
#3055=CARTESIAN_POINT('',(-32.0180030435457,-22.8757150634254,7.3507673599689));
#3056=CARTESIAN_POINT('',(-32.0566882212659,-22.6823289767053,7.35076735996891));
#3057=CARTESIAN_POINT('',(-32.0950302867743,-22.4906580980269,7.3507673599689));
#3058=CARTESIAN_POINT('',(-32.1521682244343,-22.3027505575032,7.3507673599689));
#3059=CARTESIAN_POINT('',(-32.2269712345696,-22.1221604536004,7.35076735996892));
#3060=CARTESIAN_POINT('',(-32.3017742447048,-21.9415703496976,7.35076735996891));
#3061=CARTESIAN_POINT('',(-32.3942423273153,-21.7682976824158,7.35076735996889));
#3062=CARTESIAN_POINT('',(-32.5026622095214,-21.6056539303433,7.35076735996891));
#3063=CARTESIAN_POINT('',(-32.612052310339,-21.4415547257086,7.35076735996888));
#3064=CARTESIAN_POINT('',(-32.7376809843767,-21.2882755177047,7.35076735996889));
#3065=CARTESIAN_POINT('',(-32.8771345554859,-21.1488218746943,7.35076735996891));
#3066=CARTESIAN_POINT('',(-33.0165881265947,-21.0093682316838,7.35076735996888));
#3067=CARTESIAN_POINT('',(-33.1698665947752,-20.883740153667,7.35076735996891));
#3068=CARTESIAN_POINT('',(-33.3339654631842,-20.7743506403048,7.35076735996891));
#3069=CARTESIAN_POINT('',(-33.4966088820129,-20.665931340344,7.35076735996891));
#3070=CARTESIAN_POINT('',(-33.6698816125211,-20.5734638315647,7.35076735996891));
#3071=CARTESIAN_POINT('',(-33.8504720462409,-20.4986599107858,7.3507673599689));
#3072=CARTESIAN_POINT('',(-33.9407672631009,-20.4612579503964,7.35076735996892));
#3073=CARTESIAN_POINT('',(-34.1250165484261,-20.3952858236176,7.35076735996887));
#3074=CARTESIAN_POINT('',(-34.3148058136635,-20.3475458287674,7.35076735996888));
#3075=CARTESIAN_POINT('',(-34.4106410104355,-20.3283760003065,7.35076735996889));
#3076=CARTESIAN_POINT('',(-34.5073338090575,-20.3090346265165,7.35076735996889));
#3077=CARTESIAN_POINT('',(-34.6538092167215,-20.2871995652742,7.35076735996891));
#3078=CARTESIAN_POINT('',(-34.8259549478452,-20.2744181037078,7.35076735996892));
#3079=CARTESIAN_POINT('',(-34.9245039227042,-20.2707599229019,7.35076735996892));
#3080=CARTESIAN_POINT('',(-34.9738085098366,-20.2701491703269,7.3507673599689));
#3081=CARTESIAN_POINT('',(-34.9984608544505,-20.2701491703269,7.3507673599689));
#3082=CARTESIAN_POINT('',(-34.9984602347324,-26.2701582408849,7.41693541813181));
#3083=CARTESIAN_POINT('',(-34.8012436243087,-26.2701582388134,7.41756902249866));
#3084=CARTESIAN_POINT('',(-34.6040275738087,-26.2506064488254,7.4182026268654));
#3085=CARTESIAN_POINT('',(-34.4106423163897,-26.2119214396268,7.4188362312322));
#3086=CARTESIAN_POINT('',(-34.2189712596063,-26.1735793411474,7.41946983559891));
#3087=CARTESIAN_POINT('',(-34.0310633835054,-26.1164417185967,7.4201034399657));
#3088=CARTESIAN_POINT('',(-33.8504722294436,-26.0416388686055,7.42073704433257));
#3089=CARTESIAN_POINT('',(-33.6698811226693,-25.966836038217,7.42137064869926));
#3090=CARTESIAN_POINT('',(-33.4966067338549,-25.8743679896532,7.422004253066));
#3091=CARTESIAN_POINT('',(-33.3339628188039,-25.765947641974,7.42263785743282));
#3092=CARTESIAN_POINT('',(-33.1698642680963,-25.6565576169693,7.4232714617996));
#3093=CARTESIAN_POINT('',(-33.0165871914453,-25.5309286737886,7.42390506616631));
#3094=CARTESIAN_POINT('',(-32.8771345844117,-25.3914753605126,7.42453867053305));
#3095=CARTESIAN_POINT('',(-32.7376819830853,-25.2520220529455,7.42517227489979));
#3096=CARTESIAN_POINT('',(-32.6120538502087,-25.0987443764272,7.42580587926649));
#3097=CARTESIAN_POINT('',(-32.5026632229459,-24.9346459892886,7.42643948363324));
#3098=CARTESIAN_POINT('',(-32.3942422756542,-24.7720022325981,7.42707308799997));
#3099=CARTESIAN_POINT('',(-32.3017722405707,-24.5987287516245,7.42770669236681));
#3100=CARTESIAN_POINT('',(-32.2269692631229,-24.4181380201038,7.42834029673365));
#3101=CARTESIAN_POINT('',(-32.1521662569132,-24.2375472191875,7.42897390110034));
#3102=CARTESIAN_POINT('',(-32.0950303219169,-24.0496391618479,7.42960750546703));
#3103=CARTESIAN_POINT('',(-32.0566888691196,-23.8579677843226,7.43024110983387));
#3104=CARTESIAN_POINT('',(-32.0180045212775,-23.6645822521092,7.43087471420061));
#3105=CARTESIAN_POINT('',(-31.9984523222808,-23.4673657867449,7.4315083185673));
#3106=CARTESIAN_POINT('',(-31.9984518670896,-23.2701492781129,7.43214192293393));
#3107=CARTESIAN_POINT('',(-31.998451411898,-23.0729327779447,7.43277552730079));
#3108=CARTESIAN_POINT('',(-32.0180026988504,-22.8757162344907,7.43340913166756));
#3109=CARTESIAN_POINT('',(-32.0566876585585,-22.6823306534943,7.43404273603427));
#3110=CARTESIAN_POINT('',(-32.0950297124787,-22.4906592534047,7.43467634040103));
#3111=CARTESIAN_POINT('',(-32.1521677406275,-22.3027512012928,7.43530994476779));
#3112=CARTESIAN_POINT('',(-32.2269709343397,-22.1221606240249,7.43594354913461));
#3113=CARTESIAN_POINT('',(-32.3017741374319,-21.9415700240675,7.43657715350136));
#3114=CARTESIAN_POINT('',(-32.39424251069,-21.7682969005887,7.43721075786809));
#3115=CARTESIAN_POINT('',(-32.5026627668614,-21.605652759859,7.43784436223485));
#3116=CARTESIAN_POINT('',(-32.6120526260745,-21.4415540916207,7.43847796660161));
#3117=CARTESIAN_POINT('',(-32.7376809579559,-21.2882753650659,7.4391115709684));
#3118=CARTESIAN_POINT('',(-32.8771341073554,-21.148822122414,7.43974517533517));
#3119=CARTESIAN_POINT('',(-33.0165873090468,-21.0093688274676,7.44037877970187));
#3120=CARTESIAN_POINT('',(-33.1698653388076,-20.8837410269478,7.44101238406861));
#3121=CARTESIAN_POINT('',(-33.3339637225481,-20.774351702239,7.44164598843539));
#3122=CARTESIAN_POINT('',(-33.4966075266442,-20.665932012186,7.44227959280224));
#3123=CARTESIAN_POINT('',(-33.6698807114628,-20.5734641975467,7.44291319716899));
#3124=CARTESIAN_POINT('',(-33.850471640434,-20.4986600697097,7.44354680153569));
#3125=CARTESIAN_POINT('',(-33.9407670626234,-20.4612580230995,7.44417728498653));
#3126=CARTESIAN_POINT('',(-34.1250165975472,-20.3952858001952,7.44451038054208));
#3127=CARTESIAN_POINT('',(-34.3148058072732,-20.3475458329377,7.44460980151985));
#3128=CARTESIAN_POINT('',(-34.4106410176738,-20.3283759984161,7.44440688247995));
#3129=CARTESIAN_POINT('',(-34.5073338131063,-20.309034628388,7.44405920473623));
#3130=CARTESIAN_POINT('',(-34.6538090275129,-20.2871995964067,7.44938141016958));
#3131=CARTESIAN_POINT('',(-34.8259548529491,-20.2744181109445,7.45181662443151));
#3132=CARTESIAN_POINT('',(-34.9245038718309,-20.2707599280278,7.45370261727527));
#3133=CARTESIAN_POINT('',(-34.9738084959068,-20.2701491713497,7.45479409103882));
#3134=CARTESIAN_POINT('',(-34.9984608541514,-20.2701491704185,7.45587904240115));
#3135=CARTESIAN_POINT('',(-34.9984602347324,-26.2701582408849,7.48310347629473));
#3136=CARTESIAN_POINT('',(-34.8012441087952,-26.270158239678,7.48398011586546));
#3137=CARTESIAN_POINT('',(-34.6040285427706,-26.250606548854,7.48485675543611));
#3138=CARTESIAN_POINT('',(-34.4106437409524,-26.2119217339669,7.48573339500678));
#3139=CARTESIAN_POINT('',(-34.2189721356597,-26.1735796280545,7.48661003457743));
#3140=CARTESIAN_POINT('',(-34.0310637221913,-26.1164418935292,7.4874866741481));
#3141=CARTESIAN_POINT('',(-33.8504720710365,-26.0416388362463,7.48836331371886));
#3142=CARTESIAN_POINT('',(-33.669880514458,-25.9668358181697,7.48923995328956));
#3143=CARTESIAN_POINT('',(-33.4966057120344,-25.8743674958654,7.49011659286022));
#3144=CARTESIAN_POINT('',(-33.3339614440972,-25.765946801117,7.49099323243097));
#3145=CARTESIAN_POINT('',(-33.1698633557289,-25.6565569714133,7.49186987200162));
#3146=CARTESIAN_POINT('',(-33.0165866940858,-25.5309283124314,7.49274651157224));
#3147=CARTESIAN_POINT('',(-32.8771344318193,-25.3914753538279,7.49362315114302));
#3148=CARTESIAN_POINT('',(-32.7376821809661,-25.2520224066415,7.49449979071359));
#3149=CARTESIAN_POINT('',(-32.6120543271548,-25.098745162122,7.49537643028426));
#3150=CARTESIAN_POINT('',(-32.5026638888393,-24.934647255316,7.49625306985499));
#3151=CARTESIAN_POINT('',(-32.39424258549,-24.7720031598104,7.49712970942567));
#3152=CARTESIAN_POINT('',(-32.3017722671872,-24.5987292798082,7.49800634899646));
#3153=CARTESIAN_POINT('',(-32.2269690920148,-24.4181381133887,7.49888298856719));
#3154=CARTESIAN_POINT('',(-32.1521658593188,-24.2375468081779,7.49975962813772));
#3155=CARTESIAN_POINT('',(-32.0950297969097,-24.0496382047977,7.50063626770839));
#3156=CARTESIAN_POINT('',(-32.0566883253354,-23.8579662697766,7.50151290727911));
#3157=CARTESIAN_POINT('',(-32.0180041702528,-23.6645812329209,7.50238954684987));
#3158=CARTESIAN_POINT('',(-31.9984520632743,-23.4673652934122,7.50326618642046));
#3159=CARTESIAN_POINT('',(-31.9984515960157,-23.270149310569,7.50414282599099));
#3160=CARTESIAN_POINT('',(-31.9984511287549,-23.0729333446526,7.50501946556159));
#3161=CARTESIAN_POINT('',(-32.0180022978916,-22.8757173353656,7.50589610513217));
#3162=CARTESIAN_POINT('',(-32.0566870374238,-22.6823322573935,7.50677274470279));
#3163=CARTESIAN_POINT('',(-32.0950290775924,-22.4906603331932,7.50764938427356));
#3164=CARTESIAN_POINT('',(-32.1521671940662,-22.3027517667936,7.50852602384428));
#3165=CARTESIAN_POINT('',(-32.2269705691913,-22.1221607134609,7.50940266341504));
#3166=CARTESIAN_POINT('',(-32.3017739630764,-21.9415696147494,7.5102793029857));
#3167=CARTESIAN_POINT('',(-32.3942426248183,-21.7682960323741,7.51115594255637));
#3168=CARTESIAN_POINT('',(-32.5026632527909,-21.6056515002874,7.51203258212703));
#3169=CARTESIAN_POINT('',(-32.6120528682357,-21.441553365746,7.51290922169772));
#3170=CARTESIAN_POINT('',(-32.7376808557969,-21.2882751179407,7.51378586126847));
#3171=CARTESIAN_POINT('',(-32.8771335813232,-21.1488222729479,7.51466250083925));
#3172=CARTESIAN_POINT('',(-33.0165864114332,-21.0093693233661,7.51553914040983));
#3173=CARTESIAN_POINT('',(-33.1698640006109,-20.883741797644,7.51641577998057));
#3174=CARTESIAN_POINT('',(-33.3339618975189,-20.7743526588889,7.51729241955126));
#3175=CARTESIAN_POINT('',(-33.4966060847181,-20.6659325760437,7.51816905912202));
#3176=CARTESIAN_POINT('',(-33.6698797216836,-20.5734644528451,7.51904569869278));
#3177=CARTESIAN_POINT('',(-33.8504711437421,-20.4986601152506,7.51992233826338));
#3178=CARTESIAN_POINT('',(-33.9407667708692,-20.4612579791032,7.5207963770708));
#3179=CARTESIAN_POINT('',(-34.1250167757749,-20.3952856123002,7.52142259263204));
#3180=CARTESIAN_POINT('',(-34.3148065326241,-20.3475455839227,7.5218540793787));
#3181=CARTESIAN_POINT('',(-34.4106420059703,-20.3283757499533,7.52203361611046));
#3182=CARTESIAN_POINT('',(-34.5073345695229,-20.3090344768264,7.52167017864624));
#3183=CARTESIAN_POINT('',(-34.6538096108797,-20.2871995184003,7.5238389335749));
#3184=CARTESIAN_POINT('',(-34.8259551426144,-20.2744180845181,7.52375073704853));
#3185=CARTESIAN_POINT('',(-34.9245039947528,-20.2707599178838,7.52291640730335));
#3186=CARTESIAN_POINT('',(-34.9738085374177,-20.2701491670665,7.52121066523174));
#3187=CARTESIAN_POINT('',(-34.9984608544711,-20.2701491702963,7.51948662341122));
#3188=CARTESIAN_POINT('',(-34.9984602347324,-26.2701582408849,7.61543959262057));
#3189=CARTESIAN_POINT('',(-34.8012446086612,-26.2701582387933,7.61618052247617));
#3190=CARTESIAN_POINT('',(-34.6040295424919,-26.2506066453843,7.61692145233175));
#3191=CARTESIAN_POINT('',(-34.4106452116544,-26.2119220230596,7.61766238218736));
#3192=CARTESIAN_POINT('',(-34.218973073232,-26.173579907965,7.61840331204294));
#3193=CARTESIAN_POINT('',(-34.0310641377753,-26.1164420597158,7.61914424189846));
#3194=CARTESIAN_POINT('',(-33.850472004907,-26.0416387933918,7.61988517175408));
#3195=CARTESIAN_POINT('',(-33.6698800139034,-25.9668355858776,7.62062610160972));
#3196=CARTESIAN_POINT('',(-33.4966048132499,-25.8743669880834,7.6213670314652));
#3197=CARTESIAN_POINT('',(-33.3339602078057,-25.7659459445165,7.6221079613208));
#3198=CARTESIAN_POINT('',(-33.1698625971564,-25.6565563083646,7.62284889117632));
#3199=CARTESIAN_POINT('',(-33.0165863659008,-25.5309279318321,7.62358982103183));
#3200=CARTESIAN_POINT('',(-32.87713446378,-25.3914753261513,7.62433075088747));
#3201=CARTESIAN_POINT('',(-32.7376825787802,-25.2520227375969,7.62507168074299));
#3202=CARTESIAN_POINT('',(-32.6120550194135,-25.0987459233269,7.62581261059861));
#3203=CARTESIAN_POINT('',(-32.5026647854243,-24.9346484951037,7.62655354045414));
#3204=CARTESIAN_POINT('',(-32.3942431413963,-24.7720040590334,7.62729447030966));
#3205=CARTESIAN_POINT('',(-32.3017725552533,-24.598729778253,7.62803540016526));
#3206=CARTESIAN_POINT('',(-32.2269691977358,-24.4181381751855,7.62877633002089));
#3207=CARTESIAN_POINT('',(-32.1521657539344,-24.2375463639316,7.62951725987649));
#3208=CARTESIAN_POINT('',(-32.0950295794913,-24.0496372127613,7.63025818973198));
#3209=CARTESIAN_POINT('',(-32.0566881045198,-23.8579647184954,7.63099911958763));
#3210=CARTESIAN_POINT('',(-32.0180041575752,-23.6645801752476,7.6317400494432));
#3211=CARTESIAN_POINT('',(-31.9984521579948,-23.4673647598452,7.63248097929876));
#3212=CARTESIAN_POINT('',(-31.9984516940488,-23.2701493010417,7.63322190915423));
#3213=CARTESIAN_POINT('',(-31.9984512300993,-23.0729338676284,7.63396283900978));
#3214=CARTESIAN_POINT('',(-32.0180022968006,-22.8757183907599,7.63470376886536));
#3215=CARTESIAN_POINT('',(-32.0566868315368,-22.6823338140629,7.63544469872094));
#3216=CARTESIAN_POINT('',(-32.0950288733326,-22.4906613640022,7.63618562857653));
#3217=CARTESIAN_POINT('',(-32.1521670935106,-22.3027522815655,7.63692655843213));
#3218=CARTESIAN_POINT('',(-32.2269706654279,-22.1221607504186,7.63766748828778));
#3219=CARTESIAN_POINT('',(-32.3017742654856,-21.9415691512036,7.63840841814332));
#3220=CARTESIAN_POINT('',(-32.3942432310907,-21.7682951081825,7.63914934799888));
#3221=CARTESIAN_POINT('',(-32.502664246244,-21.6056501829896,7.63989027785439));
#3222=CARTESIAN_POINT('',(-32.6120536332995,-21.4415525803956,7.64063120770995));
#3223=CARTESIAN_POINT('',(-32.7376812919197,-21.2882748095904,7.64137213756558));
#3224=CARTESIAN_POINT('',(-32.8771336089518,-21.148822360507,7.64211306742122));
#3225=CARTESIAN_POINT('',(-33.0165860828603,-21.0093697545406,7.64285399727673));
#3226=CARTESIAN_POINT('',(-33.1698632468338,-20.8837425018667,7.64359492713232));
#3227=CARTESIAN_POINT('',(-33.3339606722895,-20.7743535473165,7.64433585698807));
#3228=CARTESIAN_POINT('',(-33.4966052579709,-20.6659330699296,7.64507678684363));
#3229=CARTESIAN_POINT('',(-33.6698793624617,-20.5734646364219,7.64581771669918));
#3230=CARTESIAN_POINT('',(-33.8504712929874,-20.4986600873206,7.6465586465547));
#3231=CARTESIAN_POINT('',(-33.9407671404313,-20.4612578598866,7.64729749579961));
#3232=CARTESIAN_POINT('',(-34.125017630699,-20.3952853474359,7.64783808644765));
#3233=CARTESIAN_POINT('',(-34.3148079500504,-20.3475452561889,7.6482228940441));
#3234=CARTESIAN_POINT('',(-34.4106437017219,-20.3283754210224,7.64840614162847));
#3235=CARTESIAN_POINT('',(-34.5073360089726,-20.3090342534458,7.64815500985613));
#3236=CARTESIAN_POINT('',(-34.6538106545779,-20.2871994165902,7.64992963199822));
#3237=CARTESIAN_POINT('',(-34.8259556666747,-20.2744180605193,7.6498986929762));
#3238=CARTESIAN_POINT('',(-34.9245042218774,-20.2707599149262,7.64927084737911));
#3239=CARTESIAN_POINT('',(-34.9738086123989,-20.2701491677475,7.64794587192078));
#3240=CARTESIAN_POINT('',(-34.9984608544471,-20.2701491703322,7.64660625666351));
#3241=CARTESIAN_POINT('',(-34.9984602347324,-26.2701582408849,7.88011182527224));
#3242=CARTESIAN_POINT('',(-34.8012451085279,-26.2701582379079,7.88061763261107));
#3243=CARTESIAN_POINT('',(-34.6040305422141,-26.2506067419129,7.88112343994984));
#3244=CARTESIAN_POINT('',(-34.4106466823579,-26.2119223121499,7.88162924728874));
#3245=CARTESIAN_POINT('',(-34.2189740108058,-26.1735801878719,7.88213505462746));
#3246=CARTESIAN_POINT('',(-34.0310645533621,-26.1164422258983,7.88264086196626));
#3247=CARTESIAN_POINT('',(-33.8504719387806,-26.0416387505324,7.88314666930507));
#3248=CARTESIAN_POINT('',(-33.6698795133525,-25.9668353535798,7.88365247664392));
#3249=CARTESIAN_POINT('',(-33.4966039144698,-25.874366480295,7.8841582839826));
#3250=CARTESIAN_POINT('',(-33.3339589715193,-25.7659450879088,7.88466409132142));
#3251=CARTESIAN_POINT('',(-33.1698618385896,-25.6565556453081,7.88516989866018));
#3252=CARTESIAN_POINT('',(-33.0165860377221,-25.5309275512242,7.88567570599891));
#3253=CARTESIAN_POINT('',(-32.8771344957478,-25.3914752984655,7.88618151333777));
#3254=CARTESIAN_POINT('',(-32.737682976602,-25.2520230685421,7.88668732067655));
#3255=CARTESIAN_POINT('',(-32.6120557116804,-25.0987466845209,7.88719312801543));
#3256=CARTESIAN_POINT('',(-32.5026656820179,-24.9346497348797,7.88769893535409));
#3257=CARTESIAN_POINT('',(-32.3942436973123,-24.7720049582441,7.88820474269285));
#3258=CARTESIAN_POINT('',(-32.3017728433299,-24.598730276685,7.88871055003168));
#3259=CARTESIAN_POINT('',(-32.2269693034678,-24.4181382369686,7.88921635737051));
#3260=CARTESIAN_POINT('',(-32.1521656485606,-24.2375459196703,7.8897221647093));
#3261=CARTESIAN_POINT('',(-32.0950293620842,-24.0496362207091,7.89022797204799));
#3262=CARTESIAN_POINT('',(-32.056687883716,-23.8579631671975,7.89073377938686));
#3263=CARTESIAN_POINT('',(-32.0180041449103,-23.6645791175571,7.89123958672561));
#3264=CARTESIAN_POINT('',(-31.9984522527283,-23.4673642262602,7.89174539406442));
#3265=CARTESIAN_POINT('',(-31.9984517920954,-23.2701492914956,7.89225120140316));
#3266=CARTESIAN_POINT('',(-31.9984513314575,-23.0729343905843,7.8927570087419));
#3267=CARTESIAN_POINT('',(-32.0180022957238,-22.8757194461332,7.89326281608074));
#3268=CARTESIAN_POINT('',(-32.0566866256643,-22.6823353707105,7.89376862341957));
#3269=CARTESIAN_POINT('',(-32.0950286690883,-22.4906623947889,7.89427443075845));
#3270=CARTESIAN_POINT('',(-32.1521669929713,-22.3027527963145,7.8947802380973));
#3271=CARTESIAN_POINT('',(-32.2269707616809,-22.1221607873522,7.89528604543603));
#3272=CARTESIAN_POINT('',(-32.3017745679116,-21.941568687633,7.8957918527748));
#3273=CARTESIAN_POINT('',(-32.3942438373807,-21.7682941839654,7.89629766011363));
#3274=CARTESIAN_POINT('',(-32.5026652397156,-21.6056488656657,7.8968034674524));
#3275=CARTESIAN_POINT('',(-32.6120543983827,-21.4415517950185,7.89730927479121));
#3276=CARTESIAN_POINT('',(-32.7376817280626,-21.2882745012126,7.89781508213005));
#3277=CARTESIAN_POINT('',(-32.8771336366012,-21.148822448038,7.89832088946892));
#3278=CARTESIAN_POINT('',(-33.0165857543086,-21.0093701856862,7.89882669680768));
#3279=CARTESIAN_POINT('',(-33.1698624930787,-20.8837432060597,7.89933250414648));
#3280=CARTESIAN_POINT('',(-33.3339594470812,-20.7743544357127,7.89983831148529));
#3281=CARTESIAN_POINT('',(-33.4966044312459,-20.6659335637837,7.90034411882409));
#3282=CARTESIAN_POINT('',(-33.6698790032631,-20.5734648199662,7.90084992616284));
#3283=CARTESIAN_POINT('',(-33.8504714422564,-20.4986600593574,7.90135573350157));
#3284=CARTESIAN_POINT('',(-33.9407675100181,-20.4612577406362,7.90185998038241));
#3285=CARTESIAN_POINT('',(-34.1250184856483,-20.3952850825371,7.90221553331559));
#3286=CARTESIAN_POINT('',(-34.3148093675019,-20.3475449284195,7.90245424896002));
#3287=CARTESIAN_POINT('',(-34.4106453974995,-20.3283750920551,7.90254179459539));
#3288=CARTESIAN_POINT('',(-34.5073374484489,-20.3090340300281,7.90230355571329));
#3289=CARTESIAN_POINT('',(-34.6538116983027,-20.2871993147419,7.90358463226698));
#3290=CARTESIAN_POINT('',(-34.8259561907617,-20.2744180364812,7.90351153794751));
#3291=CARTESIAN_POINT('',(-34.9245044490292,-20.2707599119285,7.90299076369682));
#3292=CARTESIAN_POINT('',(-34.9738086874083,-20.2701491683879,7.90194714205019));
#3293=CARTESIAN_POINT('',(-34.9984608544512,-20.2701491703263,7.90089254055439));
#3294=CARTESIAN_POINT('',(-34.9984602347324,-26.2701582408849,8.01244794159807));
#3295=CARTESIAN_POINT('',(-34.8012456083944,-26.2701582370226,8.01281843593465));
#3296=CARTESIAN_POINT('',(-34.6040315419361,-26.2506068384417,8.01318893027119));
#3297=CARTESIAN_POINT('',(-34.4106481530607,-26.2119226012404,8.01355942460783));
#3298=CARTESIAN_POINT('',(-34.2189749483795,-26.1735804677795,8.01392991894437));
#3299=CARTESIAN_POINT('',(-34.0310649689477,-26.1164423920811,8.01430041328081));
#3300=CARTESIAN_POINT('',(-33.8504718726535,-26.0416387076736,8.01467090761742));
#3301=CARTESIAN_POINT('',(-33.6698790128002,-25.9668351212824,8.01504140195394));
#3302=CARTESIAN_POINT('',(-33.4966030156885,-25.8743659725073,8.01541189629043));
#3303=CARTESIAN_POINT('',(-33.3339577352322,-25.7659442313024,8.01578239062712));
#3304=CARTESIAN_POINT('',(-33.1698610800219,-25.6565549822528,8.01615288496362));
#3305=CARTESIAN_POINT('',(-33.0165857095427,-25.5309271706179,8.01652337930019));
#3306=CARTESIAN_POINT('',(-32.8771345277146,-25.3914752707813,8.01689387363679));
#3307=CARTESIAN_POINT('',(-32.7376833744223,-25.2520233994889,8.01726436797329));
#3308=CARTESIAN_POINT('',(-32.6120564039456,-25.0987474457164,8.01763486230994));
#3309=CARTESIAN_POINT('',(-32.5026665786105,-24.9346509746579,8.01800535664643));
#3310=CARTESIAN_POINT('',(-32.3942442532273,-24.7720058574572,8.01837585098299));
#3311=CARTESIAN_POINT('',(-32.3017731314057,-24.5987307751198,8.01874634531966));
#3312=CARTESIAN_POINT('',(-32.2269694091988,-24.4181382987544,8.01911683965621));
#3313=CARTESIAN_POINT('',(-32.1521655431852,-24.2375454754116,8.01948733399264));
#3314=CARTESIAN_POINT('',(-32.095029144676,-24.0496352286599,8.01985782832916));
#3315=CARTESIAN_POINT('',(-32.0566876629109,-23.8579616159027,8.02022832266579));
#3316=CARTESIAN_POINT('',(-32.0180041322442,-23.6645780598699,8.02059881700233));
#3317=CARTESIAN_POINT('',(-31.9984523474607,-23.4673636926787,8.02096931133897));
#3318=CARTESIAN_POINT('',(-31.9984518901404,-23.270149281953,8.02133980567544));
#3319=CARTESIAN_POINT('',(-31.9984514328142,-23.072934913544,8.02171030001198));
#3320=CARTESIAN_POINT('',(-32.0180022946454,-22.8757205015105,8.02208079434863));
#3321=CARTESIAN_POINT('',(-32.0566864197901,-22.6823369273622,8.02245128868523));
#3322=CARTESIAN_POINT('',(-32.095028464842,-22.4906634255798,8.02282178302187));
#3323=CARTESIAN_POINT('',(-32.1521668924296,-22.3027533110673,8.02319227735843));
#3324=CARTESIAN_POINT('',(-32.2269708579322,-22.1221608242905,8.02356277169499));
#3325=CARTESIAN_POINT('',(-32.3017748703361,-21.9415682240674,8.0239332660316));
#3326=CARTESIAN_POINT('',(-32.3942444436689,-21.7682932597532,8.02430376036818));
#3327=CARTESIAN_POINT('',(-32.502666233185,-21.6056475483467,8.02467425470469));
#3328=CARTESIAN_POINT('',(-32.6120551634635,-21.4415510096462,8.02504474904123));
#3329=CARTESIAN_POINT('',(-32.7376821642028,-21.2882741928397,8.02541524337783));
#3330=CARTESIAN_POINT('',(-32.8771336642477,-21.148822535574,8.02578573771444));
#3331=CARTESIAN_POINT('',(-33.0165854257541,-21.009370616837,8.02615623205099));
#3332=CARTESIAN_POINT('',(-33.1698617393205,-20.883743910258,8.02652672638754));
#3333=CARTESIAN_POINT('',(-33.3339582218705,-20.7743553241148,8.02689722072413));
#3334=CARTESIAN_POINT('',(-33.4966036045182,-20.6659340576436,8.02726771506066));
#3335=CARTESIAN_POINT('',(-33.6698786440622,-20.5734650035169,8.02763820939727));
#3336=CARTESIAN_POINT('',(-33.8504715915228,-20.4986600314005,8.02800870373372));
#3337=CARTESIAN_POINT('',(-33.9407678796015,-20.4612576213919,8.02837815776486));
#3338=CARTESIAN_POINT('',(-34.125019340594,-20.3952848176443,8.02864848249767));
#3339=CARTESIAN_POINT('',(-34.3148107849496,-20.3475446006561,8.0288409157046));
#3340=CARTESIAN_POINT('',(-34.4106470932728,-20.3283747630939,8.02893256890548));
#3341=CARTESIAN_POINT('',(-34.5073388879209,-20.3090338066165,8.02880703242811));
#3342=CARTESIAN_POINT('',(-34.653812742023,-20.2871992128999,8.02969437290794));
#3343=CARTESIAN_POINT('',(-34.8259567148445,-20.2744180124497,8.02967893280567));
#3344=CARTESIAN_POINT('',(-34.9245046761766,-20.2707599089374,8.02936503941589));
#3345=CARTESIAN_POINT('',(-34.9738087624132,-20.2701491690351,8.02870258109552));
#3346=CARTESIAN_POINT('',(-34.9984608544505,-20.2701491703272,8.02803280287567));
#3347=CARTESIAN_POINT('',(-34.9984602347324,-26.2701582408849,8.1447840579239));
#3348=CARTESIAN_POINT('',(-34.801246108261,-26.2701582361373,8.1450192542));
#3349=CARTESIAN_POINT('',(-34.604032541658,-26.2506069349704,8.14525445047602));
#3350=CARTESIAN_POINT('',(-34.4106496237639,-26.2119228903309,8.14548964675224));
#3351=CARTESIAN_POINT('',(-34.2189758859527,-26.1735807476867,8.14572484302818));
#3352=CARTESIAN_POINT('',(-34.0310653845342,-26.1164425582642,8.1459600393043));
#3353=CARTESIAN_POINT('',(-33.8504718065265,-26.0416386648148,8.14619523558034));
#3354=CARTESIAN_POINT('',(-33.6698785122488,-25.9668348889853,8.14643043185641));
#3355=CARTESIAN_POINT('',(-33.4966021169083,-25.8743654647201,8.14666562813252));
#3356=CARTESIAN_POINT('',(-33.3339564989457,-25.765943374696,8.14690082440872));
#3357=CARTESIAN_POINT('',(-33.169860321455,-25.6565543191977,8.14713602068476));
#3358=CARTESIAN_POINT('',(-33.0165853813634,-25.5309267900114,8.14737121696079));
#3359=CARTESIAN_POINT('',(-32.8771345596819,-25.3914752430971,8.14760641323695));
#3360=CARTESIAN_POINT('',(-32.7376837722434,-25.2520237304358,8.147841609513));
#3361=CARTESIAN_POINT('',(-32.6120570962112,-25.0987482069118,8.14807680578907));
#3362=CARTESIAN_POINT('',(-32.5026674752032,-24.9346522144356,8.14831200206511));
#3363=CARTESIAN_POINT('',(-32.3942448091422,-24.7720067566698,8.14854719834118));
#3364=CARTESIAN_POINT('',(-32.3017734194811,-24.5987312735537,8.14878239461734));
#3365=CARTESIAN_POINT('',(-32.2269695149296,-24.4181383605396,8.14901759089344));
#3366=CARTESIAN_POINT('',(-32.1521654378105,-24.2375450311528,8.14925278716948));
#3367=CARTESIAN_POINT('',(-32.0950289272679,-24.0496342366103,8.14948798344546));
#3368=CARTESIAN_POINT('',(-32.0566874421061,-23.8579600646075,8.14972317972162));
#3369=CARTESIAN_POINT('',(-32.0180041195783,-23.6645770021821,8.14995837599766));
#3370=CARTESIAN_POINT('',(-31.9984524421929,-23.4673631590964,8.15019357227381));
#3371=CARTESIAN_POINT('',(-31.9984519881858,-23.2701492724098,8.15042876854987));
#3372=CARTESIAN_POINT('',(-31.9984515341716,-23.0729354365032,8.15066396482604));
#3373=CARTESIAN_POINT('',(-32.0180022935671,-22.875721556887,8.15089916110212));
#3374=CARTESIAN_POINT('',(-32.0566862139158,-22.6823384840129,8.15113435737821));
#3375=CARTESIAN_POINT('',(-32.0950282605953,-22.4906644563693,8.15136955365429));
#3376=CARTESIAN_POINT('',(-32.1521667918876,-22.3027538258191,8.15160474993037));
#3377=CARTESIAN_POINT('',(-32.2269709541832,-22.1221608612276,8.15183994620653));
#3378=CARTESIAN_POINT('',(-32.3017751727597,-21.9415677605001,8.15207514248256));
#3379=CARTESIAN_POINT('',(-32.394245049956,-21.7682923355393,8.1523103387586));
#3380=CARTESIAN_POINT('',(-32.5026672266537,-21.6056462310261,8.15254553503469));
#3381=CARTESIAN_POINT('',(-32.6120559285435,-21.4415502242724,8.15278073131073));
#3382=CARTESIAN_POINT('',(-32.7376826003422,-21.2882738844651,8.15301592758677));
#3383=CARTESIAN_POINT('',(-32.8771336918935,-21.1488226231083,8.15325112386293));
#3384=CARTESIAN_POINT('',(-33.0165850971986,-21.0093710479859,8.15348632013899));
#3385=CARTESIAN_POINT('',(-33.1698609855618,-20.8837446144546,8.15372151641512));
#3386=CARTESIAN_POINT('',(-33.3339569966591,-20.7743562125151,8.15395671269118));
#3387=CARTESIAN_POINT('',(-33.4966027777899,-20.6659345515019,8.15419190896724));
#3388=CARTESIAN_POINT('',(-33.6698782848599,-20.5734651870655,8.15442710524331));
#3389=CARTESIAN_POINT('',(-33.8504717407884,-20.4986600034417,8.15466230151935));
#3390=CARTESIAN_POINT('',(-33.9407682491851,-20.4612575021462,8.15489697764277));
#3391=CARTESIAN_POINT('',(-34.1250201955396,-20.39528455275,8.15508208911689));
#3392=CARTESIAN_POINT('',(-34.3148122023978,-20.3475442728915,8.15522825482822));
#3393=CARTESIAN_POINT('',(-34.4106487890473,-20.3283744341319,8.15532403053646));
#3394=CARTESIAN_POINT('',(-34.5073403273937,-20.309033583204,8.15531121140554));
#3395=CARTESIAN_POINT('',(-34.653813785744,-20.2871991110567,8.15580483075327));
#3396=CARTESIAN_POINT('',(-34.8259572389278,-20.2744179884169,8.15584705980989));
#3397=CARTESIAN_POINT('',(-34.9245049033249,-20.2707599059453,8.15574006222285));
#3398=CARTESIAN_POINT('',(-34.9738088374186,-20.2701491696809,8.15545878217041));
#3399=CARTESIAN_POINT('',(-34.9984608544507,-20.2701491703269,8.15517384216833));
#3400=CARTESIAN_POINT('',(-34.9984602347324,-26.2701582408849,8.40945629057557));
#3401=CARTESIAN_POINT('',(-34.8012466081276,-26.270158235252,8.40945629057559));
#3402=CARTESIAN_POINT('',(-34.6040335413804,-26.2506070314994,8.40945629057558));
#3403=CARTESIAN_POINT('',(-34.4106510944668,-26.2119231794214,8.40945629057565));
#3404=CARTESIAN_POINT('',(-34.2189768235266,-26.1735810275944,8.4094562905756));
#3405=CARTESIAN_POINT('',(-34.0310658001206,-26.1164427244474,8.40945629057562));
#3406=CARTESIAN_POINT('',(-33.8504717404001,-26.0416386219564,8.40945629057561));
#3407=CARTESIAN_POINT('',(-33.6698780116977,-25.9668346566885,8.40945629057561));
#3408=CARTESIAN_POINT('',(-33.4966012181278,-25.8743649569328,8.40945629057559));
#3409=CARTESIAN_POINT('',(-33.3339552626586,-25.7659425180894,8.40945629057565));
#3410=CARTESIAN_POINT('',(-33.1698595628874,-25.6565536561423,8.40945629057561));
#3411=CARTESIAN_POINT('',(-33.0165850531839,-25.5309264094049,8.40945629057559));
#3412=CARTESIAN_POINT('',(-32.8771345916486,-25.3914752154125,8.40945629057562));
#3413=CARTESIAN_POINT('',(-32.7376841700636,-25.2520240613823,8.40945629057556));
#3414=CARTESIAN_POINT('',(-32.6120577884765,-25.0987489681071,8.40945629057559));
#3415=CARTESIAN_POINT('',(-32.5026683717957,-24.9346534542134,8.40945629057557));
#3416=CARTESIAN_POINT('',(-32.3942453650569,-24.7720076558823,8.40945629057558));
#3417=CARTESIAN_POINT('',(-32.3017737075561,-24.5987317719874,8.40945629057561));
#3418=CARTESIAN_POINT('',(-32.22696962066,-24.4181384223246,8.40945629057562));
#3419=CARTESIAN_POINT('',(-32.1521653324352,-24.2375445868936,8.40945629057559));
#3420=CARTESIAN_POINT('',(-32.0950287098597,-24.0496332445606,8.40945629057555));
#3421=CARTESIAN_POINT('',(-32.056687221301,-23.8579585133121,8.40945629057564));
#3422=CARTESIAN_POINT('',(-32.0180041069121,-23.6645759444943,8.40945629057559));
#3423=CARTESIAN_POINT('',(-31.9984525369245,-23.4673626255138,8.40945629057557));
#3424=CARTESIAN_POINT('',(-31.9984520862303,-23.2701492628662,8.40945629057556));
#3425=CARTESIAN_POINT('',(-31.9984516355272,-23.0729359594616,8.40945629057556));
#3426=CARTESIAN_POINT('',(-32.0180022924875,-22.8757226122628,8.40945629057557));
#3427=CARTESIAN_POINT('',(-32.0566860080403,-22.682340040663,8.40945629057558));
#3428=CARTESIAN_POINT('',(-32.0950280563478,-22.4906654871586,8.40945629057558));
#3429=CARTESIAN_POINT('',(-32.1521666913448,-22.3027543405706,8.40945629057558));
#3430=CARTESIAN_POINT('',(-32.226971050433,-22.1221608981641,8.40945629057559));
#3431=CARTESIAN_POINT('',(-32.3017754751826,-21.9415672969326,8.4094562905756));
#3432=CARTESIAN_POINT('',(-32.3942456562427,-21.7682914113254,8.40945629057557));
#3433=CARTESIAN_POINT('',(-32.5026682201218,-21.6056449137053,8.40945629057559));
#3434=CARTESIAN_POINT('',(-32.612056693623,-21.4415494388984,8.40945629057556));
#3435=CARTESIAN_POINT('',(-32.7376830364815,-21.2882735760908,8.40945629057556));
#3436=CARTESIAN_POINT('',(-32.8771337195391,-21.1488227106427,8.40945629057559));
#3437=CARTESIAN_POINT('',(-33.0165847686428,-21.0093714791349,8.40945629057555));
#3438=CARTESIAN_POINT('',(-33.1698602318024,-20.8837453186511,8.40945629057559));
#3439=CARTESIAN_POINT('',(-33.3339557714473,-20.7743571009155,8.40945629057559));
#3440=CARTESIAN_POINT('',(-33.4966019510612,-20.6659350453602,8.40945629057558));
#3441=CARTESIAN_POINT('',(-33.6698779256577,-20.5734653706142,8.40945629057559));
#3442=CARTESIAN_POINT('',(-33.8504718900539,-20.4986599754831,8.40945629057558));
#3443=CARTESIAN_POINT('',(-33.9407686187681,-20.4612573829005,8.4094562905756));
#3444=CARTESIAN_POINT('',(-34.1250210504851,-20.395284287856,8.40945629057555));
#3445=CARTESIAN_POINT('',(-34.3148136198453,-20.3475439451269,8.40945629057554));
#3446=CARTESIAN_POINT('',(-34.4106504848212,-20.3283741051698,8.40945629057557));
#3447=CARTESIAN_POINT('',(-34.5073417668662,-20.3090333597916,8.40945629057557));
#3448=CARTESIAN_POINT('',(-34.6538148294649,-20.2871990092138,8.40945629057559));
#3449=CARTESIAN_POINT('',(-34.8259577630113,-20.2744179643846,8.4094562905756));
#3450=CARTESIAN_POINT('',(-34.924505130473,-20.2707599029533,8.4094562905756));
#3451=CARTESIAN_POINT('',(-34.9738089124242,-20.2701491703273,8.40945629057558));
#3452=CARTESIAN_POINT('',(-34.9984608544505,-20.2701491703269,8.40945629057557));
#3453=CARTESIAN_POINT('',(-34.9984602347324,-79.3478311660523,7.350767326813));
#3454=CARTESIAN_POINT('',(-34.9738080975981,-79.3478311653478,7.350767326813));
#3455=CARTESIAN_POINT('',(-34.9245038408274,-79.3472201674946,7.350767326813));
#3456=CARTESIAN_POINT('',(-34.825955245122,-79.3435607261964,7.350767326813));
#3457=CARTESIAN_POINT('',(-34.6538095875476,-79.3307755772328,7.350767326813));
#3458=CARTESIAN_POINT('',(-34.5073337429262,-79.3089366654597,7.350767326813));
#3459=CARTESIAN_POINT('',(-34.4106408853342,-79.2895940623547,7.350767326813));
#3460=CARTESIAN_POINT('',(-34.3148056301153,-79.2704230154818,7.350767326813));
#3461=CARTESIAN_POINT('',(-34.1250167044476,-79.222683211971,7.350767326813));
#3462=CARTESIAN_POINT('',(-33.9407677044321,-79.1567131326333,7.350767326813));
#3463=CARTESIAN_POINT('',(-33.8504723748655,-79.1193118099336,7.350767326813));
#3464=CARTESIAN_POINT('',(-33.6698817157322,-79.0445091645341,7.350767326813));
#3465=CARTESIAN_POINT('',(-33.4966077383633,-78.9520413870113,7.350767326813));
#3466=CARTESIAN_POINT('',(-33.3339641740342,-78.8436213837013,7.350767326813));
#3467=CARTESIAN_POINT('',(-33.169865158823,-78.7342311606958,7.350767326813));
#3468=CARTESIAN_POINT('',(-33.0165876650004,-78.6086019306169,7.350767326813));
#3469=CARTESIAN_POINT('',(-32.8771347110365,-78.4691482599691,7.350767326813));
#3470=CARTESIAN_POINT('',(-32.7376817570725,-78.3296945893214,7.350767326813));
#3471=CARTESIAN_POINT('',(-32.6120533429673,-78.1764164781049,7.350767326813));
#3472=CARTESIAN_POINT('',(-32.5026625245935,-78.0123176079344,7.350767326813));
#3473=CARTESIAN_POINT('',(-32.3942419311957,-77.8496741873597,7.350767326813));
#3474=CARTESIAN_POINT('',(-32.3017721771674,-77.6764011027148,7.350767326813));
#3475=CARTESIAN_POINT('',(-32.2269693952798,-77.4958108033933,7.350767326813));
#3476=CARTESIAN_POINT('',(-32.1521666133922,-77.3152205040718,7.350767326813));
#3477=CARTESIAN_POINT('',(-32.0950308036454,-77.1273129900736,7.350767326813));
#3478=CARTESIAN_POINT('',(-32.0566893674606,-76.9356421673441,7.350767326813));
#3479=CARTESIAN_POINT('',(-32.0180048246957,-76.7422561370736,7.350767326813));
#3480=CARTESIAN_POINT('',(-31.9984525315171,-76.5450391431544,7.350767326813));
#3481=CARTESIAN_POINT('',(-31.9984520862296,-76.3478221060342,7.350767326813));
#3482=CARTESIAN_POINT('',(-31.9984516409421,-76.150605068914,7.350767326813));
#3483=CARTESIAN_POINT('',(-32.0180030435457,-75.9533879885928,7.350767326813));
#3484=CARTESIAN_POINT('',(-32.0566882212658,-75.7600019018728,7.350767326813));
#3485=CARTESIAN_POINT('',(-32.0950302867743,-75.5683310231944,7.350767326813));
#3486=CARTESIAN_POINT('',(-32.1521682244342,-75.3804234826706,7.350767326813));
#3487=CARTESIAN_POINT('',(-32.2269712345695,-75.1998333787678,7.350767326813));
#3488=CARTESIAN_POINT('',(-32.3017742447047,-75.019243274865,7.350767326813));
#3489=CARTESIAN_POINT('',(-32.3942423273153,-74.8459706075831,7.350767326813));
#3490=CARTESIAN_POINT('',(-32.5026622095213,-74.6833268555107,7.350767326813));
#3491=CARTESIAN_POINT('',(-32.6120523103391,-74.519227650876,7.350767326813));
#3492=CARTESIAN_POINT('',(-32.7376809843767,-74.3659484428721,7.350767326813));
#3493=CARTESIAN_POINT('',(-32.8771345554858,-74.2264947998617,7.350767326813));
#3494=CARTESIAN_POINT('',(-33.0165881265948,-74.0870411568513,7.350767326813));
#3495=CARTESIAN_POINT('',(-33.1698665947752,-73.9614130788345,7.350767326813));
#3496=CARTESIAN_POINT('',(-33.3339654631841,-73.8520235654723,7.350767326813));
#3497=CARTESIAN_POINT('',(-33.4966088820128,-73.7436042655115,7.350767326813));
#3498=CARTESIAN_POINT('',(-33.6698816125211,-73.6511367567321,7.350767326813));
#3499=CARTESIAN_POINT('',(-33.8504720462408,-73.5763328359532,7.350767326813));
#3500=CARTESIAN_POINT('',(-34.0310624799606,-73.5015289151743,7.350767326813));
#3501=CARTESIAN_POINT('',(-34.2189706168918,-73.444388582396,7.350767326813));
#3502=CARTESIAN_POINT('',(-34.4106410104355,-73.406048925474,7.350767326813));
#3503=CARTESIAN_POINT('',(-34.6040266076796,-73.3673661778941,7.350767326813));
#3504=CARTESIAN_POINT('',(-34.8012420975392,-73.3478220954944,7.350767326813));
#3505=CARTESIAN_POINT('',(-34.9984608544505,-73.3478220954944,7.350767326813));
#3506=CARTESIAN_POINT('',(-34.998460234717,-79.3478311660502,7.44399759685865));
#3507=CARTESIAN_POINT('',(-34.9738080968197,-79.3478311654022,7.44487411623609));
#3508=CARTESIAN_POINT('',(-34.9245038417771,-79.3472201673535,7.44433266384276));
#3509=CARTESIAN_POINT('',(-34.8259552430078,-79.3435607262911,7.44462268756981));
#3510=CARTESIAN_POINT('',(-34.653809590911,-79.3307755766551,7.44441870466412));
#3511=CARTESIAN_POINT('',(-34.5073337396558,-79.308936665692,7.4445701133606));
#3512=CARTESIAN_POINT('',(-34.4106408900698,-79.2895940629019,7.44450598896992));
#3513=CARTESIAN_POINT('',(-34.3148056912646,-79.2704230248433,7.44457633578298));
#3514=CARTESIAN_POINT('',(-34.125016381209,-79.2226831783858,7.44418486400994));
#3515=CARTESIAN_POINT('',(-33.9407669146455,-79.1567129465739,7.4436328941486));
#3516=CARTESIAN_POINT('',(-33.8504713640572,-79.1193115256634,7.44305953599854));
#3517=CARTESIAN_POINT('',(-33.6698802883316,-79.0445086975873,7.4424861778485));
#3518=CARTESIAN_POINT('',(-33.4966059305496,-78.9520406513326,7.44191281969845));
#3519=CARTESIAN_POINT('',(-33.3339620465405,-78.8436203059644,7.44133946154845));
#3520=CARTESIAN_POINT('',(-33.169863526872,-78.7342302832704,7.44076610339846));
#3521=CARTESIAN_POINT('',(-33.0165864812612,-78.6086013424002,7.44019274524841));
#3522=CARTESIAN_POINT('',(-32.877133905267,-78.4691480314347,7.43961938709837));
#3523=CARTESIAN_POINT('',(-32.7376813349802,-78.3296947261781,7.43904602894834));
#3524=CARTESIAN_POINT('',(-32.6120532331434,-78.1764170519705,7.4384726707983));
#3525=CARTESIAN_POINT('',(-32.50266263692,-78.0123186671421,7.43789931264824));
#3526=CARTESIAN_POINT('',(-32.3942417206679,-77.8496749127621,7.43732595449819));
#3527=CARTESIAN_POINT('',(-32.3017717166234,-77.6764014340982,7.4367525963481));
#3528=CARTESIAN_POINT('',(-32.2269687702146,-77.4958107048879,7.43617923819806));
#3529=CARTESIAN_POINT('',(-32.1521657950446,-77.315219906282,7.435605880048));
#3530=CARTESIAN_POINT('',(-32.0950298910881,-77.1273118512531,7.43503252189797));
#3531=CARTESIAN_POINT('',(-32.0566884693299,-76.9356404760379,7.43445916374792));
#3532=CARTESIAN_POINT('',(-32.0180041525274,-76.742254946135,7.43388580559788));
#3533=CARTESIAN_POINT('',(-31.9984519845707,-76.5450384830817,7.43331244744788));
#3534=CARTESIAN_POINT('',(-31.9984515604194,-76.3478219767603,7.43273908929783));
#3535=CARTESIAN_POINT('',(-31.998451136267,-76.1506054789026,7.43216573114782));
#3536=CARTESIAN_POINT('',(-32.018002454259,-75.9533889377592,7.43159237299782));
#3537=CARTESIAN_POINT('',(-32.0566874450067,-75.7600033590737,7.43101901484779));
#3538=CARTESIAN_POINT('',(-32.0950295299666,-75.5683319612944,7.43044565669775));
#3539=CARTESIAN_POINT('',(-32.1521675891549,-75.3804239114934,7.42987229854775));
#3540=CARTESIAN_POINT('',(-32.2269708139067,-75.1998333365363,7.42929894039777));
#3541=CARTESIAN_POINT('',(-32.3017740480382,-75.0192427388891,7.4287255822477));
#3542=CARTESIAN_POINT('',(-32.394242452336,-74.8459696177207,7.42815222409767));
#3543=CARTESIAN_POINT('',(-32.5026627395472,-74.6833254793024,7.42757886594771));
#3544=CARTESIAN_POINT('',(-32.6120526298001,-74.5192268133749,7.42700550779771));
#3545=CARTESIAN_POINT('',(-32.7376809927208,-74.3659480891306,7.42643214964769));
#3546=CARTESIAN_POINT('',(-32.8771341731598,-74.2264948487892,7.42585879149766));
#3547=CARTESIAN_POINT('',(-33.0165874058911,-74.0870415561539,7.42528543334766));
#3548=CARTESIAN_POINT('',(-33.1698654666919,-73.9614137579448,7.42471207519765));
#3549=CARTESIAN_POINT('',(-33.3339638814716,-73.852024435547,7.42413871704766));
#3550=CARTESIAN_POINT('',(-33.4966077166093,-73.7436047478043,7.42356535889768));
#3551=CARTESIAN_POINT('',(-33.6698809324613,-73.6511369354764,7.42299200074762));
#3552=CARTESIAN_POINT('',(-33.8504718924795,-73.5763328099486,7.42241864259759));
#3553=CARTESIAN_POINT('',(-34.0310627800129,-73.5015287144299,7.42184528444759));
#3554=CARTESIAN_POINT('',(-34.2189714060505,-73.4443882914632,7.4212719262976));
#3555=CARTESIAN_POINT('',(-34.4106422981917,-73.4060486371175,7.42069856814754));
#3556=CARTESIAN_POINT('',(-34.6040274840476,-73.3673660749561,7.4201252099975));
#3557=CARTESIAN_POINT('',(-34.8012425357343,-73.3478220896196,7.41955185184746));
#3558=CARTESIAN_POINT('',(-34.9984608544505,-73.3478220954944,7.41897849369742));
#3559=CARTESIAN_POINT('',(-34.9984602347352,-79.347831166053,7.50921419848737));
#3560=CARTESIAN_POINT('',(-34.9738081692657,-79.3478311653956,7.50992202966209));
#3561=CARTESIAN_POINT('',(-34.9245040585381,-79.3472201709635,7.50944821769449));
#3562=CARTESIAN_POINT('',(-34.8259557489544,-79.343560751307,7.50966730249384));
#3563=CARTESIAN_POINT('',(-34.6538105983696,-79.330775676643,7.50947471509926));
#3564=CARTESIAN_POINT('',(-34.5073351693756,-79.3089368931821,7.50957828737315));
#3565=CARTESIAN_POINT('',(-34.4106425908183,-79.2895944031849,7.50950224874105));
#3566=CARTESIAN_POINT('',(-34.3148070692758,-79.2704233588259,7.50953826944545));
#3567=CARTESIAN_POINT('',(-34.1250172029321,-79.2226834488413,7.50918944132805));
#3568=CARTESIAN_POINT('',(-33.9407672239591,-79.1567130552151,7.50870686480381));
#3569=CARTESIAN_POINT('',(-33.8504714267889,-79.1193115292413,7.50820646470565));
#3570=CARTESIAN_POINT('',(-33.6698799089106,-79.0445085116351,7.50770606460744));
#3571=CARTESIAN_POINT('',(-33.4966051451555,-78.9520401897959,7.50720566450931));
#3572=CARTESIAN_POINT('',(-33.3339609159056,-78.8436194955153,7.50670526441111));
#3573=CARTESIAN_POINT('',(-33.1698628662191,-78.7342296662788,7.50620486431293));
#3574=CARTESIAN_POINT('',(-33.0165862432596,-78.608601007764,7.50570446421472));
#3575=CARTESIAN_POINT('',(-32.8771340196748,-78.4691480496273,7.50520406411654));
#3576=CARTESIAN_POINT('',(-32.7376818075044,-78.3296951029077,7.50470366401827));
#3577=CARTESIAN_POINT('',(-32.6120539923755,-78.1764178588553,7.50420326392007));
#3578=CARTESIAN_POINT('',(-32.5026635927421,-78.0123199525155,7.5037028638218));
#3579=CARTESIAN_POINT('',(-32.3942423280754,-77.8496758574774,7.50320246372364));
#3580=CARTESIAN_POINT('',(-32.3017720484545,-77.6764019779416,7.5027020636254));
#3581=CARTESIAN_POINT('',(-32.2269689119641,-77.495810811989,7.50220166352719));
#3582=CARTESIAN_POINT('',(-32.1521657179514,-77.3152195072457,7.50170126342899));
#3583=CARTESIAN_POINT('',(-32.0950296942248,-77.1273109043327,7.5012008633308));
#3584=CARTESIAN_POINT('',(-32.056688261333,-76.9356389697791,7.50070046323265));
#3585=CARTESIAN_POINT('',(-32.0180041449322,-76.7422539333897,7.50020006313437));
#3586=CARTESIAN_POINT('',(-31.9984520766365,-76.545037994348,7.49969966303617));
#3587=CARTESIAN_POINT('',(-31.9984516480612,-76.3478220119723,7.49919926293797));
#3588=CARTESIAN_POINT('',(-31.9984512194834,-76.1506060465234,7.4986988628398));
#3589=CARTESIAN_POINT('',(-32.0180024273033,-75.9533900377045,7.49819846274168));
#3590=CARTESIAN_POINT('',(-32.0566872055185,-75.7600049602005,7.49769806264355));
#3591=CARTESIAN_POINT('',(-32.0950292843691,-75.5683330364664,7.4971976625453));
#3592=CARTESIAN_POINT('',(-32.1521674395251,-75.3804244705337,7.49669726244709));
#3593=CARTESIAN_POINT('',(-32.2269708533327,-75.1998334176685,7.49619686234896));
#3594=CARTESIAN_POINT('',(-32.3017742859005,-75.0192423194246,7.49569646225081));
#3595=CARTESIAN_POINT('',(-32.3942429863251,-74.8459687375164,7.49519606215263));
#3596=CARTESIAN_POINT('',(-32.5026636529803,-74.683324205897,7.49469566205442));
#3597=CARTESIAN_POINT('',(-32.6120533071077,-74.519226071823,7.49419526195626));
#3598=CARTESIAN_POINT('',(-32.737681333351,-74.3659478244847,7.49369486185808));
#3599=CARTESIAN_POINT('',(-32.8771340975598,-74.2264949799595,7.49319446175996));
#3600=CARTESIAN_POINT('',(-33.0165869663525,-74.0870420308449,7.49269406166175));
#3601=CARTESIAN_POINT('',(-33.169864594213,-73.9614145055896,7.49219366156353));
#3602=CARTESIAN_POINT('',(-33.3339625298027,-73.8520253673019,7.49169326146536));
#3603=CARTESIAN_POINT('',(-33.496606755689,-73.7436052849238,7.49119286136728));
#3604=CARTESIAN_POINT('',(-33.6698804313245,-73.6511371621947,7.49069246126911));
#3605=CARTESIAN_POINT('',(-33.8504718920808,-73.5763328250649,7.49019206117094));
#3606=CARTESIAN_POINT('',(-34.0310632078673,-73.5015285479525,7.48969166107277));
#3607=CARTESIAN_POINT('',(-34.2189722974505,-73.4443880279431,7.48919126097459));
#3608=CARTESIAN_POINT('',(-34.4106436626288,-73.4060483693206,7.48869086087638));
#3609=CARTESIAN_POINT('',(-34.6040284115361,-73.367365985724,7.48819046077814));
#3610=CARTESIAN_POINT('',(-34.8012429994897,-73.347822090598,7.48769006068));
#3611=CARTESIAN_POINT('',(-34.9984608544505,-73.3478220954943,7.48718966058184));
#3612=CARTESIAN_POINT('',(-34.998460234732,-79.3478311660524,7.64270155189222));
#3613=CARTESIAN_POINT('',(-34.9738082416904,-79.3478311653851,7.64323954900085));
#3614=CARTESIAN_POINT('',(-34.9245042752782,-79.3472201745695,7.64283223159565));
#3615=CARTESIAN_POINT('',(-34.8259562548809,-79.34356077632,7.64297923160412));
#3616=CARTESIAN_POINT('',(-34.6538116058084,-79.3307757766279,7.64279689385732));
#3617=CARTESIAN_POINT('',(-34.5073365990761,-79.3089371206696,7.64285148384535));
#3618=CARTESIAN_POINT('',(-34.4106442915481,-79.2895947434653,7.64276238510854));
#3619=CARTESIAN_POINT('',(-34.3148084472688,-79.2704236928063,7.642762933841));
#3620=CARTESIAN_POINT('',(-34.1250180246374,-79.2226837192948,7.64245560351595));
#3621=CARTESIAN_POINT('',(-33.9407675332551,-79.1567131638541,7.64204127446549));
#3622=CARTESIAN_POINT('',(-33.8504714895032,-79.1193115328161,7.64161268655584));
#3623=CARTESIAN_POINT('',(-33.6698795294725,-79.0445083256797,7.64118409864616));
#3624=CARTESIAN_POINT('',(-33.4966043597445,-78.9520397282557,7.64075551073659));
#3625=CARTESIAN_POINT('',(-33.3339597852546,-78.8436186850637,7.64032692282696));
#3626=CARTESIAN_POINT('',(-33.1698622055507,-78.7342290492851,7.63989833491733));
#3627=CARTESIAN_POINT('',(-33.0165860052429,-78.6086006731258,7.63946974700765));
#3628=CARTESIAN_POINT('',(-32.8771341340678,-78.4691480678176,7.639041159098));
#3629=CARTESIAN_POINT('',(-32.7376822800148,-78.3296954796363,7.63861257118832));
#3630=CARTESIAN_POINT('',(-32.612054751594,-78.1764186657389,7.63818398327861));
#3631=CARTESIAN_POINT('',(-32.5026645485512,-78.0123212378885,7.63775539536891));
#3632=CARTESIAN_POINT('',(-32.39424293547,-77.8496768021914,7.63732680745924));
#3633=CARTESIAN_POINT('',(-32.3017723802734,-77.6764025217842,7.63689821954961));
#3634=CARTESIAN_POINT('',(-32.2269690537018,-77.4958109190894,7.63646963163992));
#3635=CARTESIAN_POINT('',(-32.1521656408466,-77.3152191082084,7.63604104373025));
#3636=CARTESIAN_POINT('',(-32.0950294973503,-77.1273099574114,7.6356124558206));
#3637=CARTESIAN_POINT('',(-32.056688053325,-76.9356374635185,7.63518386791094));
#3638=CARTESIAN_POINT('',(-32.0180041373267,-76.7422529206436,7.63475528000124));
#3639=CARTESIAN_POINT('',(-31.998452168693,-76.5450375056148,7.63432669209164));
#3640=CARTESIAN_POINT('',(-31.9984517356939,-76.3478220471846,7.63389810418198));
#3641=CARTESIAN_POINT('',(-31.9984513026911,-76.1506066141444,7.63346951627232));
#3642=CARTESIAN_POINT('',(-32.0180024003391,-75.9533911376495,7.63304092836273));
#3643=CARTESIAN_POINT('',(-32.0566869660216,-75.760006561326,7.63261234045308));
#3644=CARTESIAN_POINT('',(-32.0950290387639,-75.5683341116382,7.63218375254343));
#3645=CARTESIAN_POINT('',(-32.1521672898881,-75.3804250295745,7.63175516463378));
#3646=CARTESIAN_POINT('',(-32.2269708927516,-75.1998334988006,7.63132657672412));
#3647=CARTESIAN_POINT('',(-32.301774523756,-75.0192418999596,7.63089798881454));
#3648=CARTESIAN_POINT('',(-32.394243520308,-74.8459678573119,7.63046940090492));
#3649=CARTESIAN_POINT('',(-32.5026645664081,-74.6833229324928,7.63004081299531));
#3650=CARTESIAN_POINT('',(-32.6120539844104,-74.5192253302722,7.62961222508568));
#3651=CARTESIAN_POINT('',(-32.7376816739768,-74.3659475598401,7.62918363717604));
#3652=CARTESIAN_POINT('',(-32.8771340219554,-74.2264951111303,7.62875504926645));
#3653=CARTESIAN_POINT('',(-33.0165865268103,-74.0870425055374,7.62832646135681));
#3654=CARTESIAN_POINT('',(-33.1698637217312,-73.9614152532366,7.62789787344717));
#3655=CARTESIAN_POINT('',(-33.3339611781314,-73.8520262990591,7.62746928553749));
#3656=CARTESIAN_POINT('',(-33.4966057947664,-73.7436058220453,7.62704069762796));
#3657=CARTESIAN_POINT('',(-33.6698799301855,-73.6511373889139,7.62661210971828));
#3658=CARTESIAN_POINT('',(-33.8504718916801,-73.5763328401817,7.62618352180862));
#3659=CARTESIAN_POINT('',(-34.0310636357201,-73.5015283814759,7.62575493389901));
#3660=CARTESIAN_POINT('',(-34.2189731888495,-73.4443877644241,7.62532634598936));
#3661=CARTESIAN_POINT('',(-34.4106450270652,-73.4060481015245,7.62489775807964));
#3662=CARTESIAN_POINT('',(-34.6040293390245,-73.3673658964935,7.62446917016998));
#3663=CARTESIAN_POINT('',(-34.8012434632449,-73.3478220915766,7.6240405822603));
#3664=CARTESIAN_POINT('',(-34.9984608544505,-73.3478220954944,7.6236119943507));
#3665=CARTESIAN_POINT('',(-34.9984602347326,-79.3478311660526,7.90915546828513));
#3666=CARTESIAN_POINT('',(-34.9738083141188,-79.3478311653756,7.90959008845809));
#3667=CARTESIAN_POINT('',(-34.9245044920222,-79.3472201781771,7.90931572274575));
#3668=CARTESIAN_POINT('',(-34.825956760811,-79.3435608013338,7.90945709509365));
#3669=CARTESIAN_POINT('',(-34.6538126132511,-79.3307758766144,7.90935146412512));
#3670=CARTESIAN_POINT('',(-34.5073380287799,-79.3089373481576,7.90942352895758));
#3671=CARTESIAN_POINT('',(-34.4106459922813,-79.289595083747,7.90938782724653));
#3672=CARTESIAN_POINT('',(-34.3148098252651,-79.2704240267876,7.90941936113742));
#3673=CARTESIAN_POINT('',(-34.1250188463462,-79.2226839897496,7.90921998573519));
#3674=CARTESIAN_POINT('',(-33.9407678425545,-79.1567132724943,7.90894036128889));
#3675=CARTESIAN_POINT('',(-33.8504715522208,-79.1193115363923,7.90865004269814));
#3676=CARTESIAN_POINT('',(-33.6698791500382,-79.044508139727,7.9083597241075));
#3677=CARTESIAN_POINT('',(-33.4966035743368,-78.9520392667173,7.90806940551682));
#3678=CARTESIAN_POINT('',(-33.3339586546067,-78.843617874613,7.90777908692612));
#3679=CARTESIAN_POINT('',(-33.1698615448852,-78.7342284322921,7.90748876833541));
#3680=CARTESIAN_POINT('',(-33.0165857672289,-78.608600338488,7.90719844974464));
#3681=CARTESIAN_POINT('',(-32.8771342484635,-78.4691480860088,7.90690813115393));
#3682=CARTESIAN_POINT('',(-32.7376827525274,-78.3296958563649,7.90661781256316));
#3683=CARTESIAN_POINT('',(-32.6120555108149,-78.1764194726228,7.90632749397239));
#3684=CARTESIAN_POINT('',(-32.5026655043629,-78.0123225232622,7.9060371753817));
#3685=CARTESIAN_POINT('',(-32.3942435428672,-77.8496777469066,7.90574685679098));
#3686=CARTESIAN_POINT('',(-32.3017727120945,-77.6764030656273,7.90545653820027));
#3687=CARTESIAN_POINT('',(-32.2269691954416,-77.4958110261902,7.90516621960951));
#3688=CARTESIAN_POINT('',(-32.1521655637439,-77.3152187091715,7.90487590101875));
#3689=CARTESIAN_POINT('',(-32.0950293004775,-77.1273090104899,7.90458558242798));
#3690=CARTESIAN_POINT('',(-32.0566878453191,-76.9356359572588,7.90429526383734));
#3691=CARTESIAN_POINT('',(-32.0180041297231,-76.742251907898,7.90400494524657));
#3692=CARTESIAN_POINT('',(-31.9984522607509,-76.5450370168811,7.90371462665587));
#3693=CARTESIAN_POINT('',(-31.9984518233279,-76.3478220823962,7.90342430806512));
#3694=CARTESIAN_POINT('',(-31.9984513859004,-76.1506071817658,7.9031339894745));
#3695=CARTESIAN_POINT('',(-32.0180023733763,-75.9533922375945,7.90284367088379));
#3696=CARTESIAN_POINT('',(-32.0566867265262,-75.7600081624515,7.90255335229305));
#3697=CARTESIAN_POINT('',(-32.09502879316,-75.5683351868103,7.90226303370239));
#3698=CARTESIAN_POINT('',(-32.1521671402523,-75.3804255886151,7.90197271511166));
#3699=CARTESIAN_POINT('',(-32.2269709321719,-75.1998335799329,7.90168239652092));
#3700=CARTESIAN_POINT('',(-32.3017747616125,-75.0192414804942,7.90139207793026));
#3701=CARTESIAN_POINT('',(-32.3942440542915,-74.8459669771064,7.90110175933956));
#3702=CARTESIAN_POINT('',(-32.5026654798363,-74.6833216590871,7.90081144074887));
#3703=CARTESIAN_POINT('',(-32.6120546617131,-74.5192245887192,7.9005211221581));
#3704=CARTESIAN_POINT('',(-32.7376820146026,-74.3659472951938,7.90023080356745));
#3705=CARTESIAN_POINT('',(-32.8771339463511,-74.2264952422994,7.8999404849768));
#3706=CARTESIAN_POINT('',(-33.0165860872679,-74.0870429802276,7.89965016638608));
#3707=CARTESIAN_POINT('',(-33.169862849249,-73.9614160008811,7.89935984779537));
#3708=CARTESIAN_POINT('',(-33.3339598264598,-73.8520272308143,7.89906952920467));
#3709=CARTESIAN_POINT('',(-33.4966048338433,-73.7436063591642,7.89877921061402));
#3710=CARTESIAN_POINT('',(-33.669879429046,-73.651137615631,7.89848889202328));
#3711=CARTESIAN_POINT('',(-33.8504718912793,-73.5763328552972,7.89819857343262));
#3712=CARTESIAN_POINT('',(-34.0310640635726,-73.5015282149978,7.89790825484193));
#3713=CARTESIAN_POINT('',(-34.218974080248,-73.4443875009035,7.8976179362512));
#3714=CARTESIAN_POINT('',(-34.4106463915015,-73.4060478337279,7.89732761766051));
#3715=CARTESIAN_POINT('',(-34.6040302665127,-73.3673658072623,7.8970372990698));
#3716=CARTESIAN_POINT('',(-34.801243927,-73.3478220925552,7.89674698047905));
#3717=CARTESIAN_POINT('',(-34.9984608544505,-73.3478220954943,7.8964566618884));
#3718=CARTESIAN_POINT('',(-34.9984602347326,-79.3478311660527,8.04240759141594));
#3719=CARTESIAN_POINT('',(-34.9738083865468,-79.3478311653663,8.04267690118201));
#3720=CARTESIAN_POINT('',(-34.9245047087656,-79.3472201817845,8.04247355369119));
#3721=CARTESIAN_POINT('',(-34.8259572667401,-79.3435608263467,8.04254736490719));
#3722=CARTESIAN_POINT('',(-34.6538136206927,-79.3307759765997,8.0424565072456));
#3723=CARTESIAN_POINT('',(-34.5073394584831,-79.308937575645,8.0424841134513));
#3724=CARTESIAN_POINT('',(-34.4106476930138,-79.2895954240278,8.04243987529468));
#3725=CARTESIAN_POINT('',(-34.3148112032606,-79.2704243607683,8.04244046087274));
#3726=CARTESIAN_POINT('',(-34.1250196680543,-79.2226842602038,8.04228710692202));
#3727=CARTESIAN_POINT('',(-33.940768151853,-79.1567133811335,8.04208025360854));
#3728=CARTESIAN_POINT('',(-33.8504716149378,-79.119311539968,8.04186627086549));
#3729=CARTESIAN_POINT('',(-33.6698787706028,-79.0445079537727,8.04165228812251));
#3730=CARTESIAN_POINT('',(-33.4966027889281,-78.9520388051774,8.04143830537944));
#3731=CARTESIAN_POINT('',(-33.3339575239575,-78.8436170641608,8.04122432263635));
#3732=CARTESIAN_POINT('',(-33.1698608842183,-78.7342278152972,8.04101033989326));
#3733=CARTESIAN_POINT('',(-33.0165855292143,-78.6086000038499,8.04079635715027));
#3734=CARTESIAN_POINT('',(-32.8771343628583,-78.4691481041989,8.04058237440717));
#3735=CARTESIAN_POINT('',(-32.7376832250395,-78.3296962330934,8.04036839166411));
#3736=CARTESIAN_POINT('',(-32.6120562700357,-78.1764202795075,8.04015440892107));
#3737=CARTESIAN_POINT('',(-32.5026664601738,-78.012323808635,8.03994042617794));
#3738=CARTESIAN_POINT('',(-32.3942441502636,-77.8496786916207,8.03972644343485));
#3739=CARTESIAN_POINT('',(-32.3017730439147,-77.6764036094691,8.03951246069176));
#3740=CARTESIAN_POINT('',(-32.2269693371807,-77.4958111332902,8.03929847794868));
#3741=CARTESIAN_POINT('',(-32.1521654866409,-77.3152183101346,8.03908449520565));
#3742=CARTESIAN_POINT('',(-32.0950291036048,-77.1273080635691,8.03887051246255));
#3743=CARTESIAN_POINT('',(-32.0566876373125,-76.9356344509981,8.03865652971946));
#3744=CARTESIAN_POINT('',(-32.0180041221191,-76.7422508951521,8.0384425469764));
#3745=CARTESIAN_POINT('',(-31.9984523528085,-76.5450365281472,8.03822856423336));
#3746=CARTESIAN_POINT('',(-31.9984519109616,-76.3478221176076,8.03801458149022));
#3747=CARTESIAN_POINT('',(-31.9984514691085,-76.1506077493849,8.03780059874713));
#3748=CARTESIAN_POINT('',(-32.0180023464126,-75.953393337538,8.03758661600411));
#3749=CARTESIAN_POINT('',(-32.0566864870303,-75.7600097635767,8.0373726332611));
#3750=CARTESIAN_POINT('',(-32.0950285475553,-75.5683362619808,8.03715865051805));
#3751=CARTESIAN_POINT('',(-32.1521669906159,-75.3804261476548,8.036944667775));
#3752=CARTESIAN_POINT('',(-32.2269709715918,-75.1998336610648,8.03673068503195));
#3753=CARTESIAN_POINT('',(-32.3017749994688,-75.0192410610288,8.03651670228895));
#3754=CARTESIAN_POINT('',(-32.394244588275,-74.8459660969014,8.03630271954594));
#3755=CARTESIAN_POINT('',(-32.5026663932645,-74.6833203856818,8.03608873680289));
#3756=CARTESIAN_POINT('',(-32.6120553390164,-74.5192238471679,8.03587475405982));
#3757=CARTESIAN_POINT('',(-32.7376823552286,-74.365947030548,8.03566077131677));
#3758=CARTESIAN_POINT('',(-32.8771338707468,-74.2264953734691,8.03544678857376));
#3759=CARTESIAN_POINT('',(-33.0165856477257,-74.0870434549187,8.0352328058307));
#3760=CARTESIAN_POINT('',(-33.1698619767671,-73.9614167485266,8.03501882308768));
#3761=CARTESIAN_POINT('',(-33.3339584747885,-73.8520281625705,8.03480484034465));
#3762=CARTESIAN_POINT('',(-33.4966038729206,-73.7436068962841,8.03459085760162));
#3763=CARTESIAN_POINT('',(-33.6698789279072,-73.6511378423498,8.03437687485859));
#3764=CARTESIAN_POINT('',(-33.8504718908786,-73.5763328704133,8.03416289211553));
#3765=CARTESIAN_POINT('',(-34.0310644914253,-73.5015280485202,8.03394890937248));
#3766=CARTESIAN_POINT('',(-34.2189749716467,-73.4443872373834,8.03373492662937));
#3767=CARTESIAN_POINT('',(-34.410647755938,-73.4060475659315,8.0335209438864));
#3768=CARTESIAN_POINT('',(-34.6040311940008,-73.3673657180309,8.03330696114332));
#3769=CARTESIAN_POINT('',(-34.8012443907554,-73.3478220935341,8.03309297840027));
#3770=CARTESIAN_POINT('',(-34.9984608544505,-73.3478220954943,8.03287899565725));
#3771=CARTESIAN_POINT('',(-34.9984602347325,-79.3478311660525,8.17565252480299));
#3772=CARTESIAN_POINT('',(-34.9738084589749,-79.3478311653568,8.17575666242645));
#3773=CARTESIAN_POINT('',(-34.9245049255091,-79.3472201853918,8.17562447142149));
#3774=CARTESIAN_POINT('',(-34.8259577726695,-79.34356085136,8.1756308597699));
#3775=CARTESIAN_POINT('',(-34.6538146281344,-79.3307760765849,8.17555491367954));
#3776=CARTESIAN_POINT('',(-34.5073408881866,-79.3089378031333,8.17553819952284));
#3777=CARTESIAN_POINT('',(-34.4106493937468,-79.2895957643097,8.175485563185));
#3778=CARTESIAN_POINT('',(-34.3148125812565,-79.2704246947496,8.17545533871448));
#3779=CARTESIAN_POINT('',(-34.1250204897623,-79.2226845306578,8.1753481444795));
#3780=CARTESIAN_POINT('',(-33.9407684611517,-79.156713489773,8.17521420056321));
#3781=CARTESIAN_POINT('',(-33.8504716776548,-79.1193115435437,8.17507669193214));
#3782=CARTESIAN_POINT('',(-33.6698783911674,-79.0445077678181,8.17493918330108));
#3783=CARTESIAN_POINT('',(-33.4966020035198,-78.9520383436381,8.17480167467001));
#3784=CARTESIAN_POINT('',(-33.3339563933091,-78.84361625371,8.17466416603892));
#3785=CARTESIAN_POINT('',(-33.1698602235525,-78.7342271983046,8.17452665740781));
#3786=CARTESIAN_POINT('',(-33.0165852912,-78.6085996692123,8.17438914877674));
#3787=CARTESIAN_POINT('',(-32.8771344772538,-78.4691481223904,8.17425164014563));
#3788=CARTESIAN_POINT('',(-32.7376836975519,-78.3296966098221,8.17411413151448));
#3789=CARTESIAN_POINT('',(-32.6120570292565,-78.1764210863918,8.17397662288342));
#3790=CARTESIAN_POINT('',(-32.5026674159852,-78.0123250940088,8.17383911425228));
#3791=CARTESIAN_POINT('',(-32.3942447576607,-77.8496796363361,8.17370160562117));
#3792=CARTESIAN_POINT('',(-32.3017733757359,-77.6764041533132,8.1735640969901));
#3793=CARTESIAN_POINT('',(-32.2269694789206,-77.4958112403919,8.17342658835895));
#3794=CARTESIAN_POINT('',(-32.1521654095383,-77.3152179110985,8.17328907972785));
#3795=CARTESIAN_POINT('',(-32.0950289067324,-77.1273071166489,8.1731515710967));
#3796=CARTESIAN_POINT('',(-32.0566874293069,-76.9356329447395,8.17301406246562));
#3797=CARTESIAN_POINT('',(-32.0180041145156,-76.7422498824072,8.17287655383446));
#3798=CARTESIAN_POINT('',(-31.9984524448666,-76.5450360394144,8.17273904520339));
#3799=CARTESIAN_POINT('',(-31.9984519985959,-76.3478221528206,8.17260153657221));
#3800=CARTESIAN_POINT('',(-31.9984515523181,-76.1506083170074,8.17246402794115));
#3801=CARTESIAN_POINT('',(-32.0180023194503,-75.9533944374846,8.17232651931009));
#3802=CARTESIAN_POINT('',(-32.0566862475352,-75.7600113647034,8.17218901067894));
#3803=CARTESIAN_POINT('',(-32.0950283019516,-75.5683373371535,8.17205150204787));
#3804=CARTESIAN_POINT('',(-32.1521668409803,-75.3804267066964,8.17191399341677));
#3805=CARTESIAN_POINT('',(-32.2269710110123,-75.1998337421981,8.17177648478567));
#3806=CARTESIAN_POINT('',(-32.3017752373255,-75.0192406415642,8.17163897615458));
#3807=CARTESIAN_POINT('',(-32.3942451222588,-74.8459652166971,8.17150146752354));
#3808=CARTESIAN_POINT('',(-32.502667306693,-74.6833191122773,8.17136395889244));
#3809=CARTESIAN_POINT('',(-32.6120560163197,-74.5192231056168,8.17122645026133));
#3810=CARTESIAN_POINT('',(-32.7376826958551,-74.3659467659034,8.17108894163027));
#3811=CARTESIAN_POINT('',(-32.877133795143,-74.2264955046399,8.17095143299921));
#3812=CARTESIAN_POINT('',(-33.016585208184,-74.0870439296108,8.1708139243681));
#3813=CARTESIAN_POINT('',(-33.1698611042854,-73.9614174961726,8.170676415737));
#3814=CARTESIAN_POINT('',(-33.3339571231174,-73.8520290943269,8.17053890710593));
#3815=CARTESIAN_POINT('',(-33.4966029119983,-73.7436074334052,8.1704013984749));
#3816=CARTESIAN_POINT('',(-33.6698784267683,-73.6511380690685,8.17026388984376));
#3817=CARTESIAN_POINT('',(-33.8504718904782,-73.5763328855301,8.17012638121269));
#3818=CARTESIAN_POINT('',(-34.0310649192782,-73.5015278820431,8.16998887258156));
#3819=CARTESIAN_POINT('',(-34.2189758630458,-73.4443869738644,8.16985136395046));
#3820=CARTESIAN_POINT('',(-34.4106491203746,-73.4060472981357,8.16971385531944));
#3821=CARTESIAN_POINT('',(-34.6040321214892,-73.3673656288001,8.1695763466883));
#3822=CARTESIAN_POINT('',(-34.8012448545107,-73.3478220945131,8.16943883805719));
#3823=CARTESIAN_POINT('',(-34.9984608544505,-73.3478220954944,8.16930132942611));
#3824=CARTESIAN_POINT('',(-34.9984602347324,-79.3478311660523,8.44214599696381));
#3825=CARTESIAN_POINT('',(-34.9738085314029,-79.3478311653475,8.44214599696382));
#3826=CARTESIAN_POINT('',(-34.9245051422524,-79.3472201889988,8.4421459969638));
#3827=CARTESIAN_POINT('',(-34.8259582785988,-79.3435608763731,8.4421459969638));
#3828=CARTESIAN_POINT('',(-34.6538156355761,-79.3307761765702,8.44214599696381));
#3829=CARTESIAN_POINT('',(-34.50734231789,-79.3089380306213,8.44214599696382));
#3830=CARTESIAN_POINT('',(-34.4106510944794,-79.2895961045908,8.44214599696382));
#3831=CARTESIAN_POINT('',(-34.314813959252,-79.2704250287299,8.44214599696384));
#3832=CARTESIAN_POINT('',(-34.1250213114703,-79.2226848011117,8.44214599696383));
#3833=CARTESIAN_POINT('',(-33.94076877045,-79.1567135984118,8.44214599696381));
#3834=CARTESIAN_POINT('',(-33.8504717403715,-79.1193115471185,8.44214599696382));
#3835=CARTESIAN_POINT('',(-33.6698780117316,-79.0445075818627,8.44214599696384));
#3836=CARTESIAN_POINT('',(-33.4966012181108,-78.9520378820975,8.44214599696384));
#3837=CARTESIAN_POINT('',(-33.3339552626598,-78.8436154432572,8.44214599696382));
#3838=CARTESIAN_POINT('',(-33.1698595628857,-78.7342265813094,8.44214599696381));
#3839=CARTESIAN_POINT('',(-33.0165850531847,-78.6085993345725,8.44214599696381));
#3840=CARTESIAN_POINT('',(-32.8771345916484,-78.4691481405798,8.44214599696383));
#3841=CARTESIAN_POINT('',(-32.7376841700638,-78.3296969865497,8.44214599696382));
#3842=CARTESIAN_POINT('',(-32.6120577884766,-78.1764218932748,8.44214599696385));
#3843=CARTESIAN_POINT('',(-32.5026683717958,-78.0123263793809,8.44214599696381));
#3844=CARTESIAN_POINT('',(-32.3942453650571,-77.84968058105,8.44214599696383));
#3845=CARTESIAN_POINT('',(-32.3017737075562,-77.6764046971549,8.44214599696383));
#3846=CARTESIAN_POINT('',(-32.2269696206599,-77.4958113474922,8.44214599696384));
#3847=CARTESIAN_POINT('',(-32.1521653324351,-77.3152175120611,8.44214599696382));
#3848=CARTESIAN_POINT('',(-32.0950287098597,-77.127306169728,8.44214599696382));
#3849=CARTESIAN_POINT('',(-32.0566872213009,-76.9356314384798,8.44214599696385));
#3850=CARTESIAN_POINT('',(-32.0180041069119,-76.7422488696617,8.44214599696379));
#3851=CARTESIAN_POINT('',(-31.9984525369247,-76.5450355506814,8.44214599696383));
#3852=CARTESIAN_POINT('',(-31.9984520862303,-76.3478221880336,8.44214599696379));
#3853=CARTESIAN_POINT('',(-31.9984516355273,-76.150608884629,8.4421459969638));
#3854=CARTESIAN_POINT('',(-32.0180022924876,-75.9533955374303,8.44214599696383));
#3855=CARTESIAN_POINT('',(-32.0566860080403,-75.7600129658305,8.44214599696383));
#3856=CARTESIAN_POINT('',(-32.0950280563479,-75.5683384123263,8.44214599696383));
#3857=CARTESIAN_POINT('',(-32.1521666913448,-75.3804272657381,8.44214599696383));
#3858=CARTESIAN_POINT('',(-32.2269710504329,-75.1998338233315,8.44214599696381));
#3859=CARTESIAN_POINT('',(-32.3017754751823,-75.0192402221,8.44214599696379));
#3860=CARTESIAN_POINT('',(-32.3942456562426,-74.8459643364926,8.4421459969638));
#3861=CARTESIAN_POINT('',(-32.5026682201216,-74.6833178388727,8.4421459969638));
#3862=CARTESIAN_POINT('',(-32.6120566936231,-74.5192223640657,8.44214599696378));
#3863=CARTESIAN_POINT('',(-32.7376830364814,-74.3659465012582,8.4421459969638));
#3864=CARTESIAN_POINT('',(-32.877133719539,-74.22649563581,8.44214599696381));
#3865=CARTESIAN_POINT('',(-33.0165847686421,-74.0870444043024,8.4421459969638));
#3866=CARTESIAN_POINT('',(-33.1698602318038,-73.9614182438185,8.44214599696382));
#3867=CARTESIAN_POINT('',(-33.3339557714461,-73.8520300260831,8.44214599696381));
#3868=CARTESIAN_POINT('',(-33.4966019510756,-73.743607970525,8.44214599696383));
#3869=CARTESIAN_POINT('',(-33.6698779256294,-73.6511382957869,8.44214599696381));
#3870=CARTESIAN_POINT('',(-33.8504718900776,-73.5763329006461,8.44214599696382));
#3871=CARTESIAN_POINT('',(-34.0310653471311,-73.501527715566,8.44214599696382));
#3872=CARTESIAN_POINT('',(-34.2189767544448,-73.444386710345,8.44214599696381));
#3873=CARTESIAN_POINT('',(-34.4106504848109,-73.4060470303389,8.44214599696383));
#3874=CARTESIAN_POINT('',(-34.6040330489774,-73.3673655395689,8.44214599696382));
#3875=CARTESIAN_POINT('',(-34.8012453182659,-73.3478220954917,8.4421459969638));
#3876=CARTESIAN_POINT('',(-34.9984608544505,-73.3478220954944,8.44214599696381));
#3877=CARTESIAN_POINT('',(33.0000011135617,-79.3478311660524,7.350767326813));
#3878=CARTESIAN_POINT('',(33.024653250696,-79.3478311653479,7.350767326813));
#3879=CARTESIAN_POINT('',(33.0739575074667,-79.3472201674946,7.350767326813));
#3880=CARTESIAN_POINT('',(33.1725061031721,-79.3435607261964,7.350767326813));
#3881=CARTESIAN_POINT('',(33.3446517607465,-79.3307755772328,7.350767326813));
#3882=CARTESIAN_POINT('',(33.4911276053679,-79.3089366654597,7.350767326813));
#3883=CARTESIAN_POINT('',(33.5878204629599,-79.2895940623547,7.350767326813));
#3884=CARTESIAN_POINT('',(33.6836557181788,-79.2704230154819,7.350767326813));
#3885=CARTESIAN_POINT('',(33.8734446438465,-79.222683211971,7.350767326813));
#3886=CARTESIAN_POINT('',(34.057693643862,-79.1567131326333,7.350767326813));
#3887=CARTESIAN_POINT('',(34.1479889734286,-79.1193118099335,7.350767326813));
#3888=CARTESIAN_POINT('',(34.3285796325619,-79.0445091645341,7.350767326813));
#3889=CARTESIAN_POINT('',(34.501853609931,-78.9520413870112,7.350767326813));
#3890=CARTESIAN_POINT('',(34.66449717426,-78.8436213837013,7.350767326813));
#3891=CARTESIAN_POINT('',(34.8285961894712,-78.7342311606958,7.350767326813));
#3892=CARTESIAN_POINT('',(34.9818736832938,-78.6086019306169,7.350767326813));
#3893=CARTESIAN_POINT('',(35.1213266372577,-78.4691482599692,7.350767326813));
#3894=CARTESIAN_POINT('',(35.2607795912216,-78.3296945893214,7.350767326813));
#3895=CARTESIAN_POINT('',(35.3864080053269,-78.1764164781049,7.350767326813));
#3896=CARTESIAN_POINT('',(35.4957988237007,-78.0123176079344,7.350767326813));
#3897=CARTESIAN_POINT('',(35.6042194170984,-77.8496741873596,7.350767326813));
#3898=CARTESIAN_POINT('',(35.6966891711267,-77.6764011027148,7.350767326813));
#3899=CARTESIAN_POINT('',(35.7714919530143,-77.4958108033933,7.350767326813));
#3900=CARTESIAN_POINT('',(35.8462947349019,-77.3152205040718,7.350767326813));
#3901=CARTESIAN_POINT('',(35.9034305446487,-77.1273129900735,7.350767326813));
#3902=CARTESIAN_POINT('',(35.9417719808336,-76.935642167344,7.350767326813));
#3903=CARTESIAN_POINT('',(35.9804565235984,-76.7422561370735,7.350767326813));
#3904=CARTESIAN_POINT('',(36.000008816777,-76.5450391431543,7.350767326813));
#3905=CARTESIAN_POINT('',(36.0000092620645,-76.3478221060342,7.350767326813));
#3906=CARTESIAN_POINT('',(36.000009707352,-76.150605068914,7.350767326813));
#3907=CARTESIAN_POINT('',(35.9804583047484,-75.9533879885928,7.350767326813));
#3908=CARTESIAN_POINT('',(35.9417731270283,-75.7600019018728,7.350767326813));
#3909=CARTESIAN_POINT('',(35.9034310615198,-75.5683310231944,7.350767326813));
#3910=CARTESIAN_POINT('',(35.8462931238598,-75.3804234826706,7.350767326813));
#3911=CARTESIAN_POINT('',(35.7714901137246,-75.1998333787678,7.350767326813));
#3912=CARTESIAN_POINT('',(35.6966871035893,-75.019243274865,7.350767326813));
#3913=CARTESIAN_POINT('',(35.6042190209788,-74.8459706075832,7.350767326813));
#3914=CARTESIAN_POINT('',(35.4957991387728,-74.6833268555107,7.350767326813));
#3915=CARTESIAN_POINT('',(35.386409037955,-74.519227650876,7.350767326813));
#3916=CARTESIAN_POINT('',(35.2607803639173,-74.3659484428721,7.350767326813));
#3917=CARTESIAN_POINT('',(35.1213267928083,-74.2264947998617,7.350767326813));
#3918=CARTESIAN_POINT('',(34.9818732216993,-74.0870411568513,7.350767326813));
#3919=CARTESIAN_POINT('',(34.8285947535189,-73.9614130788344,7.350767326813));
#3920=CARTESIAN_POINT('',(34.6644958851101,-73.8520235654722,7.350767326813));
#3921=CARTESIAN_POINT('',(34.5018524662814,-73.7436042655115,7.350767326813));
#3922=CARTESIAN_POINT('',(34.328579735773,-73.6511367567321,7.350767326813));
#3923=CARTESIAN_POINT('',(34.1479893020532,-73.5763328359532,7.350767326813));
#3924=CARTESIAN_POINT('',(33.9673988683335,-73.5015289151743,7.350767326813));
#3925=CARTESIAN_POINT('',(33.7794907314024,-73.4443885823959,7.350767326813));
#3926=CARTESIAN_POINT('',(33.5878203378587,-73.406048925474,7.350767326813));
#3927=CARTESIAN_POINT('',(33.3944347406146,-73.3673661778941,7.350767326813));
#3928=CARTESIAN_POINT('',(33.1972192507549,-73.3478220954944,7.350767326813));
#3929=CARTESIAN_POINT('',(33.0000004938436,-73.3478220954944,7.350767326813));
#3930=CARTESIAN_POINT('',(33.0000011135774,-79.3478311660502,7.44399758629217));
#3931=CARTESIAN_POINT('',(33.0246532514744,-79.3478311654021,7.44487412344172));
#3932=CARTESIAN_POINT('',(33.0739575065171,-79.3472201673537,7.44433266014176));
#3933=CARTESIAN_POINT('',(33.1725061052861,-79.343560726291,7.44462268967207));
#3934=CARTESIAN_POINT('',(33.3446517573832,-79.3307755766552,7.44441870272702));
#3935=CARTESIAN_POINT('',(33.4911276086382,-79.308936665692,7.44457011435962));
#3936=CARTESIAN_POINT('',(33.5878204582245,-79.2895940629018,7.44450598864994));
#3937=CARTESIAN_POINT('',(33.6836556570298,-79.2704230248433,7.4445763358162));
#3938=CARTESIAN_POINT('',(33.8734449670859,-79.2226831783858,7.44418486332997));
#3939=CARTESIAN_POINT('',(34.0576944336492,-79.1567129465735,7.44363289334176));
#3940=CARTESIAN_POINT('',(34.1479899842373,-79.1193115256633,7.44305953521049));
#3941=CARTESIAN_POINT('',(34.3285810599626,-79.0445086975869,7.44248617707917));
#3942=CARTESIAN_POINT('',(34.5018554177447,-78.9520406513325,7.44191281894793));
#3943=CARTESIAN_POINT('',(34.6644993017539,-78.8436203059641,7.44133946081666));
#3944=CARTESIAN_POINT('',(34.8285978214222,-78.7342302832692,7.44076610268533));
#3945=CARTESIAN_POINT('',(34.9818748670329,-78.6086013423993,7.44019274455407));
#3946=CARTESIAN_POINT('',(35.1213274430271,-78.4691480314342,7.43961938642284));
#3947=CARTESIAN_POINT('',(35.2607800133139,-78.3296947261777,7.43904602829159));
#3948=CARTESIAN_POINT('',(35.3864081151509,-78.1764170519704,7.43847267016036));
#3949=CARTESIAN_POINT('',(35.4957987113743,-78.0123186671428,7.43789931202913));
#3950=CARTESIAN_POINT('',(35.6042196276258,-77.8496749127618,7.43732595389776));
#3951=CARTESIAN_POINT('',(35.69668963167,-77.6764014340985,7.43675259576649));
#3952=CARTESIAN_POINT('',(35.7714925780786,-77.4958107048881,7.43617923763521));
#3953=CARTESIAN_POINT('',(35.8462955532488,-77.3152199062832,7.43560587950401));
#3954=CARTESIAN_POINT('',(35.9034314572052,-77.1273118512544,7.43503252137275));
#3955=CARTESIAN_POINT('',(35.9417728789635,-76.9356404760398,7.43445916324151));
#3956=CARTESIAN_POINT('',(35.9804571957656,-76.7422549461365,7.4338858051102));
#3957=CARTESIAN_POINT('',(36.0000093637226,-76.5450384830831,7.43331244697895));
#3958=CARTESIAN_POINT('',(36.0000097878738,-76.3478219767622,7.43273908884771));
#3959=CARTESIAN_POINT('',(36.0000102120262,-76.1506054789044,7.43216573071645));
#3960=CARTESIAN_POINT('',(35.9804588940345,-75.953388937761,7.43159237258521));
#3961=CARTESIAN_POINT('',(35.9417739032865,-75.7600033590749,7.43101901445388));
#3962=CARTESIAN_POINT('',(35.9034318183267,-75.5683319612963,7.43044565632268));
#3963=CARTESIAN_POINT('',(35.8462937591383,-75.3804239114945,7.42987229819138));
#3964=CARTESIAN_POINT('',(35.771490534387,-75.1998333365375,7.42929894006016));
#3965=CARTESIAN_POINT('',(35.6966873002551,-75.0192427388905,7.42872558192888));
#3966=CARTESIAN_POINT('',(35.6042188959572,-74.845969617722,7.42815222379758));
#3967=CARTESIAN_POINT('',(35.4957986087464,-74.683325479303,7.42757886566633));
#3968=CARTESIAN_POINT('',(35.3864087184934,-74.5192268133748,7.42700550753503));
#3969=CARTESIAN_POINT('',(35.2607803555726,-74.3659480891306,7.42643214940377));
#3970=CARTESIAN_POINT('',(35.1213271751336,-74.226494848789,7.42585879127249));
#3971=CARTESIAN_POINT('',(34.9818739424027,-74.0870415561538,7.42528543314127));
#3972=CARTESIAN_POINT('',(34.8285958816019,-73.9614137579445,7.42471207501));
#3973=CARTESIAN_POINT('',(34.6644974668225,-73.8520244355464,7.42413871687875));
#3974=CARTESIAN_POINT('',(34.5018536316849,-73.7436047478032,7.42356535874748));
#3975=CARTESIAN_POINT('',(34.3285804158329,-73.651136935476,7.42299200061626));
#3976=CARTESIAN_POINT('',(34.1479894558144,-73.5763328099481,7.42241864248496));
#3977=CARTESIAN_POINT('',(33.9673985682812,-73.5015287144291,7.42184528435369));
#3978=CARTESIAN_POINT('',(33.779489942244,-73.4443882914623,7.42127192622247));
#3979=CARTESIAN_POINT('',(33.5878190501027,-73.4060486371171,7.42069856809121));
#3980=CARTESIAN_POINT('',(33.3944338642468,-73.3673660749562,7.42012520995998));
#3981=CARTESIAN_POINT('',(33.1972188125598,-73.3478220896196,7.41955185182869));
#3982=CARTESIAN_POINT('',(33.0000004938436,-73.3478220954944,7.41897849369742));
#3983=CARTESIAN_POINT('',(33.0000011135591,-79.3478311660529,7.50921416498859));
#3984=CARTESIAN_POINT('',(33.0246531790288,-79.3478311653958,7.50992201144831));
#3985=CARTESIAN_POINT('',(33.0739572897563,-79.3472201709639,7.5094481908667));
#3986=CARTESIAN_POINT('',(33.1725055993398,-79.3435607513074,7.50966728097702));
#3987=CARTESIAN_POINT('',(33.3446507499243,-79.3307756766427,7.50947469069109));
#3988=CARTESIAN_POINT('',(33.4911261789184,-79.3089368931825,7.5095782658867));
#3989=CARTESIAN_POINT('',(33.5878187574756,-79.2895944031853,7.50950222663032));
#3990=CARTESIAN_POINT('',(33.6836542790184,-79.2704233588266,7.50953824810392));
#3991=CARTESIAN_POINT('',(33.8734441453626,-79.2226834488426,7.50918941986714));
#3992=CARTESIAN_POINT('',(34.0576941243356,-79.1567130552156,7.50870684371202));
#3993=CARTESIAN_POINT('',(34.1479899215056,-79.1193115292411,7.5082064441043));
#3994=CARTESIAN_POINT('',(34.3285814393832,-79.0445085116339,7.50770604449649));
#3995=CARTESIAN_POINT('',(34.5018562031387,-78.9520401897941,7.5072056448888));
#3996=CARTESIAN_POINT('',(34.6645004323883,-78.8436194955134,7.50670524528109));
#3997=CARTESIAN_POINT('',(34.8285984820746,-78.7342296662768,7.5062048456734));
#3998=CARTESIAN_POINT('',(34.9818751050341,-78.6086010077623,7.50570444606572));
#3999=CARTESIAN_POINT('',(35.121327328619,-78.4691480496259,7.50520404645809));
#4000=CARTESIAN_POINT('',(35.2607795407893,-78.3296951029077,7.50470364685047));
#4001=CARTESIAN_POINT('',(35.386407355918,-78.176417858855,7.50420324724276));
#4002=CARTESIAN_POINT('',(35.4957977555513,-78.0123199525163,7.50370284763511));
#4003=CARTESIAN_POINT('',(35.6042190202176,-77.8496758574772,7.50320244802735));
#4004=CARTESIAN_POINT('',(35.6966892998382,-77.6764019779417,7.50270204841966));
#4005=CARTESIAN_POINT('',(35.7714924363285,-77.4958108119895,7.50220164881199));
#4006=CARTESIAN_POINT('',(35.8462956303416,-77.3152195072472,7.50170124920441));
#4007=CARTESIAN_POINT('',(35.9034316540681,-77.1273109043342,7.50120084959671));
#4008=CARTESIAN_POINT('',(35.94177308696,-76.93563896978,7.50070044998902));
#4009=CARTESIAN_POINT('',(35.9804572033603,-76.7422539333913,7.50020005038134));
#4010=CARTESIAN_POINT('',(36.0000092716559,-76.5450379943498,7.49969965077365));
#4011=CARTESIAN_POINT('',(36.0000097002313,-76.3478220119746,7.49919925116601));
#4012=CARTESIAN_POINT('',(36.0000101288091,-76.1506060465255,7.49869885155832));
#4013=CARTESIAN_POINT('',(35.9804589209894,-75.9533900377058,7.49819845195062));
#4014=CARTESIAN_POINT('',(35.9417741427743,-75.760004960201,7.49769805234293));
#4015=CARTESIAN_POINT('',(35.9034320639236,-75.568333036468,7.49719765273529));
#4016=CARTESIAN_POINT('',(35.8462939087675,-75.3804244705354,7.49669725312762));
#4017=CARTESIAN_POINT('',(35.7714904949603,-75.19983341767,7.49619685351996));
#4018=CARTESIAN_POINT('',(35.6966870623923,-75.0192423194253,7.49569645391225));
#4019=CARTESIAN_POINT('',(35.6042183619678,-74.8459687375173,7.49519605430458));
#4020=CARTESIAN_POINT('',(35.4957976953128,-74.6833242058983,7.49469565469694));
#4021=CARTESIAN_POINT('',(35.3864080411853,-74.5192260718237,7.49419525508923));
#4022=CARTESIAN_POINT('',(35.2607800149418,-74.3659478244853,7.49369485548153));
#4023=CARTESIAN_POINT('',(35.1213272507335,-74.2264949799596,7.49319445587388));
#4024=CARTESIAN_POINT('',(34.9818743819408,-74.0870420308455,7.49269405626622));
#4025=CARTESIAN_POINT('',(34.8285967540805,-73.961414505591,7.49219365665861));
#4026=CARTESIAN_POINT('',(34.6644988184909,-73.8520253673033,7.49169325705095));
#4027=CARTESIAN_POINT('',(34.5018545926049,-73.743605284924,7.49119285744324));
#4028=CARTESIAN_POINT('',(34.3285809169695,-73.6511371621949,7.49069245783559));
#4029=CARTESIAN_POINT('',(34.1479894562133,-73.5763328250653,7.49019205822794));
#4030=CARTESIAN_POINT('',(33.9673981404268,-73.5015285479524,7.48969165862022));
#4031=CARTESIAN_POINT('',(33.7794890508439,-73.4443880279434,7.4891912590126));
#4032=CARTESIAN_POINT('',(33.5878176856654,-73.4060483693212,7.48869085940491));
#4033=CARTESIAN_POINT('',(33.3944329367578,-73.367365985725,7.48819045979722));
#4034=CARTESIAN_POINT('',(33.1972183488044,-73.3478220905987,7.48769006018956));
#4035=CARTESIAN_POINT('',(33.0000004938436,-73.3478220954944,7.48718966058185));
#4036=CARTESIAN_POINT('',(33.0000011135622,-79.3478311660524,7.64270152694764));
#4037=CARTESIAN_POINT('',(33.024653106604,-79.3478311653861,7.64323953624869));
#4038=CARTESIAN_POINT('',(33.0739570730158,-79.3472201745704,7.64283221191658));
#4039=CARTESIAN_POINT('',(33.1725050934133,-79.3435607763202,7.64297921613809));
#4040=CARTESIAN_POINT('',(33.3446497424853,-79.3307757766277,7.64279687604257));
#4041=CARTESIAN_POINT('',(33.4911247492178,-79.3089371206698,7.64285146833231));
#4042=CARTESIAN_POINT('',(33.5878170567457,-79.2895947434659,7.64276236906045));
#4043=CARTESIAN_POINT('',(33.6836529010254,-79.2704236928069,7.64276291837259));
#4044=CARTESIAN_POINT('',(33.8734433236567,-79.2226837192954,7.64245558791633));
#4045=CARTESIAN_POINT('',(34.0576938150391,-79.1567131638538,7.64204125912546));
#4046=CARTESIAN_POINT('',(34.1479898587906,-79.1193115328151,7.64161267157249));
#4047=CARTESIAN_POINT('',(34.328581818821,-79.0445083256791,7.64118408401957));
#4048=CARTESIAN_POINT('',(34.5018569885497,-78.9520397282546,7.6407554964667));
#4049=CARTESIAN_POINT('',(34.664501563039,-78.8436186850611,7.64032690891368));
#4050=CARTESIAN_POINT('',(34.828599142743,-78.7342290492824,7.63989832136078));
#4051=CARTESIAN_POINT('',(34.9818753430504,-78.6086006731227,7.6394697338078));
#4052=CARTESIAN_POINT('',(35.1213272142255,-78.4691480678151,7.63904114625494));
#4053=CARTESIAN_POINT('',(35.2607790682787,-78.3296954796349,7.63861255870211));
#4054=CARTESIAN_POINT('',(35.3864065966998,-78.1764186657388,7.6381839711493));
#4055=CARTESIAN_POINT('',(35.4957967997422,-78.0123212378888,7.63775538359638));
#4056=CARTESIAN_POINT('',(35.604218412823,-77.8496768021913,7.63732679604342));
#4057=CARTESIAN_POINT('',(35.6966889680197,-77.6764025217841,7.63689820849052));
#4058=CARTESIAN_POINT('',(35.7714922945912,-77.4958109190899,7.63646962093764));
#4059=CARTESIAN_POINT('',(35.8462957074465,-77.3152191082097,7.6360410333848));
#4060=CARTESIAN_POINT('',(35.9034318509426,-77.1273099574125,7.63561244583186));
#4061=CARTESIAN_POINT('',(35.9417732949682,-76.9356374635201,7.63518385827901));
#4062=CARTESIAN_POINT('',(35.980457210966,-76.7422529206452,7.63475527072607));
#4063=CARTESIAN_POINT('',(36.0000091795999,-76.545037505616,7.63432668317317));
#4064=CARTESIAN_POINT('',(36.0000096125992,-76.3478220471866,7.63389809562032));
#4065=CARTESIAN_POINT('',(36.0000100456017,-76.1506066141461,7.63346950806737));
#4066=CARTESIAN_POINT('',(35.9804589479542,-75.9533911376513,7.63304092051453));
#4067=CARTESIAN_POINT('',(35.9417743822716,-75.7600065613273,7.6326123329616));
#4068=CARTESIAN_POINT('',(35.9034323095293,-75.5683341116399,7.63218374540871));
#4069=CARTESIAN_POINT('',(35.846294058405,-75.3804250295763,7.63175515785581));
#4070=CARTESIAN_POINT('',(35.7714904555415,-75.1998334988024,7.6313265703029));
#4071=CARTESIAN_POINT('',(35.6966868245374,-75.019241899961,7.63089798275004));
#4072=CARTESIAN_POINT('',(35.6042178279856,-74.8459678573129,7.63046939519712));
#4073=CARTESIAN_POINT('',(35.4957967818857,-74.6833229324937,7.63004080764424));
#4074=CARTESIAN_POINT('',(35.3864073638832,-74.5192253302723,7.62961222009127));
#4075=CARTESIAN_POINT('',(35.2607796743166,-74.3659475598397,7.62918363253833));
#4076=CARTESIAN_POINT('',(35.1213273263385,-74.2264951111297,7.62875504498546));
#4077=CARTESIAN_POINT('',(34.9818748214835,-74.0870425055367,7.62832645743255));
#4078=CARTESIAN_POINT('',(34.828597626563,-73.9614152532365,7.62789786987973));
#4079=CARTESIAN_POINT('',(34.6645001701629,-73.8520262990596,7.62746928232686));
#4080=CARTESIAN_POINT('',(34.5018555535283,-73.7436058220447,7.62704069477395));
#4081=CARTESIAN_POINT('',(34.328581418109,-73.6511373889136,7.62661210722105));
#4082=CARTESIAN_POINT('',(34.1479894566142,-73.5763328401814,7.62618351966813));
#4083=CARTESIAN_POINT('',(33.9673977125741,-73.5015283814747,7.62575493211517));
#4084=CARTESIAN_POINT('',(33.779488159445,-73.4443877644233,7.6253263445623));
#4085=CARTESIAN_POINT('',(33.587816321229,-73.4060481015243,7.6248977570094));
#4086=CARTESIAN_POINT('',(33.3944320092696,-73.3673658964937,7.62446916945651));
#4087=CARTESIAN_POINT('',(33.1972178850492,-73.3478220915774,7.62404058190364));
#4088=CARTESIAN_POINT('',(33.0000004938436,-73.3478220954945,7.62361199435071));
#4089=CARTESIAN_POINT('',(33.0000011135619,-79.3478311660529,7.90915545116075));
#4090=CARTESIAN_POINT('',(33.0246530341753,-79.3478311653763,7.90959008044754));
#4091=CARTESIAN_POINT('',(33.0739568562718,-79.3472201781774,7.90931570950953));
#4092=CARTESIAN_POINT('',(33.1725045874835,-79.3435608013336,7.90945708498676));
#4093=CARTESIAN_POINT('',(33.3446487350432,-79.3307758766133,7.90935145222618));
#4094=CARTESIAN_POINT('',(33.491123319514,-79.3089373481576,7.90942351875453));
#4095=CARTESIAN_POINT('',(33.5878153560125,-79.289595083747,7.90938781661169));
#4096=CARTESIAN_POINT('',(33.6836515230294,-79.2704240267878,7.9094193509069));
#4097=CARTESIAN_POINT('',(33.8734425019481,-79.2226839897495,7.90921997537575));
#4098=CARTESIAN_POINT('',(34.0576935057396,-79.1567132724924,7.90894035109357));
#4099=CARTESIAN_POINT('',(34.1479897960733,-79.119311536391,7.90865003274001));
#4100=CARTESIAN_POINT('',(34.3285821982558,-79.0445081397244,7.90835971438632));
#4101=CARTESIAN_POINT('',(34.5018577739577,-78.9520392667146,7.90806939603274));
#4102=CARTESIAN_POINT('',(34.6645026936872,-78.8436178746093,7.907779077679));
#4103=CARTESIAN_POINT('',(34.8285998034085,-78.734228432288,7.90748875932536));
#4104=CARTESIAN_POINT('',(34.9818755810648,-78.608600338485,7.90719844097179));
#4105=CARTESIAN_POINT('',(35.1213270998302,-78.4691480860061,7.90690812261821));
#4106=CARTESIAN_POINT('',(35.2607785957662,-78.3296958563633,7.90661780426464));
#4107=CARTESIAN_POINT('',(35.3864058374786,-78.1764194726221,7.90632748591106));
#4108=CARTESIAN_POINT('',(35.4957958439306,-78.012322523261,7.90603716755742));
#4109=CARTESIAN_POINT('',(35.6042178054261,-77.8496777469056,7.90574684920382));
#4110=CARTESIAN_POINT('',(35.6966886361991,-77.6764030656269,7.90545653085025));
#4111=CARTESIAN_POINT('',(35.7714921528519,-77.4958110261906,7.90516621249667));
#4112=CARTESIAN_POINT('',(35.8462957845498,-77.3152187091734,7.90487589414317));
#4113=CARTESIAN_POINT('',(35.9034320478158,-77.1273090104924,7.90458557578954));
#4114=CARTESIAN_POINT('',(35.9417735029748,-76.935635957261,7.90429525743598));
#4115=CARTESIAN_POINT('',(35.9804572185704,-76.7422519079005,7.90400493908234));
#4116=CARTESIAN_POINT('',(36.0000090875429,-76.545037016884,7.90371462072878));
#4117=CARTESIAN_POINT('',(36.0000095249656,-76.3478220823994,7.90342430237515));
#4118=CARTESIAN_POINT('',(36.0000099623935,-76.1506071817684,7.90313398402156));
#4119=CARTESIAN_POINT('',(35.9804589749178,-75.9533922375974,7.90284366566798));
#4120=CARTESIAN_POINT('',(35.9417746217677,-75.7600081624546,7.90255334731436));
#4121=CARTESIAN_POINT('',(35.903432555134,-75.5683351868128,7.90226302896075));
#4122=CARTESIAN_POINT('',(35.8462942080416,-75.3804255886183,7.90197271060715));
#4123=CARTESIAN_POINT('',(35.7714904161216,-75.1998335799355,7.90168239225346));
#4124=CARTESIAN_POINT('',(35.6966865866814,-75.019241480497,7.90139207389992));
#4125=CARTESIAN_POINT('',(35.6042172940025,-74.8459669771093,7.90110175554631));
#4126=CARTESIAN_POINT('',(35.4957958684579,-74.6833216590898,7.90081143719271));
#4127=CARTESIAN_POINT('',(35.3864066865804,-74.5192245887215,7.90052111883899));
#4128=CARTESIAN_POINT('',(35.2607793336912,-74.3659472951958,7.90023080048542));
#4129=CARTESIAN_POINT('',(35.1213274019429,-74.2264952423007,7.89994048213178));
#4130=CARTESIAN_POINT('',(34.9818752610263,-74.0870429802297,7.89965016377823));
#4131=CARTESIAN_POINT('',(34.828598499045,-73.9614160008825,7.89935984542457));
#4132=CARTESIAN_POINT('',(34.6645015218344,-73.8520272308159,7.89906952707099));
#4133=CARTESIAN_POINT('',(34.5018565144514,-73.743606359166,7.89877920871744));
#4134=CARTESIAN_POINT('',(34.3285819192482,-73.6511376156325,7.89848889036377));
#4135=CARTESIAN_POINT('',(34.1479894570151,-73.5763328552983,7.89819857201016));
#4136=CARTESIAN_POINT('',(33.9673972847215,-73.5015282149981,7.89790825365648));
#4137=CARTESIAN_POINT('',(33.7794872680461,-73.4443875009038,7.89761793530285));
#4138=CARTESIAN_POINT('',(33.5878149567925,-73.406047833728,7.89732761694923));
#4139=CARTESIAN_POINT('',(33.3944310817815,-73.3673658072627,7.89703729859565));
#4140=CARTESIAN_POINT('',(33.1972174212938,-73.3478220925559,7.89674698024203));
#4141=CARTESIAN_POINT('',(33.0000004938436,-73.3478220954944,7.89645666188841));
#4142=CARTESIAN_POINT('',(33.0000011135618,-79.3478311660525,8.04240757865331));
#4143=CARTESIAN_POINT('',(33.0246529617474,-79.3478311653667,8.04267689452116));
#4144=CARTESIAN_POINT('',(33.0739566395282,-79.3472201817839,8.04247354357239));
#4145=CARTESIAN_POINT('',(33.1725040815539,-79.3435608263463,8.04254735690054));
#4146=CARTESIAN_POINT('',(33.344647727601,-79.330775976598,8.04245649807008));
#4147=CARTESIAN_POINT('',(33.4911218898104,-79.3089375756449,8.04248410543233));
#4148=CARTESIAN_POINT('',(33.5878136552796,-79.2895954240276,8.04243986701375));
#4149=CARTESIAN_POINT('',(33.6836501450335,-79.2704243607679,8.04244045288722));
#4150=CARTESIAN_POINT('',(33.87344168024,-79.2226842602031,8.04228709887644));
#4151=CARTESIAN_POINT('',(34.0576931964412,-79.1567133811322,8.04208024569834));
#4152=CARTESIAN_POINT('',(34.1479897333562,-79.1193115399662,8.04186626313921));
#4153=CARTESIAN_POINT('',(34.3285825776912,-79.04450795377,8.04165228058007));
#4154=CARTESIAN_POINT('',(34.5018585593661,-78.952038805175,8.041438298021));
#4155=CARTESIAN_POINT('',(34.664503824336,-78.8436170641579,8.0412243154618));
#4156=CARTESIAN_POINT('',(34.828600464075,-78.7342278152948,8.04101033290271));
#4157=CARTESIAN_POINT('',(34.9818758190793,-78.6086000038468,8.0407963503436));
#4158=CARTESIAN_POINT('',(35.121326985435,-78.4691481041965,8.04058236778452));
#4159=CARTESIAN_POINT('',(35.260778123254,-78.3296962330917,8.04036838522548));
#4160=CARTESIAN_POINT('',(35.3864050782582,-78.176420279506,8.04015440266643));
#4161=CARTESIAN_POINT('',(35.4957948881198,-78.0123238086341,8.03994042010732));
#4162=CARTESIAN_POINT('',(35.6042171980298,-77.8496786916203,8.03972643754825));
#4163=CARTESIAN_POINT('',(35.6966883043787,-77.6764036094694,8.03951245498918));
#4164=CARTESIAN_POINT('',(35.7714920111127,-77.4958111332911,8.0392984724301));
#4165=CARTESIAN_POINT('',(35.8462958616529,-77.3152183101359,8.03908448987108));
#4166=CARTESIAN_POINT('',(35.9034322446889,-77.1273080635716,8.03887050731204));
#4167=CARTESIAN_POINT('',(35.9417737109814,-76.9356344510013,8.038656524753));
#4168=CARTESIAN_POINT('',(35.9804572261748,-76.7422508951553,8.03844254219391));
#4169=CARTESIAN_POINT('',(36.0000089954854,-76.5450365281503,8.0382285596348));
#4170=CARTESIAN_POINT('',(36.000009437332,-76.3478221176116,8.0380145770757));
#4171=CARTESIAN_POINT('',(36.0000098791849,-76.1506077493892,8.0378005945166));
#4172=CARTESIAN_POINT('',(35.9804590018809,-75.9533933375421,8.0375866119575));
#4173=CARTESIAN_POINT('',(35.941774861263,-75.7600097635796,8.03737262939833));
#4174=CARTESIAN_POINT('',(35.9034328007384,-75.5683362619844,8.03715864683932));
#4175=CARTESIAN_POINT('',(35.8462943576778,-75.3804261476587,8.03694466428023));
#4176=CARTESIAN_POINT('',(35.7714903767018,-75.1998336610681,8.0367306817211));
#4177=CARTESIAN_POINT('',(35.696686348825,-75.0192410610317,8.03651669916202));
#4178=CARTESIAN_POINT('',(35.6042167600189,-74.8459660969039,8.0363027166029));
#4179=CARTESIAN_POINT('',(35.4957949550295,-74.6833203856843,8.03608873404382));
#4180=CARTESIAN_POINT('',(35.3864060092774,-74.51922384717,8.03587475148467));
#4181=CARTESIAN_POINT('',(35.2607789930649,-74.3659470305498,8.03566076892554));
#4182=CARTESIAN_POINT('',(35.1213274775472,-74.2264953734709,8.03544678636648));
#4183=CARTESIAN_POINT('',(34.9818757005685,-74.0870434549213,8.03523280380746));
#4184=CARTESIAN_POINT('',(34.828599371527,-73.9614167485282,8.03501882124831));
#4185=CARTESIAN_POINT('',(34.6645028735058,-73.8520281625719,8.03480483868922));
#4186=CARTESIAN_POINT('',(34.5018574753741,-73.7436068962862,8.03459085613019));
#4187=CARTESIAN_POINT('',(34.3285824203874,-73.6511378423513,8.03437687357106));
#4188=CARTESIAN_POINT('',(34.1479894574156,-73.5763328704142,8.03416289101189));
#4189=CARTESIAN_POINT('',(33.9673968568688,-73.5015280485209,8.03394890845277));
#4190=CARTESIAN_POINT('',(33.7794863766472,-73.4443872373842,8.03373492589364));
#4191=CARTESIAN_POINT('',(33.587813592356,-73.4060475659313,8.03352094333452));
#4192=CARTESIAN_POINT('',(33.3944301542933,-73.3673657180315,8.03330696077547));
#4193=CARTESIAN_POINT('',(33.1972169575386,-73.3478220935344,8.03309297821635));
#4194=CARTESIAN_POINT('',(33.0000004938436,-73.3478220954944,8.03287899565726));
#4195=CARTESIAN_POINT('',(33.0000011135617,-79.3478311660524,8.17565251627656));
#4196=CARTESIAN_POINT('',(33.0246528893193,-79.3478311653572,8.17575665699219));
#4197=CARTESIAN_POINT('',(33.073956422785,-79.3472201853915,8.17562446429948));
#4198=CARTESIAN_POINT('',(33.1725035756247,-79.34356085136,8.17563085374525));
#4199=CARTESIAN_POINT('',(33.3446467201594,-79.330776076584,8.17555490711167));
#4200=CARTESIAN_POINT('',(33.4911204601072,-79.308937803133,8.17553819357448));
#4201=CARTESIAN_POINT('',(33.5878119545472,-79.2895957643093,8.1754855571469));
#4202=CARTESIAN_POINT('',(33.683648767038,-79.2704246947489,8.17545533286533));
#4203=CARTESIAN_POINT('',(33.8734408585321,-79.2226845306577,8.17534813864163));
#4204=CARTESIAN_POINT('',(34.0576928871426,-79.1567134897719,8.17521419483422));
#4205=CARTESIAN_POINT('',(34.1479896706393,-79.1193115435419,8.17507668633632));
#4206=CARTESIAN_POINT('',(34.3285829571268,-79.0445077678161,8.17493917783845));
#4207=CARTESIAN_POINT('',(34.5018593447749,-78.9520383436362,8.17480166934063));
#4208=CARTESIAN_POINT('',(34.6645049549852,-78.8436162537074,8.1746641608427));
#4209=CARTESIAN_POINT('',(34.8286011247417,-78.7342271983022,8.17452665234484));
#4210=CARTESIAN_POINT('',(34.9818760570945,-78.60859966921,8.17438914384699));
#4211=CARTESIAN_POINT('',(35.1213268710404,-78.4691481223883,8.17425163534912));
#4212=CARTESIAN_POINT('',(35.2607776507422,-78.329696609821,8.17411412685131));
#4213=CARTESIAN_POINT('',(35.3864043190378,-78.17642108639,8.1739766183534));
#4214=CARTESIAN_POINT('',(35.4957939323091,-78.0123250940076,8.17383910985557));
#4215=CARTESIAN_POINT('',(35.6042165906333,-77.8496796363349,8.1737016013577));
#4216=CARTESIAN_POINT('',(35.6966879725582,-77.6764041533119,8.17356409285984));
#4217=CARTESIAN_POINT('',(35.7714918693735,-77.4958112403915,8.17342658436201));
#4218=CARTESIAN_POINT('',(35.846295938756,-77.3152179110985,8.17328907586419));
#4219=CARTESIAN_POINT('',(35.9034324415616,-77.12730711665,8.17315156736635));
#4220=CARTESIAN_POINT('',(35.9417739189877,-76.935632944741,8.17301405886857));
#4221=CARTESIAN_POINT('',(35.9804572337786,-76.7422498824088,8.17287655037067));
#4222=CARTESIAN_POINT('',(36.0000089034277,-76.5450360394161,8.17273904187281));
#4223=CARTESIAN_POINT('',(36.0000093496982,-76.3478221528233,8.17260153337498));
#4224=CARTESIAN_POINT('',(36.0000097959759,-76.1506083170093,8.17246402487706));
#4225=CARTESIAN_POINT('',(35.980459028844,-75.9533944374866,8.17232651637923));
#4226=CARTESIAN_POINT('',(35.9417751007586,-75.7600113647053,8.1721890078813));
#4227=CARTESIAN_POINT('',(35.9034330463426,-75.5683373371558,8.17205149938352));
#4228=CARTESIAN_POINT('',(35.8462945073137,-75.3804267066987,8.17191399088563));
#4229=CARTESIAN_POINT('',(35.7714903372816,-75.1998337422001,8.17177648238774));
#4230=CARTESIAN_POINT('',(35.6966861109685,-75.0192406415662,8.17163897388989));
#4231=CARTESIAN_POINT('',(35.6042162260355,-74.845965216699,8.17150146539206));
#4232=CARTESIAN_POINT('',(35.4957940416014,-74.6833191122794,8.17136395689421));
#4233=CARTESIAN_POINT('',(35.3864053319744,-74.5192231056184,8.17122644839628));
#4234=CARTESIAN_POINT('',(35.260778652439,-74.3659467659045,8.1710889398984));
#4235=CARTESIAN_POINT('',(35.1213275531514,-74.2264955046411,8.17095143140058));
#4236=CARTESIAN_POINT('',(34.9818761401102,-74.0870439296119,8.17081392290268));
#4237=CARTESIAN_POINT('',(34.8286002440087,-73.9614174961731,8.17067641440478));
#4238=CARTESIAN_POINT('',(34.664504225177,-73.8520290943275,8.17053890590694));
#4239=CARTESIAN_POINT('',(34.5018584362964,-73.7436074334056,8.1704013974091));
#4240=CARTESIAN_POINT('',(34.328582921526,-73.651138069069,8.17026388891121));
#4241=CARTESIAN_POINT('',(34.147989457816,-73.57633288553,8.1701263804133));
#4242=CARTESIAN_POINT('',(33.9673964290159,-73.5015278820433,8.16998887191543));
#4243=CARTESIAN_POINT('',(33.7794854852483,-73.4443869738647,8.16985136341757));
#4244=CARTESIAN_POINT('',(33.5878122279199,-73.4060472981355,8.16971385491973));
#4245=CARTESIAN_POINT('',(33.3944292268052,-73.3673656288005,8.16957634642188));
#4246=CARTESIAN_POINT('',(33.1972164937835,-73.3478220945135,8.16943883792401));
#4247=CARTESIAN_POINT('',(33.0000004938436,-73.3478220954945,8.16930132942611));
#4248=CARTESIAN_POINT('',(33.0000011135617,-79.3478311660524,8.44214599696381));
#4249=CARTESIAN_POINT('',(33.0246528168914,-79.3478311653478,8.44214599696385));
#4250=CARTESIAN_POINT('',(33.0739562060415,-79.3472201889986,8.44214599696376));
#4251=CARTESIAN_POINT('',(33.1725030696952,-79.3435608763732,8.4421459969638));
#4252=CARTESIAN_POINT('',(33.344645712718,-79.3307761765701,8.4421459969638));
#4253=CARTESIAN_POINT('',(33.4911190304039,-79.3089380306211,8.44214599696378));
#4254=CARTESIAN_POINT('',(33.5878102538147,-79.2895961045906,8.44214599696381));
#4255=CARTESIAN_POINT('',(33.6836473890423,-79.2704250287295,8.44214599696381));
#4256=CARTESIAN_POINT('',(33.873440036824,-79.2226848011119,8.44214599696384));
#4257=CARTESIAN_POINT('',(34.057692577844,-79.1567135984114,8.44214599696378));
#4258=CARTESIAN_POINT('',(34.1479896079226,-79.1193115471182,8.44214599696381));
#4259=CARTESIAN_POINT('',(34.3285833365624,-79.0445075818623,8.44214599696379));
#4260=CARTESIAN_POINT('',(34.5018601301837,-78.9520378820973,8.44214599696384));
#4261=CARTESIAN_POINT('',(34.6645060856344,-78.8436154432573,8.44214599696383));
#4262=CARTESIAN_POINT('',(34.8286017854084,-78.7342265813097,8.44214599696383));
#4263=CARTESIAN_POINT('',(34.9818762951094,-78.6085993345726,8.44214599696381));
#4264=CARTESIAN_POINT('',(35.1213267566456,-78.4691481405796,8.44214599696379));
#4265=CARTESIAN_POINT('',(35.2607771782302,-78.3296969865499,8.44214599696381));
#4266=CARTESIAN_POINT('',(35.3864035598178,-78.1764218932748,8.44214599696383));
#4267=CARTESIAN_POINT('',(35.4957929764984,-78.0123263793811,8.44214599696382));
#4268=CARTESIAN_POINT('',(35.604215983237,-77.8496805810498,8.44214599696381));
#4269=CARTESIAN_POINT('',(35.696687640738,-77.676404697155,8.44214599696382));
#4270=CARTESIAN_POINT('',(35.7714917276342,-77.4958113474918,8.44214599696379));
#4271=CARTESIAN_POINT('',(35.846296015859,-77.315217512061,8.44214599696381));
#4272=CARTESIAN_POINT('',(35.9034326384343,-77.1273061697282,8.44214599696381));
#4273=CARTESIAN_POINT('',(35.9417741269938,-76.9356314384803,8.44214599696389));
#4274=CARTESIAN_POINT('',(35.9804572413822,-76.7422488696618,8.44214599696381));
#4275=CARTESIAN_POINT('',(36.0000088113697,-76.5450355506814,8.44214599696383));
#4276=CARTESIAN_POINT('',(36.0000092620638,-76.3478221880338,8.44214599696382));
#4277=CARTESIAN_POINT('',(36.0000097127669,-76.1506088846292,8.44214599696382));
#4278=CARTESIAN_POINT('',(35.9804590558066,-75.9533955374303,8.44214599696381));
#4279=CARTESIAN_POINT('',(35.9417753402539,-75.7600129658303,8.4421459969638));
#4280=CARTESIAN_POINT('',(35.9034332919464,-75.5683384123264,8.44214599696385));
#4281=CARTESIAN_POINT('',(35.8462946569494,-75.3804272657381,8.44214599696382));
#4282=CARTESIAN_POINT('',(35.7714902978612,-75.1998338233316,8.44214599696381));
#4283=CARTESIAN_POINT('',(35.6966858731117,-75.0192402221002,8.44214599696383));
#4284=CARTESIAN_POINT('',(35.6042156920514,-74.8459643364927,8.44214599696381));
#4285=CARTESIAN_POINT('',(35.4957931281725,-74.6833178388728,8.44214599696381));
#4286=CARTESIAN_POINT('',(35.3864046546709,-74.519222364066,8.44214599696381));
#4287=CARTESIAN_POINT('',(35.2607783118126,-74.3659465012584,8.44214599696382));
#4288=CARTESIAN_POINT('',(35.1213276287552,-74.2264956358103,8.44214599696384));
#4289=CARTESIAN_POINT('',(34.981876579652,-74.0870444043026,8.44214599696382));
#4290=CARTESIAN_POINT('',(34.8286011164903,-73.961418243818,8.44214599696378));
#4291=CARTESIAN_POINT('',(34.664505576848,-73.852030026083,8.44214599696381));
#4292=CARTESIAN_POINT('',(34.5018593972188,-73.743607970525,8.44214599696382));
#4293=CARTESIAN_POINT('',(34.3285834226648,-73.6511382957869,8.44214599696382));
#4294=CARTESIAN_POINT('',(34.1479894582165,-73.576332900646,8.4421459969638));
#4295=CARTESIAN_POINT('',(33.9673960011629,-73.5015277155657,8.44214599696379));
#4296=CARTESIAN_POINT('',(33.7794845938493,-73.4443867103449,8.4421459969638));
#4297=CARTESIAN_POINT('',(33.5878108634832,-73.4060470303387,8.4421459969638));
#4298=CARTESIAN_POINT('',(33.3944282993168,-73.3673655395689,8.44214599696382));
#4299=CARTESIAN_POINT('',(33.1972160300281,-73.3478220954919,8.44214599696381));
#4300=CARTESIAN_POINT('',(33.0000004938436,-73.3478220954944,8.44214599696381));
#4301=CARTESIAN_POINT('',(33.0000011135617,-26.2713480709977,7.350767358677));
#4302=CARTESIAN_POINT('',(33.1972182106364,-26.2713480653617,7.35076735867702));
#4303=CARTESIAN_POINT('',(33.3944347477757,-26.25179617351,7.350767358677));
#4304=CARTESIAN_POINT('',(33.5878204629598,-26.2131109672999,7.35076735867699));
#4305=CARTESIAN_POINT('',(33.7794909733976,-26.1747688735543,7.35076735867698));
#4306=CARTESIAN_POINT('',(33.9673983142953,-26.1176313602783,7.35076735867701));
#4307=CARTESIAN_POINT('',(34.1479889734287,-26.0428287148789,7.35076735867701));
#4308=CARTESIAN_POINT('',(34.328579632562,-25.9680260694796,7.35076735867702));
#4309=CARTESIAN_POINT('',(34.5018536099308,-25.8755582919564,7.35076735867696));
#4310=CARTESIAN_POINT('',(34.66449717426,-25.7671382886466,7.350767358677));
#4311=CARTESIAN_POINT('',(34.8285961894711,-25.6577480656411,7.35076735867698));
#4312=CARTESIAN_POINT('',(34.9818736832938,-25.5321188355622,7.35076735867701));
#4313=CARTESIAN_POINT('',(35.1213266372578,-25.3926651649146,7.35076735867702));
#4314=CARTESIAN_POINT('',(35.2607795912216,-25.2532114942668,7.35076735867701));
#4315=CARTESIAN_POINT('',(35.3864080053269,-25.0999333830503,7.350767358677));
#4316=CARTESIAN_POINT('',(35.4957988237007,-24.9358345128798,7.35076735867699));
#4317=CARTESIAN_POINT('',(35.6042194170985,-24.773191092305,7.35076735867699));
#4318=CARTESIAN_POINT('',(35.696689171127,-24.5999180076603,7.35076735867704));
#4319=CARTESIAN_POINT('',(35.7714919530141,-24.4193277083385,7.35076735867697));
#4320=CARTESIAN_POINT('',(35.8462947349019,-24.2387374090171,7.350767358677));
#4321=CARTESIAN_POINT('',(35.9034305446486,-24.0508298950188,7.35076735867698));
#4322=CARTESIAN_POINT('',(35.9417719808335,-23.8591590722893,7.35076735867698));
#4323=CARTESIAN_POINT('',(35.9804565235984,-23.6657730420189,7.350767358677));
#4324=CARTESIAN_POINT('',(36.0000088167771,-23.4685560480997,7.35076735867699));
#4325=CARTESIAN_POINT('',(36.0000092620646,-23.2713390109795,7.35076735867701));
#4326=CARTESIAN_POINT('',(36.000009707352,-23.0741219738592,7.35076735867698));
#4327=CARTESIAN_POINT('',(35.9804583047483,-22.8769048935381,7.35076735867699));
#4328=CARTESIAN_POINT('',(35.9417731270281,-22.683518806818,7.35076735867697));
#4329=CARTESIAN_POINT('',(35.9034310615198,-22.4918479281397,7.35076735867701));
#4330=CARTESIAN_POINT('',(35.8462931238598,-22.303940387616,7.35076735867699));
#4331=CARTESIAN_POINT('',(35.7714901137248,-22.1233502837133,7.35076735867702));
#4332=CARTESIAN_POINT('',(35.6966871035894,-21.9427601798104,7.35076735867699));
#4333=CARTESIAN_POINT('',(35.6042190209788,-21.7694875125285,7.350767358677));
#4334=CARTESIAN_POINT('',(35.4957991387728,-21.6068437604561,7.350767358677));
#4335=CARTESIAN_POINT('',(35.3864090379549,-21.4427445558214,7.35076735867699));
#4336=CARTESIAN_POINT('',(35.2607803639172,-21.2894653478174,7.35076735867697));
#4337=CARTESIAN_POINT('',(35.1213267928083,-21.1500117048071,7.350767358677));
#4338=CARTESIAN_POINT('',(34.9818732216992,-21.0105580617966,7.35076735867698));
#4339=CARTESIAN_POINT('',(34.828594753519,-20.8849299837798,7.350767358677));
#4340=CARTESIAN_POINT('',(34.66449588511,-20.7755404704176,7.35076735867698));
#4341=CARTESIAN_POINT('',(34.5018524662814,-20.6671211704568,7.35076735867699));
#4342=CARTESIAN_POINT('',(34.328579735773,-20.5746536616774,7.350767358677));
#4343=CARTESIAN_POINT('',(34.1479893020533,-20.4998497408986,7.35076735867701));
#4344=CARTESIAN_POINT('',(34.0576940851934,-20.4624477805092,7.35076735867701));
#4345=CARTESIAN_POINT('',(33.8734447998679,-20.3964756537305,7.35076735867699));
#4346=CARTESIAN_POINT('',(33.6836555346304,-20.3487356588802,7.35076735867698));
#4347=CARTESIAN_POINT('',(33.5878203378586,-20.3295658304193,7.350767358677));
#4348=CARTESIAN_POINT('',(33.4911275392366,-20.3102244566293,7.35076735867699));
#4349=CARTESIAN_POINT('',(33.3446521315728,-20.2883893953871,7.35076735867702));
#4350=CARTESIAN_POINT('',(33.1725064004491,-20.2756079338206,7.35076735867702));
#4351=CARTESIAN_POINT('',(33.0739574255901,-20.2719497530148,7.35076735867703));
#4352=CARTESIAN_POINT('',(33.0246528384576,-20.2713390004397,7.35076735867701));
#4353=CARTESIAN_POINT('',(33.0000004938436,-20.2713390004397,7.350767358677));
#4354=CARTESIAN_POINT('',(33.0000011135617,-26.2713480709977,7.41693541692067));
#4355=CARTESIAN_POINT('',(33.1972177241887,-26.2713480689841,7.41756890715898));
#4356=CARTESIAN_POINT('',(33.394433774891,-26.251796279054,7.41820239739717));
#4357=CARTESIAN_POINT('',(33.5878190325129,-26.2131112699133,7.41883588763545));
#4358=CARTESIAN_POINT('',(33.779490089499,-26.1747691714923,7.41946937787374));
#4359=CARTESIAN_POINT('',(33.967397965803,-26.1176315489996,7.42010286811206));
#4360=CARTESIAN_POINT('',(34.1479891200685,-26.0428286990664,7.42073635835044));
#4361=CARTESIAN_POINT('',(34.3285802270458,-25.9680258687366,7.42136984858883));
#4362=CARTESIAN_POINT('',(34.5018546160632,-25.8755578202311,7.42200333882718));
#4363=CARTESIAN_POINT('',(34.6644985313173,-25.7671374726098,7.42263682906547));
#4364=CARTESIAN_POINT('',(34.8285970822278,-25.6577474476632,7.42327031930376));
#4365=CARTESIAN_POINT('',(34.9818741590812,-25.5321185045406,7.42390380954204));
#4366=CARTESIAN_POINT('',(35.1213267663179,-25.392665191323,7.42453729978041));
#4367=CARTESIAN_POINT('',(35.2607793678475,-25.2532118838144,7.42517079001881));
#4368=CARTESIAN_POINT('',(35.3864075009265,-25.0999342073542,7.42580428025705));
#4369=CARTESIAN_POINT('',(35.4957981283922,-24.9358358202739,7.42643777049538));
#4370=CARTESIAN_POINT('',(35.6042190758869,-24.7731920636417,7.42707126073371));
#4371=CARTESIAN_POINT('',(35.6966891111742,-24.5999185827264,7.42770475097216));
#4372=CARTESIAN_POINT('',(35.7714920888252,-24.4193278512638,7.42833824121047));
#4373=CARTESIAN_POINT('',(35.8462950952374,-24.2387370504057,7.42897173144875));
#4374=CARTESIAN_POINT('',(35.9034310304359,-24.0508289931243,7.42960522168698));
#4375=CARTESIAN_POINT('',(35.9417724834363,-23.8591576156568,7.43023871192523));
#4376=CARTESIAN_POINT('',(35.980456831481,-23.6657720835015,7.43087220216351));
#4377=CARTESIAN_POINT('',(36.0000090306792,-23.4685556181948,7.43150569240154));
#4378=CARTESIAN_POINT('',(36.0000094860722,-23.2713391096209,7.43213918263974));
#4379=CARTESIAN_POINT('',(36.000009941467,-23.0741226095106,7.43277267287802));
#4380=CARTESIAN_POINT('',(35.9804586547174,-22.8769060661146,7.4334061631163));
#4381=CARTESIAN_POINT('',(35.9417736952123,-22.6835204851767,7.43403965335467));
#4382=CARTESIAN_POINT('',(35.9034316414953,-22.4918490851456,7.43467314359311));
#4383=CARTESIAN_POINT('',(35.8462936135492,-22.3039410330916,7.43530663383132));
#4384=CARTESIAN_POINT('',(35.7714904200402,-22.1233504558817,7.43594012406964));
#4385=CARTESIAN_POINT('',(35.6966872171507,-21.9427598559824,7.4365736143079));
#4386=CARTESIAN_POINT('',(35.6042188440953,-21.7694867325617,7.43720710454623));
#4387=CARTESIAN_POINT('',(35.4957985881271,-21.6068425918904,7.43784059478459));
#4388=CARTESIAN_POINT('',(35.3864087291167,-21.4427439237102,7.43847408502287));
#4389=CARTESIAN_POINT('',(35.2607803974383,-21.2894651972134,7.43910757526118));
#4390=CARTESIAN_POINT('',(35.1213272482418,-21.1500119546196,7.43974106549948));
#4391=CARTESIAN_POINT('',(34.9818740467533,-21.0105586597318,7.44037455573786));
#4392=CARTESIAN_POINT('',(34.8285960171952,-20.8849308592701,7.44100804597613));
#4393=CARTESIAN_POINT('',(34.6644976336578,-20.7755415346194,7.44164153621444));
#4394=CARTESIAN_POINT('',(34.5018538297657,-20.6671218446248,7.44227502645293));
#4395=CARTESIAN_POINT('',(34.32858064515,-20.5746540300436,7.44290851669125));
#4396=CARTESIAN_POINT('',(34.1479897163817,-20.4998499022652,7.44354200692961));
#4397=CARTESIAN_POINT('',(34.0576942938186,-20.4624478555086,7.44417368397048));
#4398=CARTESIAN_POINT('',(33.8734447525963,-20.3964756306335,7.44453004112641));
#4399=CARTESIAN_POINT('',(33.6836555390309,-20.3487356626259,7.44458471358276));
#4400=CARTESIAN_POINT('',(33.587820332179,-20.3295658288596,7.44443711812308));
#4401=CARTESIAN_POINT('',(33.4911275247421,-20.3102244562672,7.44386060548442));
#4402=CARTESIAN_POINT('',(33.3446523203375,-20.2883894268195,7.44922334283644));
#4403=CARTESIAN_POINT('',(33.1725064954841,-20.2756079412819,7.45162709658758));
#4404=CARTESIAN_POINT('',(33.0739574772131,-20.2719497584251,7.45347663007327));
#4405=CARTESIAN_POINT('',(33.0246528527064,-20.2713390015717,7.45452905591213));
#4406=CARTESIAN_POINT('',(33.0000004942749,-20.2713390005704,7.4555697628545));
#4407=CARTESIAN_POINT('',(33.0000011135617,-26.2713480709977,7.48310347516432));
#4408=CARTESIAN_POINT('',(33.1972172388971,-26.2713480696674,7.48397133301643));
#4409=CARTESIAN_POINT('',(33.3944328043188,-26.2517963787202,7.48483919086841));
#4410=CARTESIAN_POINT('',(33.5878176055346,-26.2131115637097,7.48570704872046));
#4411=CARTESIAN_POINT('',(33.7794892102254,-26.1747694576745,7.48657490657263));
#4412=CARTESIAN_POINT('',(33.9673976230917,-26.1176317230261,7.48744276442476));
#4413=CARTESIAN_POINT('',(34.1479892736452,-26.0428286656199,7.48831062227692));
#4414=CARTESIAN_POINT('',(34.3285808296228,-25.9680256474209,7.48917848012926));
#4415=CARTESIAN_POINT('',(34.5018556314437,-25.8755573249932,7.49004633798127));
#4416=CARTESIAN_POINT('',(34.6644998987795,-25.7671366301217,7.49091419583344));
#4417=CARTESIAN_POINT('',(34.8285979865452,-25.6577468002948,7.49178205368546));
#4418=CARTESIAN_POINT('',(34.9818746475857,-25.5321181411898,7.49264991153756));
#4419=CARTESIAN_POINT('',(35.1213269092511,-25.392665182463,7.49351776938973));
#4420=CARTESIAN_POINT('',(35.2607791595013,-25.2532122351538,7.49438562724181));
#4421=CARTESIAN_POINT('',(35.3864070127108,-25.0999349905113,7.49525348509394));
#4422=CARTESIAN_POINT('',(35.4957974504238,-24.9358370835817,7.49612134294593));
#4423=CARTESIAN_POINT('',(35.6042187531709,-24.7731929879527,7.49698920079796));
#4424=CARTESIAN_POINT('',(35.6966890708726,-24.5999191078275,7.49785705865022));
#4425=CARTESIAN_POINT('',(35.7714922454432,-24.4193279412847,7.49872491650233));
#4426=CARTESIAN_POINT('',(35.8462954775362,-24.2387366359511,7.4995927743544));
#4427=CARTESIAN_POINT('',(35.9034315393429,-24.0508280324478,7.50046063220643));
#4428=CARTESIAN_POINT('',(35.941773010315,-23.8591560973032,7.50132849005845));
#4429=CARTESIAN_POINT('',(35.9804571647965,-23.6657710603246,7.5021963479107));
#4430=CARTESIAN_POINT('',(36.0000092711712,-23.4685551206919,7.5030642057625));
#4431=CARTESIAN_POINT('',(36.0000097378269,-23.271339137726,7.50393206361461));
#4432=CARTESIAN_POINT('',(36.0000102044846,-23.0741231716863,7.50479992146657));
#4433=CARTESIAN_POINT('',(35.9804590347453,-22.8769071622764,7.50566777931865));
#4434=CARTESIAN_POINT('',(35.9417742946109,-22.6835220841814,7.50653563717078));
#4435=CARTESIAN_POINT('',(35.9034322538412,-22.4918501598581,7.50740349502302));
#4436=CARTESIAN_POINT('',(35.8462941367654,-22.3039415933351,7.50827135287509));
#4437=CARTESIAN_POINT('',(35.7714907610382,-22.1233505398788,7.50913921072712));
#4438=CARTESIAN_POINT('',(35.6966873665505,-21.942759441044,7.51000706857915));
#4439=CARTESIAN_POINT('',(35.6042187042065,-21.7694858585457,7.5108749264313));
#4440=CARTESIAN_POINT('',(35.4957980756316,-21.606841326336,7.51174278428337));
#4441=CARTESIAN_POINT('',(35.3864084595847,-21.4427431916713,7.51261064213548));
#4442=CARTESIAN_POINT('',(35.2607804714213,-21.2894649437423,7.51347849998748));
#4443=CARTESIAN_POINT('',(35.1213277452932,-21.150012098626,7.51434635783955));
#4444=CARTESIAN_POINT('',(34.9818749145811,-21.0105591489218,7.5152142156918));
#4445=CARTESIAN_POINT('',(34.8285973248021,-20.8849316230765,7.51608207354396));
#4446=CARTESIAN_POINT('',(34.6644994272922,-20.7755424841984,7.51694993139611));
#4447=CARTESIAN_POINT('',(34.5018552394915,-20.66712240123,7.51781778924827));
#4448=CARTESIAN_POINT('',(34.3285816019243,-20.5746542779079,7.51868564710037));
#4449=CARTESIAN_POINT('',(34.1479901792635,-20.4998499401908,7.51955350495254));
#4450=CARTESIAN_POINT('',(34.0576945510539,-20.4624478037498,7.52041985180677));
#4451=CARTESIAN_POINT('',(33.8734445401281,-20.3964754351332,7.52105676542361));
#4452=CARTESIAN_POINT('',(33.6836547793087,-20.3487354059585,7.52144227512402));
#4453=CARTESIAN_POINT('',(33.5878193081476,-20.3295655724465,7.52165922822769));
#4454=CARTESIAN_POINT('',(33.4911267415727,-20.3102242990769,7.52121274586635));
#4455=CARTESIAN_POINT('',(33.3446517224873,-20.2883893462983,7.5236079778303));
#4456=CARTESIAN_POINT('',(33.1725061962167,-20.2756079132217,7.52347754267874));
#4457=CARTESIAN_POINT('',(33.0739573491779,-20.271949747315,7.52263850715498));
#4458=CARTESIAN_POINT('',(33.0246528089805,-20.2713389968051,7.52093102861821));
#4459=CARTESIAN_POINT('',(33.0000004938038,-20.2713390004037,7.51919910198537));
#4460=CARTESIAN_POINT('',(33.0000011135617,-26.2713480709977,7.61543959165165));
#4461=CARTESIAN_POINT('',(33.1972167391516,-26.2713480688075,7.61617318813952));
#4462=CARTESIAN_POINT('',(33.3944318048391,-26.2517964752998,7.6169067846273));
#4463=CARTESIAN_POINT('',(33.5878161351954,-26.2131118528765,7.61764038111517));
#4464=CARTESIAN_POINT('',(33.7794882731365,-26.1747697376836,7.61837397760306));
#4465=CARTESIAN_POINT('',(33.9673972081116,-26.1176318893361,7.61910757409097));
#4466=CARTESIAN_POINT('',(34.1479893404996,-26.0428286229139,7.619841170579));
#4467=CARTESIAN_POINT('',(34.3285813310225,-25.9680254153015,7.62057476706699));
#4468=CARTESIAN_POINT('',(34.5018565311943,-25.8755568174091,7.62130836355487));
#4469=CARTESIAN_POINT('',(34.6645011361571,-25.7671357737437,7.62204196004275));
#4470=CARTESIAN_POINT('',(34.8285987463245,-25.6577461374933,7.62277555653053));
#4471=CARTESIAN_POINT('',(34.9818749770983,-25.5321177608625,7.62350915301839));
#4472=CARTESIAN_POINT('',(35.1213268787382,-25.3926651550831,7.62424274950631));
#4473=CARTESIAN_POINT('',(35.2607787632563,-25.2532125664305,7.62497634599422));
#4474=CARTESIAN_POINT('',(35.386406322142,-25.0999357520621,7.62570994248211));
#4475=CARTESIAN_POINT('',(35.4957965556497,-24.9358383237406,7.62644353896999));
#4476=CARTESIAN_POINT('',(35.6042181991955,-24.7731938875717,7.62717713545777));
#4477=CARTESIAN_POINT('',(35.6966887848575,-24.5999196066929,7.6279107319457));
#4478=CARTESIAN_POINT('',(35.7714921418938,-24.4193280035267,7.62864432843355));
#4479=CARTESIAN_POINT('',(35.846295585214,-24.2387361921744,7.62937792492146));
#4480=CARTESIAN_POINT('',(35.9034317591755,-24.0508270409061,7.63011152140936));
#4481=CARTESIAN_POINT('',(35.941773233666,-23.8591545465415,7.63084511789725));
#4482=CARTESIAN_POINT('',(35.9804571801295,-23.6657700031957,7.63157871438523));
#4483=CARTESIAN_POINT('',(36.0000091792275,-23.4685545876941,7.63231231087286));
#4484=CARTESIAN_POINT('',(36.0000096426917,-23.2713391287925,7.63304590736075));
#4485=CARTESIAN_POINT('',(36.000010106159,-23.0741236952804,7.63377950384849));
#4486=CARTESIAN_POINT('',(35.9804590389764,-22.8769082183135,7.6345131003364));
#4487=CARTESIAN_POINT('',(35.9417745037592,-22.6835236415183,7.63524669682432));
#4488=CARTESIAN_POINT('',(35.9034324614825,-22.4918511913595,7.63598029331234));
#4489=CARTESIAN_POINT('',(35.8462942408234,-22.3039421088242,7.63671388980023));
#4490=CARTESIAN_POINT('',(35.7714906684249,-22.1233505775786,7.63744748628808));
#4491=CARTESIAN_POINT('',(35.6966870678857,-21.9427589782651,7.63818108277593));
#4492=CARTESIAN_POINT('',(35.6042181017991,-21.7694849351456,7.63891467926385));
#4493=CARTESIAN_POINT('',(35.4957970861641,-21.6068400098545,7.63964827575172));
#4494=CARTESIAN_POINT('',(35.3864076986271,-21.4427424071621,7.64038187223961));
#4495=CARTESIAN_POINT('',(35.2607800395254,-21.2894646362582,7.64111546872742));
#4496=CARTESIAN_POINT('',(35.1213277220124,-21.1500121870762,7.64184906521533));
#4497=CARTESIAN_POINT('',(34.9818752476228,-21.0105595810119,7.64258266170332));
#4498=CARTESIAN_POINT('',(34.8285980831687,-20.8849323282398,7.64331625819134));
#4499=CARTESIAN_POINT('',(34.6645006572324,-20.7755433735908,7.64404985467923));
#4500=CARTESIAN_POINT('',(34.5018560710702,-20.6671228961059,7.64478345116726));
#4501=CARTESIAN_POINT('',(34.3285819660977,-20.5746544624997,7.64551704765512));
#4502=CARTESIAN_POINT('',(34.1479900350904,-20.4998499133003,7.64625064414304));
#4503=CARTESIAN_POINT('',(34.0576941867804,-20.4624476856315,7.64698303183257));
#4504=CARTESIAN_POINT('',(33.8734436916972,-20.39647517173,7.64753187293227));
#4505=CARTESIAN_POINT('',(33.6836533691707,-20.3487350798454,7.64787959089889));
#4506=CARTESIAN_POINT('',(33.5878176192473,-20.329565245045,7.648092463588));
#4507=CARTESIAN_POINT('',(33.4911253095794,-20.3102240772745,7.64777458790521));
#4508=CARTESIAN_POINT('',(33.3446506817915,-20.2883892449364,7.64973008368245));
#4509=CARTESIAN_POINT('',(33.1725056740667,-20.27560788951,7.64966504576745));
#4510=CARTESIAN_POINT('',(33.0739571229439,-20.271949744499,7.64903312755461));
#4511=CARTESIAN_POINT('',(33.0246527343964,-20.2713389975665,7.64770645493138));
#4512=CARTESIAN_POINT('',(33.0000004938504,-20.2713390004458,7.64636022383129));
#4513=CARTESIAN_POINT('',(33.0000011135617,-26.2713480709977,7.88011182462628));
#4514=CARTESIAN_POINT('',(33.1972162394054,-26.2713480679468,7.88061252506421));
#4515=CARTESIAN_POINT('',(33.3944308053575,-26.2517965718777,7.88111322550199));
#4516=CARTESIAN_POINT('',(33.5878146648528,-26.2131121420404,7.88161392593982));
#4517=CARTESIAN_POINT('',(33.7794873360435,-26.1747700176888,7.88211462637769));
#4518=CARTESIAN_POINT('',(33.9673967931267,-26.1176320556416,7.88261532681571));
#4519=CARTESIAN_POINT('',(34.1479894073475,-26.042828580202,7.88311602725365));
#4520=CARTESIAN_POINT('',(34.3285818324156,-25.968025183176,7.88361672769174));
#4521=CARTESIAN_POINT('',(34.5018574309361,-25.8755563098171,7.88411742812945));
#4522=CARTESIAN_POINT('',(34.6645023735256,-25.7671349173572,7.88461812856739));
#4523=CARTESIAN_POINT('',(34.8285995060935,-25.6577454746824,7.88511882900515));
#4524=CARTESIAN_POINT('',(34.9818753065997,-25.5321173805249,7.88561952944306));
#4525=CARTESIAN_POINT('',(35.1213268482135,-25.3926651276923,7.88612022988099));
#4526=CARTESIAN_POINT('',(35.2607783669982,-25.2532128976952,7.88662093031892));
#4527=CARTESIAN_POINT('',(35.3864056315589,-25.0999365135998,7.88712163075676));
#4528=CARTESIAN_POINT('',(35.4957956608597,-24.9358395638852,7.88762233119466));
#4529=CARTESIAN_POINT('',(35.604217645204,-24.7731947871758,7.88812303163251));
#4530=CARTESIAN_POINT('',(35.6966884988256,-24.5999201055429,7.88862373207047));
#4531=CARTESIAN_POINT('',(35.7714920383267,-24.4193280657524,7.88912443250832));
#4532=CARTESIAN_POINT('',(35.8462956928728,-24.2387357483802,7.88962513294618));
#4533=CARTESIAN_POINT('',(35.9034319789875,-24.0508260493456,7.89012583338409));
#4534=CARTESIAN_POINT('',(35.9417734569955,-23.8591529957601,7.89062653382207));
#4535=CARTESIAN_POINT('',(35.9804571954401,-23.6657689460461,7.89112723426001));
#4536=CARTESIAN_POINT('',(36.0000090872605,-23.4685540546749,7.89162793469773));
#4537=CARTESIAN_POINT('',(36.0000095475314,-23.2713391198363,7.89212863513549));
#4538=CARTESIAN_POINT('',(36.0000100078078,-23.074124218851,7.89262933557332));
#4539=CARTESIAN_POINT('',(35.9804590431806,-22.8769092743261,7.89313003601123));
#4540=CARTESIAN_POINT('',(35.9417747128791,-22.6835251988294,7.8936307364491));
#4541=CARTESIAN_POINT('',(35.9034326690948,-22.4918522228342,7.89413143688712));
#4542=CARTESIAN_POINT('',(35.846294344851,-22.3039426242855,7.89463213732498));
#4543=CARTESIAN_POINT('',(35.7714905757801,-22.1233506152497,7.89513283776288));
#4544=CARTESIAN_POINT('',(35.6966867691882,-21.9427585154567,7.89563353820077));
#4545=CARTESIAN_POINT('',(35.6042174993578,-21.7694840117149,7.89613423863862));
#4546=CARTESIAN_POINT('',(35.4957960966619,-21.6068386933416,7.89663493907653));
#4547=CARTESIAN_POINT('',(35.3864069376337,-21.4427416226206,7.89713563951445));
#4548=CARTESIAN_POINT('',(35.2607796075926,-21.2894643287405,7.89763633995226));
#4549=CARTESIAN_POINT('',(35.1213276986937,-21.150012275492,7.89813704039023));
#4550=CARTESIAN_POINT('',(34.9818755806249,-21.0105600130665,7.89863774082811));
#4551=CARTESIAN_POINT('',(34.8285988414944,-20.8849330333664,7.89913844126611));
#4552=CARTESIAN_POINT('',(34.6645018871313,-20.7755442629459,7.89963914170413));
#4553=CARTESIAN_POINT('',(34.5018569026057,-20.6671233909431,7.90013984214204));
#4554=CARTESIAN_POINT('',(34.3285823302276,-20.5746546470522,7.90064054258004));
#4555=CARTESIAN_POINT('',(34.1479898908731,-20.4998498863698,7.90114124301797));
#4556=CARTESIAN_POINT('',(34.0576938224625,-20.4624475674728,7.90164103685723));
#4557=CARTESIAN_POINT('',(33.8734428432198,-20.396474908285,7.90200317075379));
#4558=CARTESIAN_POINT('',(33.683651958985,-20.3487347536892,7.90221446230077));
#4559=CARTESIAN_POINT('',(33.5878159302981,-20.3295649175994,7.9023246198895));
#4560=CARTESIAN_POINT('',(33.4911238775358,-20.3102238554268,7.90203671619939));
#4561=CARTESIAN_POINT('',(33.344649641045,-20.2883891435286,7.90345384110429));
#4562=CARTESIAN_POINT('',(33.1725051518647,-20.2756078657514,7.90335556574001));
#4563=CARTESIAN_POINT('',(33.073956896657,-20.2719497416352,7.90283213015235));
#4564=CARTESIAN_POINT('',(33.0246526597587,-20.2713389982793,7.90178762875696));
#4565=CARTESIAN_POINT('',(33.0000004938426,-20.2713390004388,7.90072845850391));
#4566=CARTESIAN_POINT('',(33.0000011135617,-26.2713480709977,8.01244794111361));
#4567=CARTESIAN_POINT('',(33.1972157396593,-26.2713480670862,8.01281476815611));
#4568=CARTESIAN_POINT('',(33.3944298058763,-26.2517966684559,8.01318159519844));
#4569=CARTESIAN_POINT('',(33.5878131945111,-26.2131124312049,8.01354842224085));
#4570=CARTESIAN_POINT('',(33.7794863989518,-26.1747702976951,8.01391524928333));
#4571=CARTESIAN_POINT('',(33.9673963781424,-26.1176322219478,8.01428207632581));
#4572=CARTESIAN_POINT('',(34.1479894741967,-26.0428285374912,8.01464890336833));
#4573=CARTESIAN_POINT('',(34.3285823338091,-25.9680249510511,8.01501573041082));
#4574=CARTESIAN_POINT('',(34.5018583306797,-25.8755558022267,8.0153825574532));
#4575=CARTESIAN_POINT('',(34.6645036108959,-25.7671340609723,8.01574938449568));
#4576=CARTESIAN_POINT('',(34.828600265865,-25.6577448118736,8.01611621153806));
#4577=CARTESIAN_POINT('',(34.9818756361033,-25.5321170001892,8.01648303858044));
#4578=CARTESIAN_POINT('',(35.121326817691,-25.3926651003033,8.01684986562293));
#4579=CARTESIAN_POINT('',(35.2607779707425,-25.2532132289621,8.01721669266543));
#4580=CARTESIAN_POINT('',(35.3864049409787,-25.09993727514,8.0175835197078));
#4581=CARTESIAN_POINT('',(35.4957947660726,-24.9358408040322,8.01795034675021));
#4582=CARTESIAN_POINT('',(35.6042170912151,-24.7731956867824,8.01831717379266));
#4583=CARTESIAN_POINT('',(35.6966882127967,-24.5999206043956,8.01868400083518));
#4584=CARTESIAN_POINT('',(35.7714919347629,-24.419328127981,8.01905082787763));
#4585=CARTESIAN_POINT('',(35.8462958005353,-24.2387353045892,8.01941765492004));
#4586=CARTESIAN_POINT('',(35.9034321988036,-24.0508250577886,8.01978448196251));
#4587=CARTESIAN_POINT('',(35.9417736803286,-23.8591514449821,8.020151309005));
#4588=CARTESIAN_POINT('',(35.9804572107548,-23.6657678889003,8.02051813604754));
#4589=CARTESIAN_POINT('',(36.0000089952977,-23.4685535216594,8.02088496308989));
#4590=CARTESIAN_POINT('',(36.0000094523764,-23.2713391108845,8.02125179013224));
#4591=CARTESIAN_POINT('',(36.0000099094616,-23.0741247424262,8.02161861717464));
#4592=CARTESIAN_POINT('',(35.9804590473899,-22.8769103303432,8.02198544421706));
#4593=CARTESIAN_POINT('',(35.9417749220045,-22.6835267561453,8.02235227125944));
#4594=CARTESIAN_POINT('',(35.9034328767124,-22.4918532543137,8.02271909830195));
#4595=CARTESIAN_POINT('',(35.8462944488844,-22.303943139752,8.02308592534442));
#4596=CARTESIAN_POINT('',(35.7714904831412,-22.123350652926,8.02345275238687));
#4597=CARTESIAN_POINT('',(35.6966864704964,-21.9427580526533,8.02381957942924));
#4598=CARTESIAN_POINT('',(35.6042168969225,-21.7694830882895,8.0241864064716));
#4599=CARTESIAN_POINT('',(35.4957951071655,-21.606837376834,8.02455323351406));
#4600=CARTESIAN_POINT('',(35.3864061766463,-21.4427408380844,8.02492006055654));
#4601=CARTESIAN_POINT('',(35.2607791756663,-21.2894640212286,8.02528688759896));
#4602=CARTESIAN_POINT('',(35.1213276753813,-21.1500123639136,8.02565371464148));
#4603=CARTESIAN_POINT('',(34.981875913634,-21.0105604451273,8.02602054168388));
#4604=CARTESIAN_POINT('',(34.828599599827,-20.8849337384992,8.02638736872637));
#4605=CARTESIAN_POINT('',(34.6645031170369,-20.7755451523071,8.02675419576893));
#4606=CARTESIAN_POINT('',(34.5018577341493,-20.6671238857872,8.02712102281155));
#4607=CARTESIAN_POINT('',(34.3285826943646,-20.5746548316111,8.02748784985397));
#4608=CARTESIAN_POINT('',(34.1479897466632,-20.4998498594459,8.0278546768965));
#4609=CARTESIAN_POINT('',(34.0576934581513,-20.4624474493203,8.02822089953981));
#4610=CARTESIAN_POINT('',(33.8734419947504,-20.396474644847,8.02849534888805));
#4611=CARTESIAN_POINT('',(33.6836505488069,-20.34873442754,8.02866923666982));
#4612=CARTESIAN_POINT('',(33.5878142413574,-20.3295645901613,8.0287757018129));
#4613=CARTESIAN_POINT('',(33.4911224455007,-20.3102236335868,8.02861679276998));
#4614=CARTESIAN_POINT('',(33.3446486003073,-20.2883890421287,8.02959456945709));
#4615=CARTESIAN_POINT('',(33.1725046296714,-20.2756078420007,8.02956207929803));
#4616=CARTESIAN_POINT('',(33.0739566703793,-20.2719497387797,8.02924614899018));
#4617=CARTESIAN_POINT('',(33.0246525851303,-20.2713389990005,8.02858284147713));
#4618=CARTESIAN_POINT('',(33.0000004938438,-20.2713390004399,8.02790975472555));
#4619=CARTESIAN_POINT('',(33.0000011135617,-26.2713480709977,8.14478405760093));
#4620=CARTESIAN_POINT('',(33.1972152399129,-26.2713480662254,8.14501702582631));
#4621=CARTESIAN_POINT('',(33.3944288063947,-26.2517967650338,8.14524999405155));
#4622=CARTESIAN_POINT('',(33.587811724169,-26.2131127203692,8.1454829622769));
#4623=CARTESIAN_POINT('',(33.7794854618591,-26.1747705777007,8.14571593050225));
#4624=CARTESIAN_POINT('',(33.9673959631575,-26.1176323882536,8.14594889872766));
#4625=CARTESIAN_POINT('',(34.147989541045,-26.0428284947799,8.14618186695307));
#4626=CARTESIAN_POINT('',(34.3285828352026,-25.968024718926,8.14641483517852));
#4627=CARTESIAN_POINT('',(34.5018592304224,-25.8755552946356,8.14664780340375));
#4628=CARTESIAN_POINT('',(34.6645048482651,-25.7671332045867,8.14688077162915));
#4629=CARTESIAN_POINT('',(34.8286010256351,-25.6577441490638,8.14711373985446));
#4630=CARTESIAN_POINT('',(34.9818759656062,-25.532116619853,8.14734670807985));
#4631=CARTESIAN_POINT('',(35.1213267871679,-25.3926650729139,8.14757967630527));
#4632=CARTESIAN_POINT('',(35.260777574486,-25.2532135602283,8.14781264453068));
#4633=CARTESIAN_POINT('',(35.3864042503977,-25.0999380366797,8.14804561275603));
#4634=CARTESIAN_POINT('',(35.495793871285,-24.9358420441789,8.14827858098137));
#4635=CARTESIAN_POINT('',(35.6042165372258,-24.7731965863885,8.14851154920675));
#4636=CARTESIAN_POINT('',(35.696687926767,-24.5999211032476,8.14874451743217));
#4637=CARTESIAN_POINT('',(35.7714918311979,-24.4193281902087,8.14897748565747));
#4638=CARTESIAN_POINT('',(35.8462959081966,-24.2387348607974,8.14921045388286));
#4639=CARTESIAN_POINT('',(35.9034324186184,-24.0508240662307,8.14944342210824));
#4640=CARTESIAN_POINT('',(35.9417739036606,-23.8591498942031,8.14967639033366));
#4641=CARTESIAN_POINT('',(35.980457226068,-23.6657668317534,8.14990935855907));
#4642=CARTESIAN_POINT('',(36.0000089033329,-23.4685529886425,8.15014232678433));
#4643=CARTESIAN_POINT('',(36.0000093572196,-23.2713391019314,8.15037529500971));
#4644=CARTESIAN_POINT('',(36.0000098111137,-23.0741252659999,8.15060826323505));
#4645=CARTESIAN_POINT('',(35.9804590515978,-22.8769113863591,8.15084123146043));
#4646=CARTESIAN_POINT('',(35.9417751311289,-22.6835283134603,8.15107419968579));
#4647=CARTESIAN_POINT('',(35.9034330843288,-22.4918542857922,8.15130716791116));
#4648=CARTESIAN_POINT('',(35.846294552916,-22.3039436552171,8.15154013613647));
#4649=CARTESIAN_POINT('',(35.7714903905003,-22.1233506906008,8.15177310436185));
#4650=CARTESIAN_POINT('',(35.6966861718033,-21.9427575898488,8.15200607258721));
#4651=CARTESIAN_POINT('',(35.6042162944865,-21.7694821648635,8.15223904081261));
#4652=CARTESIAN_POINT('',(35.4957941176687,-21.6068360603259,8.15247200903802));
#4653=CARTESIAN_POINT('',(35.3864054156583,-21.4427400535477,8.15270497726342));
#4654=CARTESIAN_POINT('',(35.2607787437389,-21.2894637137158,8.15293794548873));
#4655=CARTESIAN_POINT('',(35.1213276520679,-21.1500124523343,8.15317091371419));
#4656=CARTESIAN_POINT('',(34.9818762466423,-21.0105608771872,8.15340388193952));
#4657=CARTESIAN_POINT('',(34.8286003581593,-20.8849344436314,8.15363685016495));
#4658=CARTESIAN_POINT('',(34.6645043469416,-20.7755460416674,8.15386981839036));
#4659=CARTESIAN_POINT('',(34.5018585656909,-20.6671243806299,8.15410278661583));
#4660=CARTESIAN_POINT('',(34.3285830585,-20.5746550161686,8.15433575484112));
#4661=CARTESIAN_POINT('',(34.1479896024512,-20.4998498325205,8.15456872306653));
#4662=CARTESIAN_POINT('',(34.0576930938386,-20.4624473311667,8.15480138909244));
#4663=CARTESIAN_POINT('',(33.8734411462792,-20.3964743814076,8.15498816847061));
#4664=CARTESIAN_POINT('',(33.6836491386274,-20.3487341013896,8.15512466706567));
#4665=CARTESIAN_POINT('',(33.5878125524148,-20.3295642627217,8.15522745434137));
#4666=CARTESIAN_POINT('',(33.491121013464,-20.3102234117453,8.15519755452406));
#4667=CARTESIAN_POINT('',(33.3446475595682,-20.2883889407275,8.1557359975718));
#4668=CARTESIAN_POINT('',(33.1725041074769,-20.2756078182489,8.15576930719642));
#4669=CARTESIAN_POINT('',(33.0739564441002,-20.2719497359228,8.15566089674667));
#4670=CARTESIAN_POINT('',(33.0246525104999,-20.2713389997201,8.15537879769425));
#4671=CARTESIAN_POINT('',(33.0000004938435,-20.2713390004396,8.15509180902262));
#4672=CARTESIAN_POINT('',(33.0000011135617,-26.2713480709977,8.40945629057557));
#4673=CARTESIAN_POINT('',(33.1972147401667,-26.2713480653647,8.40945629057561));
#4674=CARTESIAN_POINT('',(33.3944278069137,-26.2517968616122,8.40945629057556));
#4675=CARTESIAN_POINT('',(33.5878102538275,-26.2131130095339,8.40945629057556));
#4676=CARTESIAN_POINT('',(33.7794845247675,-26.1747708577071,8.40945629057556));
#4677=CARTESIAN_POINT('',(33.9673955481738,-26.1176325545601,8.4094562905756));
#4678=CARTESIAN_POINT('',(34.1479896078943,-26.0428284520691,8.40945629057558));
#4679=CARTESIAN_POINT('',(34.3285833365967,-25.9680244868014,8.4094562905756));
#4680=CARTESIAN_POINT('',(34.5018601301663,-25.8755547870454,8.40945629057553));
#4681=CARTESIAN_POINT('',(34.6645060856358,-25.767132348202,8.40945629057558));
#4682=CARTESIAN_POINT('',(34.8286017854067,-25.6577434862549,8.40945629057554));
#4683=CARTESIAN_POINT('',(34.9818762951103,-25.5321162395176,8.40945629057558));
#4684=CARTESIAN_POINT('',(35.1213267566458,-25.3926650455252,8.40945629057559));
#4685=CARTESIAN_POINT('',(35.2607771782304,-25.2532138914951,8.40945629057559));
#4686=CARTESIAN_POINT('',(35.3864035598176,-25.0999387982199,8.40945629057557));
#4687=CARTESIAN_POINT('',(35.4957929764983,-24.9358432843262,8.40945629057556));
#4688=CARTESIAN_POINT('',(35.6042159832371,-24.7731974859952,8.40945629057557));
#4689=CARTESIAN_POINT('',(35.6966876407382,-24.5999216021003,8.40945629057562));
#4690=CARTESIAN_POINT('',(35.7714917276341,-24.4193282524372,8.40945629057555));
#4691=CARTESIAN_POINT('',(35.846296015859,-24.2387344170063,8.40945629057558));
#4692=CARTESIAN_POINT('',(35.9034326384342,-24.0508230746734,8.40945629057556));
#4693=CARTESIAN_POINT('',(35.9417741269934,-23.8591483434247,8.40945629057556));
#4694=CARTESIAN_POINT('',(35.9804572413821,-23.665765774607,8.40945629057557));
#4695=CARTESIAN_POINT('',(36.0000088113696,-23.4685524556266,8.40945629057556));
#4696=CARTESIAN_POINT('',(36.0000092620639,-23.2713390929791,8.40945629057558));
#4697=CARTESIAN_POINT('',(36.0000097127668,-23.0741257895744,8.40945629057555));
#4698=CARTESIAN_POINT('',(35.9804590558065,-22.8769124423756,8.40945629057556));
#4699=CARTESIAN_POINT('',(35.9417753402538,-22.6835298707757,8.40945629057554));
#4700=CARTESIAN_POINT('',(35.9034332919464,-22.4918553172714,8.40945629057558));
#4701=CARTESIAN_POINT('',(35.8462946569494,-22.3039441706833,8.40945629057557));
#4702=CARTESIAN_POINT('',(35.7714902978614,-22.1233507282768,8.4094562905756));
#4703=CARTESIAN_POINT('',(35.6966858731116,-21.9427571270453,8.40945629057557));
#4704=CARTESIAN_POINT('',(35.6042156920514,-21.769481241438,8.40945629057557));
#4705=CARTESIAN_POINT('',(35.4957931281724,-21.6068347438181,8.40945629057557));
#4706=CARTESIAN_POINT('',(35.3864046546708,-21.4427392690113,8.40945629057556));
#4707=CARTESIAN_POINT('',(35.2607783118123,-21.2894634062035,8.40945629057554));
#4708=CARTESIAN_POINT('',(35.1213276287551,-21.1500125407554,8.40945629057557));
#4709=CARTESIAN_POINT('',(34.9818765796511,-21.0105613092476,8.40945629057555));
#4710=CARTESIAN_POINT('',(34.8286011164918,-20.8849351487638,8.40945629057558));
#4711=CARTESIAN_POINT('',(34.6645055768467,-20.7755469310281,8.40945629057555));
#4712=CARTESIAN_POINT('',(34.5018593972329,-20.6671248754728,8.40945629057557));
#4713=CARTESIAN_POINT('',(34.3285834226363,-20.5746552007269,8.40945629057556));
#4714=CARTESIAN_POINT('',(34.1479894582402,-20.4998498055959,8.40945629057559));
#4715=CARTESIAN_POINT('',(34.0576927295261,-20.4624472130132,8.40945629057559));
#4716=CARTESIAN_POINT('',(33.8734402978088,-20.3964741179688,8.40945629057556));
#4717=CARTESIAN_POINT('',(33.6836477284486,-20.3487337752397,8.40945629057555));
#4718=CARTESIAN_POINT('',(33.587810863473,-20.3295639352826,8.40945629057558));
#4719=CARTESIAN_POINT('',(33.4911195814279,-20.3102231899044,8.40945629057557));
#4720=CARTESIAN_POINT('',(33.3446465188294,-20.2883888393266,8.4094562905756));
#4721=CARTESIAN_POINT('',(33.172503585283,-20.2756077944974,8.4094562905756));
#4722=CARTESIAN_POINT('',(33.0739562178214,-20.2719497330662,8.40945629057561));
#4723=CARTESIAN_POINT('',(33.0246524358701,-20.2713390004401,8.4094562905756));
#4724=CARTESIAN_POINT('',(33.0000004938436,-20.2713390004397,8.40945629057557));
#4725=CARTESIAN_POINT('',(39.0000004938437,-20.5564942942714,14.3688331927069));
#4726=CARTESIAN_POINT('',(39.0000004938436,-15.5596753967577,10.6837646822555));
#4727=CARTESIAN_POINT('',(-40.9999995061557,-15.5596753967577,10.6837646822566));
#4728=CARTESIAN_POINT('',(-40.9999995061556,-20.5564942942714,14.368833192708));
#4729=CARTESIAN_POINT('',(-28.9999995061557,-20.5564942942714,14.3688331927078));
#4730=CARTESIAN_POINT('',(27.0000004938436,-20.5564942942714,14.3688331927071));
#4731=CARTESIAN_POINT('',(33.9766373284768,-20.4349261382696,7.35076735888721));
#4732=CARTESIAN_POINT('',(33.0000004938436,-20.2713390004397,7.478938111252));
#4733=CARTESIAN_POINT('',(32.0233643011376,-20.4349261382696,7.3507673584668));
#4734=CARTESIAN_POINT('',(-34.0183760907852,-20.4349261382696,7.3507673599689));
#4735=CARTESIAN_POINT('',(-34.9984608544505,-20.2701491703269,7.4798703445693));
#4736=CARTESIAN_POINT('',(-35.9785449731525,-20.4349261382696,7.3507673599689));
#4737=CARTESIAN_POINT('',(-40.9999995061557,-20.4349261382696,7.3507673931252));
#4738=CARTESIAN_POINT('',(39.0000004938436,-20.4349261382696,7.35076739312411));
#4739=CARTESIAN_POINT('',(33.0000011135617,-26.2713480709977,7.350767358677));
#4740=CARTESIAN_POINT('',(39.0000004938436,-79.2357631649857,7.3507644728427));
#4741=CARTESIAN_POINT('',(33.8117886637264,-79.2357631649861,7.350767326813));
#4742=CARTESIAN_POINT('',(33.0000004938436,-73.3478220954944,7.350767326813));
#4743=CARTESIAN_POINT('',(32.1882115214396,-79.2357631649854,7.350767326813));
#4744=CARTESIAN_POINT('',(-34.1866726845667,-79.2357631649858,7.350767326813));
#4745=CARTESIAN_POINT('',(-34.9984608544505,-73.3478220954944,7.350767326813));
#4746=CARTESIAN_POINT('',(-35.8102498268529,-79.2357631649858,7.350767326813));
#4747=CARTESIAN_POINT('',(-40.9999995061557,-79.2357631649858,7.3507644728438));
#4748=CARTESIAN_POINT('',(-34.9984602347324,-26.2701582408849,7.3507673599689));
#4749=CARTESIAN_POINT('',(-22.7592685564019,-39.2390853170473,7.3507664592363));
#4750=CARTESIAN_POINT('',(-22.7592685564019,-60.5193855293573,7.35076540237261));
#4751=CARTESIAN_POINT('',(-14.479089500049,-68.7995645857103,7.3507649911462));
#4752=CARTESIAN_POINT('',(12.4790895840442,-68.7995645857103,7.3507649911458));
#4753=CARTESIAN_POINT('',(20.7592686403971,-60.5193855293573,7.3507654023721));
#4754=CARTESIAN_POINT('',(20.7592686403971,-39.2390853170473,7.3507664592357));
#4755=CARTESIAN_POINT('',(12.4790895840442,-30.9589062606943,7.3507668704621));
#4756=CARTESIAN_POINT('',(-14.479089500049,-30.9589062606943,7.3507668704625));
#4757=CARTESIAN_POINT('',(33.0000011135617,-79.3478311660524,7.4385712610207));
#4758=CARTESIAN_POINT('',(39.0000004938437,-84.111012655019,10.6837633592635));
#4759=CARTESIAN_POINT('',(-40.9999995061556,-84.1110126550191,10.6837633592646));
#4760=CARTESIAN_POINT('',(-34.9984602347324,-79.3478311660523,7.4385713719458));
#4761=CARTESIAN_POINT('',(39.0000004938437,-79.1141924748206,14.3688302325954));
#4762=CARTESIAN_POINT('',(27.0000004938436,-79.1141924748206,14.3688302325955));
#4763=CARTESIAN_POINT('',(-28.9999995061557,-79.1141924748207,14.3688302325963));
#4764=CARTESIAN_POINT('',(-40.9999995061556,-79.1141924748207,14.3688302325964));
#4765=CARTESIAN_POINT('',(39.0000004938436,-79.1141921300337,9.85076739312411));
#4766=CARTESIAN_POINT('',(27.0000004938436,-79.1141921300337,9.85076739312411));
#4767=CARTESIAN_POINT('',(34.486087986867,-23.0675156379925,9.85076739312411));
#4768=CARTESIAN_POINT('',(39.0000004938436,-23.0675156379925,9.85076739312411));
#4769=CARTESIAN_POINT('',(39.0000004938436,-20.5564942942714,9.85076739312411));
#4770=CARTESIAN_POINT('',(27.0000004938436,-20.5564942942714,9.85076739312411));
#4771=CARTESIAN_POINT('',(27.0000004938436,-23.0675156379925,9.8507673931241));
#4772=CARTESIAN_POINT('',(31.5139130008202,-23.0675156379925,9.85076739312411));
#4773=CARTESIAN_POINT('',(33.0000004938436,-21.7713390004397,9.85076739312411));
#4774=CARTESIAN_POINT('',(27.0000004938436,-23.0675156379925,16.1379047689039));
#4775=CARTESIAN_POINT('',(27.0000004938436,-20.5564942942714,16.1379048958369));
#4776=CARTESIAN_POINT('',(39.0000004938437,-76.6141921300337,9.85076739312411));
#4777=CARTESIAN_POINT('',(31.523840948029,-76.6141921300337,9.85076739312411));
#4778=CARTESIAN_POINT('',(27.0000004938436,-76.6141921300337,9.8507673931241));
#4779=CARTESIAN_POINT('',(34.4761600396582,-76.6141921300337,9.85076739312411));
#4780=CARTESIAN_POINT('',(33.0000004938436,-77.8478220954944,9.8507673931242));
#4781=CARTESIAN_POINT('',(27.0000004938436,-79.1141921300337,16.1379019357253));
#4782=CARTESIAN_POINT('',(27.0000004938436,-76.6141921300337,16.1379020621011));
#4783=CARTESIAN_POINT('',(-28.9999995061557,-79.1141921300337,9.85076739312411));
#4784=CARTESIAN_POINT('',(-40.9999995061557,-79.1141921300337,9.85076739312411));
#4785=CARTESIAN_POINT('',(-33.5122106562761,-23.0675156379924,9.85076739312411));
#4786=CARTESIAN_POINT('',(-28.9999995061557,-23.0675156379925,9.8507673931241));
#4787=CARTESIAN_POINT('',(-28.9999995061557,-20.5564942942713,9.85076739312411));
#4788=CARTESIAN_POINT('',(-40.9999995061557,-20.5564942942713,9.85076739312411));
#4789=CARTESIAN_POINT('',(-40.9999995061557,-23.0675156379925,9.85076739312411));
#4790=CARTESIAN_POINT('',(-36.484711052625,-23.0675156379925,9.85076739312411));
#4791=CARTESIAN_POINT('',(-34.9984608544505,-21.7701491703269,9.85076739312411));
#4792=CARTESIAN_POINT('',(-28.9999995061557,-79.1141921300338,16.137901935726));
#4793=CARTESIAN_POINT('',(-28.9999995061557,-76.6141921300337,16.1379020621019));
#4794=CARTESIAN_POINT('',(-28.9999995061557,-76.6141921300337,9.8507673931241));
#4795=CARTESIAN_POINT('',(-28.9999995061557,-20.5564942942714,16.1379048958376));
#4796=CARTESIAN_POINT('',(-28.9999995061557,-23.0675156379924,16.1379047689047));
#4797=CARTESIAN_POINT('',(-40.9999995061557,-76.6141921300337,9.85076739312411));
#4798=CARTESIAN_POINT('',(-36.4746204002651,-76.6141921300337,9.85076739312411));
#4799=CARTESIAN_POINT('',(-34.9984608544505,-74.8478220954944,9.85076739312411));
#4800=CARTESIAN_POINT('',(-33.522301308636,-76.6141921300337,9.85076739312411));
#4801=CARTESIAN_POINT('',(33.0000004938436,-74.8478220954944,9.85076739312411));
#4802=CARTESIAN_POINT('',(33.0000004938436,-24.7713390004397,9.85076739312411));
#4803=CARTESIAN_POINT('',(-34.9984608544505,-24.7701491703269,9.85076739312411));
#4804=CARTESIAN_POINT('',(12.4790895840442,-30.9589062606943,9.85076739312411));
#4805=CARTESIAN_POINT('',(20.7592686403971,-39.2390853170473,9.85076739312411));
#4806=CARTESIAN_POINT('',(20.7592686403971,-60.5193855293573,9.85076739312411));
#4807=CARTESIAN_POINT('',(12.4790895840442,-68.7995645857103,9.85076739312411));
#4808=CARTESIAN_POINT('',(-14.479089500049,-68.7995645857103,9.85076739312411));
#4809=CARTESIAN_POINT('',(-22.7592685564019,-60.5193855293573,9.85076739312411));
#4810=CARTESIAN_POINT('',(-22.7592685564019,-39.2390853170473,9.85076739312411));
#4811=CARTESIAN_POINT('',(-14.479089500049,-30.9589062606943,9.85076739312411));
#4812=CARTESIAN_POINT('',(-34.9984608544506,-77.8478220954944,9.8507673931242));
#4813=CARTESIAN_POINT('',(33.0000004938436,-74.8478220954944,8.44214599696381));
#4814=CARTESIAN_POINT('',(33.0000004938436,-77.8478220954944,8.44214599696381));
#4815=CARTESIAN_POINT('',(-34.9984608544505,-74.8478220954944,8.44214599696381));
#4816=CARTESIAN_POINT('',(-34.9984608544505,-77.8478220954944,8.44214599696381));
#4817=CARTESIAN_POINT('',(33.0000004938436,-21.7713390004397,8.40945629057557));
#4818=CARTESIAN_POINT('',(33.0000004938436,-24.7713390004397,8.40945629057557));
#4819=CARTESIAN_POINT('',(-34.9984608544505,-21.7701491703269,8.40945629057557));
#4820=CARTESIAN_POINT('',(-34.9984608544505,-24.7701491703269,8.40945629057557));
#4821=CARTESIAN_POINT('',(-34.9984608544505,-20.2701491703269,8.40945629057557));
#4822=CARTESIAN_POINT('',(-34.9984602347324,-26.2701582408849,8.40945629057557));
#4823=CARTESIAN_POINT('',(-34.9984608544505,-73.3478220954944,8.44214599696381));
#4824=CARTESIAN_POINT('',(-34.9984602347324,-79.3478311660523,8.44214599696381));
#4825=CARTESIAN_POINT('',(33.0000004938436,-73.3478220954944,8.44214599696381));
#4826=CARTESIAN_POINT('',(33.0000011135617,-79.3478311660524,8.44214599696381));
#4827=CARTESIAN_POINT('',(33.0000004938436,-20.2713390004397,8.40945629057557));
#4828=CARTESIAN_POINT('',(33.0000011135617,-26.2713480709977,8.40945629057557));
#4829=CARTESIAN_POINT('',(39.0000004938437,-20.5564942942714,14.3688331927069));
#4830=CARTESIAN_POINT('',(39.0000004938436,-15.5596753967577,10.6837646822555));
#4831=CARTESIAN_POINT('',(39.0000004938436,-15.5596753967577,10.6837646822555));
#4832=CARTESIAN_POINT('',(-40.9999995061557,-15.5596753967577,10.6837646822566));
#4833=CARTESIAN_POINT('',(-40.9999995061557,-15.5596753967577,10.6837646822566));
#4834=CARTESIAN_POINT('',(-40.9999995061556,-20.5564942942714,14.368833192708));
#4835=CARTESIAN_POINT('',(-40.9999995061556,-20.5564942942714,14.368833192708));
#4836=CARTESIAN_POINT('',(-28.9999995061557,-20.5564942942714,14.3688331927078));
#4837=CARTESIAN_POINT('',(-28.9999995061557,-20.5564942942714,14.3688331927078));
#4838=CARTESIAN_POINT('',(27.0000004938436,-20.5564942942714,14.3688331927071));
#4839=CARTESIAN_POINT('',(27.0000004938436,-20.5564942942714,14.3688331927071));
#4840=CARTESIAN_POINT('',(39.0000004938437,-20.5564942942714,14.3688331927069));
#4841=CARTESIAN_POINT('',(32.0233643011376,-20.4349261382696,7.3507673584668));
#4842=CARTESIAN_POINT('',(-34.0183760907852,-20.4349261382696,7.3507673599689));
#4843=CARTESIAN_POINT('',(-35.9785449731525,-20.4349261382696,7.3507673599689));
#4844=CARTESIAN_POINT('',(-40.9999995061557,-20.4349261382696,7.3507673931252));
#4845=CARTESIAN_POINT('',(39.0000004938436,-20.4349261382696,7.35076739312411));
#4846=CARTESIAN_POINT('',(33.9766373284768,-20.4349261382696,7.35076735888721));
#4847=CARTESIAN_POINT('',(39.0000004938436,-20.4349261382696,7.35076739312411));
#4848=CARTESIAN_POINT('',(39.0000004938436,-79.2357631649857,7.3507644728427));
#4849=CARTESIAN_POINT('',(39.0000004938436,-79.2357631649857,7.3507644728427));
#4850=CARTESIAN_POINT('',(33.8117886637264,-79.2357631649861,7.350767326813));
#4851=CARTESIAN_POINT('',(32.1882115214396,-79.2357631649854,7.350767326813));
#4852=CARTESIAN_POINT('',(-34.1866726845667,-79.2357631649858,7.350767326813));
#4853=CARTESIAN_POINT('',(-35.8102498268529,-79.2357631649858,7.350767326813));
#4854=CARTESIAN_POINT('',(-40.9999995061557,-79.2357631649858,7.3507644728438));
#4855=CARTESIAN_POINT('',(-40.9999995061557,-79.2357631649858,7.3507644728438));
#4856=CARTESIAN_POINT('',(-40.9999995061557,-20.4349261382696,7.3507673931252));
#4857=CARTESIAN_POINT('',(-22.7592685564019,-39.2390853170473,7.3507664592363));
#4858=CARTESIAN_POINT('',(-22.7592685564019,-60.5193855293573,7.35076540237261));
#4859=CARTESIAN_POINT('',(-22.7592685564019,-60.5193855293573,7.35076540237261));
#4860=CARTESIAN_POINT('',(-22.7592685564019,-61.6067541364357,7.35076534836961));
#4861=CARTESIAN_POINT('',(-22.5450954065449,-62.683475270865,7.35076529489541));
#4862=CARTESIAN_POINT('',(-21.7128595049392,-64.6926704716151,7.35076519511081));
#4863=CARTESIAN_POINT('',(-21.1029459759495,-65.6054705738288,7.35076514977761));
#4864=CARTESIAN_POINT('',(-20.3340602602349,-66.3743562895433,7.3507651115917));
#4865=CARTESIAN_POINT('',(-19.5651745445204,-67.1432420052579,7.3507650734057));
#4866=CARTESIAN_POINT('',(-18.6523744423067,-67.7531555342476,7.350765043115));
#4867=CARTESIAN_POINT('',(-16.6431792415566,-68.5853914358533,7.3507650017829));
#4868=CARTESIAN_POINT('',(-15.5664581071274,-68.7995645857103,7.3507649911462));
#4869=CARTESIAN_POINT('',(-14.479089500049,-68.7995645857103,7.3507649911462));
#4870=CARTESIAN_POINT('',(-14.479089500049,-68.7995645857103,7.3507649911462));
#4871=CARTESIAN_POINT('',(-0.999999958002401,-68.7995645857103,7.350764991146));
#4872=CARTESIAN_POINT('',(12.4790895840442,-68.7995645857103,7.3507649911458));
#4873=CARTESIAN_POINT('',(12.4790895840442,-68.7995645857103,7.3507649911458));
#4874=CARTESIAN_POINT('',(13.5664581911225,-68.7995645857103,7.3507649911458));
#4875=CARTESIAN_POINT('',(14.6431793255518,-68.5853914358532,7.3507650017825));
#4876=CARTESIAN_POINT('',(16.6523745263019,-67.7531555342476,7.3507650431146));
#4877=CARTESIAN_POINT('',(17.5651746285156,-67.1432420052579,7.3507650734053));
#4878=CARTESIAN_POINT('',(18.3340603442301,-66.3743562895433,7.3507651115912));
#4879=CARTESIAN_POINT('',(19.1029460599446,-65.6054705738289,7.350765149777));
#4880=CARTESIAN_POINT('',(19.7128595889345,-64.692670471615,7.3507651951103));
#4881=CARTESIAN_POINT('',(20.5450954905401,-62.683475270865,7.3507652948948));
#4882=CARTESIAN_POINT('',(20.7592686403971,-61.6067541364357,7.350765348369));
#4883=CARTESIAN_POINT('',(20.7592686403971,-60.5193855293573,7.3507654023721));
#4884=CARTESIAN_POINT('',(20.7592686403971,-60.5193855293573,7.3507654023721));
#4885=CARTESIAN_POINT('',(20.7592686403971,-39.2390853170473,7.3507664592357));
#4886=CARTESIAN_POINT('',(20.7592686403971,-39.2390853170473,7.3507664592357));
#4887=CARTESIAN_POINT('',(20.7592686403971,-38.1517167099688,7.3507665132387));
#4888=CARTESIAN_POINT('',(20.5450954905401,-37.0749955755397,7.3507665667129));
#4889=CARTESIAN_POINT('',(19.7128595889344,-35.0658003747895,7.3507666664975));
#4890=CARTESIAN_POINT('',(19.1029460599447,-34.1530002725758,7.3507667118308));
#4891=CARTESIAN_POINT('',(18.3340603442302,-33.3841145568613,7.3507667500167));
#4892=CARTESIAN_POINT('',(17.5651746285157,-32.6152288411468,7.3507667882026));
#4893=CARTESIAN_POINT('',(16.6523745263018,-32.0053153121569,7.3507668184933));
#4894=CARTESIAN_POINT('',(14.6431793255518,-31.1730794105513,7.3507668598254));
#4895=CARTESIAN_POINT('',(13.5664581911226,-30.9589062606943,7.3507668704621));
#4896=CARTESIAN_POINT('',(12.4790895840442,-30.9589062606943,7.3507668704621));
#4897=CARTESIAN_POINT('',(12.4790895840442,-30.9589062606943,7.3507668704621));
#4898=CARTESIAN_POINT('',(-0.999999958002409,-30.9589062606943,7.3507668704623));
#4899=CARTESIAN_POINT('',(-14.479089500049,-30.9589062606943,7.3507668704625));
#4900=CARTESIAN_POINT('',(-14.479089500049,-30.9589062606943,7.3507668704625));
#4901=CARTESIAN_POINT('',(-15.5664581071274,-30.9589062606943,7.3507668704625));
#4902=CARTESIAN_POINT('',(-16.6431792415566,-31.1730794105514,7.3507668598258));
#4903=CARTESIAN_POINT('',(-18.6523744423067,-32.005315312157,7.3507668184938));
#4904=CARTESIAN_POINT('',(-19.5651745445204,-32.6152288411467,7.3507667882031));
#4905=CARTESIAN_POINT('',(-20.334060260235,-33.3841145568613,7.3507667500172));
#4906=CARTESIAN_POINT('',(-21.1029459759494,-34.1530002725758,7.3507667118313));
#4907=CARTESIAN_POINT('',(-21.7128595049393,-35.0658003747896,7.350766666498));
#4908=CARTESIAN_POINT('',(-22.5450954065449,-37.0749955755396,7.3507665667135));
#4909=CARTESIAN_POINT('',(-22.7592685564019,-38.1517167099688,7.3507665132393));
#4910=CARTESIAN_POINT('',(-22.7592685564019,-39.2390853170473,7.3507664592363));
#4911=CARTESIAN_POINT('',(39.0000004938436,-79.2357631649857,7.3507644728427));
#4912=CARTESIAN_POINT('',(39.0000004938437,-84.111012655019,10.6837633592635));
#4913=CARTESIAN_POINT('',(39.0000004938437,-84.111012655019,10.6837633592635));
#4914=CARTESIAN_POINT('',(-40.9999995061556,-84.1110126550191,10.6837633592646));
#4915=CARTESIAN_POINT('',(-40.9999995061556,-84.1110126550191,10.6837633592646));
#4916=CARTESIAN_POINT('',(-40.9999995061557,-79.2357631649858,7.3507644728438));
#4917=CARTESIAN_POINT('',(39.0000004938437,-84.111012655019,10.6837633592635));
#4918=CARTESIAN_POINT('',(39.0000004938437,-79.1141924748206,14.3688302325954));
#4919=CARTESIAN_POINT('',(39.0000004938437,-79.1141924748206,14.3688302325954));
#4920=CARTESIAN_POINT('',(27.0000004938436,-79.1141924748206,14.3688302325955));
#4921=CARTESIAN_POINT('',(27.0000004938436,-79.1141924748206,14.3688302325955));
#4922=CARTESIAN_POINT('',(-28.9999995061557,-79.1141924748207,14.3688302325963));
#4923=CARTESIAN_POINT('',(-28.9999995061557,-79.1141924748207,14.3688302325963));
#4924=CARTESIAN_POINT('',(-40.9999995061556,-79.1141924748207,14.3688302325964));
#4925=CARTESIAN_POINT('',(-40.9999995061556,-79.1141924748207,14.3688302325964));
#4926=CARTESIAN_POINT('',(-40.9999995061556,-84.1110126550191,10.6837633592646));
#4927=CARTESIAN_POINT('',(39.0000004938436,-79.1141921300337,9.85076739312411));
#4928=CARTESIAN_POINT('',(27.0000004938436,-79.1141921300337,9.85076739312411));
#4929=CARTESIAN_POINT('',(34.486087986867,-23.0675156379925,9.85076739312411));
#4930=CARTESIAN_POINT('',(39.0000004938436,-23.0675156379925,9.85076739312411));
#4931=CARTESIAN_POINT('',(39.0000004938436,-23.0675156379925,9.85076739312411));
#4932=CARTESIAN_POINT('',(39.0000004938436,-20.5564942942714,9.85076739312411));
#4933=CARTESIAN_POINT('',(39.0000004938436,-20.5564942942714,9.85076739312411));
#4934=CARTESIAN_POINT('',(27.0000004938436,-20.5564942942714,9.85076739312411));
#4935=CARTESIAN_POINT('',(27.0000004938436,-20.5564942942714,9.85076739312411));
#4936=CARTESIAN_POINT('',(27.0000004938436,-23.0675156379925,9.8507673931241));
#4937=CARTESIAN_POINT('',(27.0000004938436,-23.0675156379925,9.8507673931241));
#4938=CARTESIAN_POINT('',(31.5139130008202,-23.0675156379925,9.85076739312411));
#4939=CARTESIAN_POINT('',(27.0000004938436,-23.0675156379925,16.1379047689039));
#4940=CARTESIAN_POINT('',(27.0000004938436,-23.0675156379925,9.8507673931241));
#4941=CARTESIAN_POINT('',(27.0000004938436,-20.5564942942714,9.85076739312411));
#4942=CARTESIAN_POINT('',(27.0000004938436,-20.5564942942714,14.3688331927071));
#4943=CARTESIAN_POINT('',(27.0000004938436,-20.5564942942714,14.3688331927071));
#4944=CARTESIAN_POINT('',(27.0000004938436,-20.5564942942714,16.1379048958369));
#4945=CARTESIAN_POINT('',(27.0000004938436,-20.5564942942714,16.1379048958369));
#4946=CARTESIAN_POINT('',(27.0000004938436,-23.0675156379925,16.1379047689039));
#4947=CARTESIAN_POINT('',(39.0000004938437,-76.6141921300337,9.85076739312411));
#4948=CARTESIAN_POINT('',(39.0000004938436,-79.1141921300337,9.85076739312411));
#4949=CARTESIAN_POINT('',(39.0000004938437,-79.1141924748206,14.3688302325954));
#4950=CARTESIAN_POINT('',(39.0000004938436,-79.1141921300337,9.85076739312411));
#4951=CARTESIAN_POINT('',(39.0000004938436,-15.5596753967577,10.6837646822555));
#4952=CARTESIAN_POINT('',(39.0000004938436,-20.4349261382696,7.35076739312411));
#4953=CARTESIAN_POINT('',(39.0000004938437,-20.5564942942714,14.3688331927069));
#4954=CARTESIAN_POINT('',(39.0000004938436,-20.5564942942714,9.85076739312411));
#4955=CARTESIAN_POINT('',(39.0000004938436,-23.0675156379925,9.85076739312411));
#4956=CARTESIAN_POINT('',(39.0000004938436,-25.9826034163219,9.85076739312411));
#4957=CARTESIAN_POINT('',(39.0000004938437,-73.582603416322,9.85076739312411));
#4958=CARTESIAN_POINT('',(39.0000004938437,-76.6141921300337,9.85076739312411));
#4959=CARTESIAN_POINT('',(31.523840948029,-76.6141921300337,9.85076739312411));
#4960=CARTESIAN_POINT('',(27.0000004938436,-76.6141921300337,9.8507673931241));
#4961=CARTESIAN_POINT('',(27.0000004938436,-76.6141921300337,9.8507673931241));
#4962=CARTESIAN_POINT('',(27.0000004938436,-79.1141921300337,9.85076739312411));
#4963=CARTESIAN_POINT('',(39.0000004938437,-76.6141921300337,9.85076739312411));
#4964=CARTESIAN_POINT('',(34.4761600396582,-76.6141921300337,9.85076739312411));
#4965=CARTESIAN_POINT('',(27.0000004938436,-79.1141921300337,16.1379019357253));
#4966=CARTESIAN_POINT('',(27.0000004938436,-79.1141924748206,14.3688302325955));
#4967=CARTESIAN_POINT('',(27.0000004938436,-79.1141921300337,9.85076739312411));
#4968=CARTESIAN_POINT('',(27.0000004938436,-79.1141924748206,14.3688302325955));
#4969=CARTESIAN_POINT('',(27.0000004938436,-76.6141921300337,9.8507673931241));
#4970=CARTESIAN_POINT('',(27.0000004938436,-76.6141921300337,16.1379020621011));
#4971=CARTESIAN_POINT('',(27.0000004938436,-76.6141921300337,16.1379020621011));
#4972=CARTESIAN_POINT('',(27.0000004938436,-79.1141921300337,16.1379019357253));
#4973=CARTESIAN_POINT('',(-28.9999995061557,-79.1141921300337,9.85076739312411));
#4974=CARTESIAN_POINT('',(-40.9999995061557,-79.1141921300337,9.85076739312411));
#4975=CARTESIAN_POINT('',(-33.5122106562761,-23.0675156379924,9.85076739312411));
#4976=CARTESIAN_POINT('',(-28.9999995061557,-23.0675156379925,9.8507673931241));
#4977=CARTESIAN_POINT('',(-28.9999995061557,-23.0675156379925,9.8507673931241));
#4978=CARTESIAN_POINT('',(-28.9999995061557,-20.5564942942713,9.85076739312411));
#4979=CARTESIAN_POINT('',(-28.9999995061557,-20.5564942942713,9.85076739312411));
#4980=CARTESIAN_POINT('',(-40.9999995061557,-20.5564942942713,9.85076739312411));
#4981=CARTESIAN_POINT('',(-40.9999995061557,-20.5564942942713,9.85076739312411));
#4982=CARTESIAN_POINT('',(-40.9999995061557,-23.0675156379925,9.85076739312411));
#4983=CARTESIAN_POINT('',(-40.9999995061557,-23.0675156379925,9.85076739312411));
#4984=CARTESIAN_POINT('',(-36.484711052625,-23.0675156379925,9.85076739312411));
#4985=CARTESIAN_POINT('',(-28.9999995061557,-79.1141921300338,16.137901935726));
#4986=CARTESIAN_POINT('',(-28.9999995061557,-76.6141921300337,16.1379020621019));
#4987=CARTESIAN_POINT('',(-28.9999995061557,-76.6141921300337,16.1379020621019));
#4988=CARTESIAN_POINT('',(-28.9999995061557,-76.6141921300337,9.8507673931241));
#4989=CARTESIAN_POINT('',(-28.9999995061557,-76.6141921300337,9.8507673931241));
#4990=CARTESIAN_POINT('',(-28.9999995061557,-79.1141921300337,9.85076739312411));
#4991=CARTESIAN_POINT('',(-28.9999995061557,-79.1141924748207,14.3688302325963));
#4992=CARTESIAN_POINT('',(-28.9999995061557,-79.1141921300337,9.85076739312411));
#4993=CARTESIAN_POINT('',(-28.9999995061557,-79.1141924748207,14.3688302325963));
#4994=CARTESIAN_POINT('',(-28.9999995061557,-79.1141921300338,16.137901935726));
#4995=CARTESIAN_POINT('',(-28.9999995061557,-20.5564942942714,16.1379048958376));
#4996=CARTESIAN_POINT('',(27.0000004938436,-20.5564942942714,16.1379048958369));
#4997=CARTESIAN_POINT('',(-28.9999995061557,-20.5564942942714,14.3688331927078));
#4998=CARTESIAN_POINT('',(-28.9999995061557,-20.5564942942714,16.1379048958376));
#4999=CARTESIAN_POINT('',(27.0000004938436,-79.1141921300337,16.1379019357253));
#5000=CARTESIAN_POINT('',(-28.9999995061557,-79.1141921300338,16.137901935726));
#5001=CARTESIAN_POINT('',(-28.9999995061557,-23.0675156379924,16.1379047689047));
#5002=CARTESIAN_POINT('',(27.0000004938436,-23.0675156379925,16.1379047689039));
#5003=CARTESIAN_POINT('',(-28.9999995061557,-20.5564942942714,16.1379048958376));
#5004=CARTESIAN_POINT('',(-28.9999995061557,-23.0675156379924,16.1379047689047));
#5005=CARTESIAN_POINT('',(-40.9999995061557,-76.6141921300337,9.85076739312411));
#5006=CARTESIAN_POINT('',(-40.9999995061556,-73.582603416322,9.85076739312411));
#5007=CARTESIAN_POINT('',(-40.9999995061557,-25.9826034163219,9.85076739312411));
#5008=CARTESIAN_POINT('',(-40.9999995061557,-23.0675156379925,9.85076739312411));
#5009=CARTESIAN_POINT('',(-40.9999995061557,-20.5564942942713,9.85076739312411));
#5010=CARTESIAN_POINT('',(-40.9999995061556,-20.5564942942714,14.368833192708));
#5011=CARTESIAN_POINT('',(-40.9999995061557,-20.4349261382696,7.3507673931252));
#5012=CARTESIAN_POINT('',(-40.9999995061557,-15.5596753967577,10.6837646822566));
#5013=CARTESIAN_POINT('',(-40.9999995061557,-79.1141921300337,9.85076739312411));
#5014=CARTESIAN_POINT('',(-40.9999995061556,-79.1141924748207,14.3688302325964));
#5015=CARTESIAN_POINT('',(-40.9999995061557,-79.1141921300337,9.85076739312411));
#5016=CARTESIAN_POINT('',(-40.9999995061557,-76.6141921300337,9.85076739312411));
#5017=CARTESIAN_POINT('',(27.0000004938436,-76.6141921300337,16.1379020621011));
#5018=CARTESIAN_POINT('',(-28.9999995061557,-76.6141921300337,16.1379020621019));
#5019=CARTESIAN_POINT('',(27.0000004938436,-76.6141921300337,9.8507673931241));
#5020=CARTESIAN_POINT('',(-28.9999995061557,-76.6141921300337,9.8507673931241));
#5021=CARTESIAN_POINT('',(-28.9999995061557,-23.0675156379924,16.1379047689047));
#5022=CARTESIAN_POINT('',(-28.9999995061557,-23.0675156379925,9.8507673931241));
#5023=CARTESIAN_POINT('',(-28.9999995061557,-23.0675156379925,9.8507673931241));
#5024=CARTESIAN_POINT('',(27.0000004938436,-23.0675156379925,9.8507673931241));
#5025=CARTESIAN_POINT('',(-40.9999995061557,-76.6141921300337,9.85076739312411));
#5026=CARTESIAN_POINT('',(-36.4746204002651,-76.6141921300337,9.85076739312411));
#5027=CARTESIAN_POINT('',(-33.522301308636,-76.6141921300337,9.85076739312411));
#5028=CARTESIAN_POINT('',(-28.9999995061557,-76.6141921300337,9.8507673931241));
#5029=CARTESIAN_POINT('',(20.7592686403971,-39.2390853170473,9.85076739312411));
#5030=CARTESIAN_POINT('',(20.7592686403971,-49.8792354232023,9.85076739312411));
#5031=CARTESIAN_POINT('',(20.7592686403971,-60.5193855293573,9.85076739312411));
#5032=CARTESIAN_POINT('',(12.4790895840442,-68.7995645857103,9.85076739312411));
#5033=CARTESIAN_POINT('',(-14.479089500049,-68.7995645857103,9.85076739312411));
#5034=CARTESIAN_POINT('',(-22.7592685564019,-60.5193855293573,9.85076739312411));
#5035=CARTESIAN_POINT('',(-22.7592685564019,-49.8792354232023,9.85076739312411));
#5036=CARTESIAN_POINT('',(-22.7592685564019,-39.2390853170473,9.85076739312411));
#5037=CARTESIAN_POINT('',(-14.479089500049,-30.9589062606943,9.85076739312411));
#5038=CARTESIAN_POINT('',(-0.999999958002409,-30.9589062606943,9.85076739312411));
#5039=CARTESIAN_POINT('',(12.4790895840442,-30.9589062606943,9.85076739312411));
#5040=CARTESIAN_POINT('',(-28.9999995061557,-20.5564942942713,9.85076739312411));
#5041=CARTESIAN_POINT('',(-28.9999995061557,-20.5564942942714,14.3688331927078));
#5042=CARTESIAN_POINT('',(20.7592686403971,-60.5193855293573,7.3507654023721));
#5043=CARTESIAN_POINT('',(20.7592686403971,-60.5193855293573,9.85076739312411));
#5044=CARTESIAN_POINT('',(12.4790895840442,-68.7995645857103,9.85076739312411));
#5045=CARTESIAN_POINT('',(12.4790895840442,-68.7995645857103,7.3507649911458));
#5046=CARTESIAN_POINT('',(20.7592686403971,-60.5193855293573,9.85076739312411));
#5047=CARTESIAN_POINT('',(20.7592686403971,-68.7995645857102,9.85076739312411));
#5048=CARTESIAN_POINT('',(12.4790895840442,-68.7995645857103,9.85076739312411));
#5049=CARTESIAN_POINT('',(-14.479089500049,-68.7995645857103,7.3507649911462));
#5050=CARTESIAN_POINT('',(-14.479089500049,-68.7995645857103,9.85076739312411));
#5051=CARTESIAN_POINT('',(-22.7592685564019,-60.5193855293573,9.85076739312411));
#5052=CARTESIAN_POINT('',(-22.7592685564019,-60.5193855293573,7.35076540237261));
#5053=CARTESIAN_POINT('',(-14.479089500049,-68.7995645857103,9.85076739312411));
#5054=CARTESIAN_POINT('',(-22.7592685564019,-68.7995645857102,9.85076739312411));
#5055=CARTESIAN_POINT('',(-22.7592685564019,-60.5193855293573,9.85076739312411));
#5056=CARTESIAN_POINT('',(-22.7592685564019,-39.2390853170473,7.3507664592363));
#5057=CARTESIAN_POINT('',(-22.7592685564019,-39.2390853170473,9.85076739312411));
#5058=CARTESIAN_POINT('',(-14.479089500049,-30.9589062606943,9.85076739312411));
#5059=CARTESIAN_POINT('',(-14.479089500049,-30.9589062606943,7.3507668704625));
#5060=CARTESIAN_POINT('',(-22.7592685564019,-39.2390853170473,9.85076739312411));
#5061=CARTESIAN_POINT('',(-22.7592685564019,-30.9589062606944,9.85076739312411));
#5062=CARTESIAN_POINT('',(-14.479089500049,-30.9589062606943,9.85076739312411));
#5063=CARTESIAN_POINT('',(12.4790895840442,-30.9589062606943,7.3507668704621));
#5064=CARTESIAN_POINT('',(12.4790895840442,-30.9589062606943,9.85076739312411));
#5065=CARTESIAN_POINT('',(20.7592686403971,-39.2390853170473,9.85076739312411));
#5066=CARTESIAN_POINT('',(20.7592686403971,-39.2390853170473,7.3507664592357));
#5067=CARTESIAN_POINT('',(12.4790895840442,-30.9589062606943,9.85076739312411));
#5068=CARTESIAN_POINT('',(20.7592686403972,-30.9589062606943,9.85076739312412));
#5069=CARTESIAN_POINT('',(20.7592686403971,-39.2390853170473,9.85076739312411));
#5070=CARTESIAN_POINT('',(33.0000004938436,-74.8478220954944,8.44214599696381));
#5071=CARTESIAN_POINT('',(33.0000004938436,-74.8478220954944,9.85076739312411));
#5072=CARTESIAN_POINT('',(33.0000004938436,-77.8478220954944,8.44214599696381));
#5073=CARTESIAN_POINT('',(34.5000004938436,-77.8478220954944,8.44214599696381));
#5074=CARTESIAN_POINT('',(34.5000004938436,-76.3478220954944,8.44214599696381));
#5075=CARTESIAN_POINT('',(34.5000004938436,-74.8478220954944,8.44214599696381));
#5076=CARTESIAN_POINT('',(33.0000004938436,-74.8478220954944,8.44214599696381));
#5077=CARTESIAN_POINT('',(33.0000004938436,-77.8478220954944,9.8507673931242));
#5078=CARTESIAN_POINT('',(33.0000004938436,-77.8478220954944,8.44214599696381));
#5079=CARTESIAN_POINT('',(34.4761600396582,-76.6141921300337,9.85076739312411));
#5080=CARTESIAN_POINT('',(34.2535539823115,-77.8478220954944,9.85076739312421));
#5081=CARTESIAN_POINT('',(33.0000004938436,-77.8478220954944,9.8507673931242));
#5082=CARTESIAN_POINT('',(33.0000004938436,-74.8478220954944,9.85076739312411));
#5083=CARTESIAN_POINT('',(33.7012862183163,-74.8478220954944,9.85076739312411));
#5084=CARTESIAN_POINT('',(34.1509902965371,-75.3859372405894,9.85076739312411));
#5085=CARTESIAN_POINT('',(34.600694374758,-75.9240523856845,9.85076739312411));
#5086=CARTESIAN_POINT('',(34.4761600396582,-76.6141921300337,9.85076739312411));
#5087=CARTESIAN_POINT('',(-34.9984608544505,-74.8478220954944,8.44214599696381));
#5088=CARTESIAN_POINT('',(-34.9984608544505,-74.8478220954944,9.85076739312411));
#5089=CARTESIAN_POINT('',(-34.9984608544505,-77.8478220954944,8.44214599696381));
#5090=CARTESIAN_POINT('',(-33.4984608544505,-77.8478220954944,8.44214599696381));
#5091=CARTESIAN_POINT('',(-33.4984608544505,-76.3478220954944,8.44214599696381));
#5092=CARTESIAN_POINT('',(-33.4984608544505,-74.8478220954944,8.44214599696381));
#5093=CARTESIAN_POINT('',(-34.9984608544505,-74.8478220954944,8.44214599696381));
#5094=CARTESIAN_POINT('',(-34.9984608544506,-77.8478220954944,9.8507673931242));
#5095=CARTESIAN_POINT('',(-34.9984608544505,-77.8478220954944,8.44214599696381));
#5096=CARTESIAN_POINT('',(-33.522301308636,-76.6141921300337,9.85076739312411));
#5097=CARTESIAN_POINT('',(-33.7449073659827,-77.8478220954944,9.85076739312422));
#5098=CARTESIAN_POINT('',(-34.9984608544506,-77.8478220954944,9.8507673931242));
#5099=CARTESIAN_POINT('',(-34.9984608544505,-74.8478220954944,9.85076739312411));
#5100=CARTESIAN_POINT('',(-34.2971751299778,-74.8478220954944,9.85076739312411));
#5101=CARTESIAN_POINT('',(-33.847471051757,-75.3859372405894,9.85076739312411));
#5102=CARTESIAN_POINT('',(-33.3977669735362,-75.9240523856845,9.85076739312411));
#5103=CARTESIAN_POINT('',(-33.522301308636,-76.6141921300337,9.85076739312411));
#5104=CARTESIAN_POINT('',(33.0000004938436,-21.7713390004397,8.40945629057557));
#5105=CARTESIAN_POINT('',(33.0000004938436,-21.7713390004397,9.85076739312411));
#5106=CARTESIAN_POINT('',(33.0000004938436,-24.7713390004397,8.40945629057557));
#5107=CARTESIAN_POINT('',(34.5000004938436,-24.7713390004397,8.40945629057558));
#5108=CARTESIAN_POINT('',(34.5000004938436,-23.2713390004397,8.40945629057558));
#5109=CARTESIAN_POINT('',(34.5000004938436,-21.7713390004397,8.40945629057558));
#5110=CARTESIAN_POINT('',(33.0000004938436,-21.7713390004397,8.40945629057557));
#5111=CARTESIAN_POINT('',(33.0000004938436,-24.7713390004397,9.85076739312411));
#5112=CARTESIAN_POINT('',(33.0000004938436,-24.7713390004397,8.40945629057557));
#5113=CARTESIAN_POINT('',(34.486087986867,-23.0675156379925,9.85076739312411));
#5114=CARTESIAN_POINT('',(34.5787712639401,-23.7432745756192,9.85076739312412));
#5115=CARTESIAN_POINT('',(34.1304285197857,-24.2573067880294,9.85076739312412));
#5116=CARTESIAN_POINT('',(33.6820857756312,-24.7713390004397,9.85076739312412));
#5117=CARTESIAN_POINT('',(33.0000004938436,-24.7713390004397,9.85076739312411));
#5118=CARTESIAN_POINT('',(33.0000004938436,-21.7713390004397,9.85076739312411));
#5119=CARTESIAN_POINT('',(34.3083117241424,-21.7713390004397,9.85076739312411));
#5120=CARTESIAN_POINT('',(34.486087986867,-23.0675156379925,9.85076739312411));
#5121=CARTESIAN_POINT('',(-34.9984608544505,-21.7701491703269,8.40945629057557));
#5122=CARTESIAN_POINT('',(-34.9984608544505,-21.7701491703269,9.85076739312411));
#5123=CARTESIAN_POINT('',(-34.9984608544505,-24.7701491703269,8.40945629057557));
#5124=CARTESIAN_POINT('',(-33.4984608544505,-24.7701491703269,8.40945629057557));
#5125=CARTESIAN_POINT('',(-33.4984608544505,-23.2701491703269,8.40945629057557));
#5126=CARTESIAN_POINT('',(-33.4984608544505,-21.7701491703269,8.40945629057557));
#5127=CARTESIAN_POINT('',(-34.9984608544505,-21.7701491703269,8.40945629057557));
#5128=CARTESIAN_POINT('',(-34.9984608544505,-24.7701491703269,9.85076739312411));
#5129=CARTESIAN_POINT('',(-34.9984608544505,-24.7701491703269,8.40945629057557));
#5130=CARTESIAN_POINT('',(-33.5122106562761,-23.0675156379924,9.85076739312411));
#5131=CARTESIAN_POINT('',(-33.4201173618572,-23.7429896106556,9.85076739312411));
#5132=CARTESIAN_POINT('',(-33.8684276030589,-24.2565693904912,9.85076739312411));
#5133=CARTESIAN_POINT('',(-34.3167378442606,-24.7701491703268,9.85076739312411));
#5134=CARTESIAN_POINT('',(-34.9984608544505,-24.7701491703269,9.85076739312411));
#5135=CARTESIAN_POINT('',(-34.9984608544505,-21.7701491703269,9.85076739312411));
#5136=CARTESIAN_POINT('',(-33.689092012052,-21.7701491703269,9.85076739312412));
#5137=CARTESIAN_POINT('',(-33.5122106562761,-23.0675156379924,9.85076739312411));
#5138=CARTESIAN_POINT('',(-35.9785449731525,-20.4349261382696,7.3507673599689));
#5139=CARTESIAN_POINT('',(-36.035131657243,-20.4544918066322,7.3507673599689));
#5140=CARTESIAN_POINT('',(-36.0911339510369,-20.4757473703599,7.3507673599689));
#5141=CARTESIAN_POINT('',(-36.146449675519,-20.4986601264981,7.3507673599689));
#5142=CARTESIAN_POINT('',(-36.3270401011898,-20.5734638902203,7.3507673599689));
#5143=CARTESIAN_POINT('',(-36.5003127928203,-20.6659306824305,7.3507673599689));
#5144=CARTESIAN_POINT('',(-36.6629562169077,-20.7743502079652,7.3507673599689));
#5145=CARTESIAN_POINT('',(-36.8270550906224,-20.88373994892,7.3507673599689));
#5146=CARTESIAN_POINT('',(-36.9803336090385,-21.00936921361,7.3507673599689));
#5147=CARTESIAN_POINT('',(-37.1197872444649,-21.1488229335894,7.3507673599689));
#5148=CARTESIAN_POINT('',(-37.2592408798913,-21.2882766535689,7.3507673599689));
#5149=CARTESIAN_POINT('',(-37.384869632328,-21.4415548288378,7.3507673599689));
#5150=CARTESIAN_POINT('',(-37.4942595734221,-21.6056536905798,7.3507673599689));
#5151=CARTESIAN_POINT('',(-37.602679297321,-21.7682971028008,7.3507673599689));
#5152=CARTESIAN_POINT('',(-37.6951469877071,-21.9415701078911,7.3507673599689));
#5153=CARTESIAN_POINT('',(-37.7699502991243,-22.1221604729152,7.350767359969));
#5154=CARTESIAN_POINT('',(-37.8447536105415,-22.3027508379393,7.3507673599689));
#5155=CARTESIAN_POINT('',(-37.9018925429897,-22.4906585628973,7.350767359969));
#5156=CARTESIAN_POINT('',(-37.9402344567848,-22.6823294346709,7.350767359969));
#5157=CARTESIAN_POINT('',(-37.9789194814339,-22.8757155144244,7.350767359969));
#5158=CARTESIAN_POINT('',(-37.9984695638534,-23.0729323930002,7.350767359969));
#5159=CARTESIAN_POINT('',(-37.9984690148023,-23.2701491680077,7.350767359969));
#5160=CARTESIAN_POINT('',(-37.9984684657512,-23.4673659430152,7.350767359969));
#5161=CARTESIAN_POINT('',(-37.9789172852295,-23.6645826144545,7.350767359969));
#5162=CARTESIAN_POINT('',(-37.9402328731405,-23.8579690228502,7.350767359969));
#5163=CARTESIAN_POINT('',(-37.9018915664726,-24.0496402203513,7.350767359969));
#5164=CARTESIAN_POINT('',(-37.8447549216036,-24.2375487973535,7.350767359969));
#5165=CARTESIAN_POINT('',(-37.7699518380095,-24.4181389797525,7.350767359969));
#5166=CARTESIAN_POINT('',(-37.6951487544154,-24.5987291621515,7.350767359969));
#5167=CARTESIAN_POINT('',(-37.6026792320963,-24.7720009499473,7.350767359969));
#5168=CARTESIAN_POINT('',(-37.4942589912902,-24.9346441761677,7.350767359969));
#5169=CARTESIAN_POINT('',(-37.3848685286634,-25.0987428502446,7.350767359969));
#5170=CARTESIAN_POINT('',(-37.2592405933607,-25.2520218876823,7.350767359969));
#5171=CARTESIAN_POINT('',(-37.1197873995842,-25.3914757078219,7.350767359969));
#5172=CARTESIAN_POINT('',(-36.9803342058078,-25.5309295279615,7.350767359969));
#5173=CARTESIAN_POINT('',(-36.8270557535575,-25.6565581308029,7.350767359969));
#5174=CARTESIAN_POINT('',(-36.6629565911593,-25.7659481920786,7.350767359969));
#5175=CARTESIAN_POINT('',(-36.5003128809488,-25.8743680350933,7.350767359969));
#5176=CARTESIAN_POINT('',(-36.3270395546123,-25.9668361096076,7.350767359969));
#5177=CARTESIAN_POINT('',(-36.146449350259,-26.0416388813163,7.350767359969));
#5178=CARTESIAN_POINT('',(-35.9658591459057,-26.1164416530249,7.350767359969));
#5179=CARTESIAN_POINT('',(-35.7779520635356,-26.173579121928,7.350767359969));
#5180=CARTESIAN_POINT('',(-35.5862811304405,-26.2119211878271,7.350767359969));
#5181=CARTESIAN_POINT('',(-35.3928949888168,-26.2506063659415,7.350767359969));
#5182=CARTESIAN_POINT('',(-35.195677331807,-26.270158246521,7.350767359969));
#5183=CARTESIAN_POINT('',(-34.9984602347324,-26.2701582408849,7.3507673599689));
#5184=CARTESIAN_POINT('',(-34.9984608544505,-20.2701491703269,7.4798703445693));
#5185=CARTESIAN_POINT('',(-35.0975097256512,-20.2701491703269,7.4798703445693));
#5186=CARTESIAN_POINT('',(-35.1964087533343,-20.2750787497455,7.4760080131995));
#5187=CARTESIAN_POINT('',(-35.3929385090479,-20.2946058873499,7.4607084775334));
#5188=CARTESIAN_POINT('',(-35.4902919239274,-20.3091752827856,7.4492933387856));
#5189=CARTESIAN_POINT('',(-35.5862806913114,-20.328375876463,7.4342496506769));
#5190=CARTESIAN_POINT('',(-35.7205820004638,-20.3552401121195,7.4132014899124));
#5191=CARTESIAN_POINT('',(-35.8516943687899,-20.3910656983721,7.3851321002387));
#5192=CARTESIAN_POINT('',(-35.9785449731525,-20.4349261382696,7.3507673599689));
#5193=CARTESIAN_POINT('',(-34.9984608544505,-20.2701491703269,7.4798703445693));
#5194=CARTESIAN_POINT('',(-34.9984608544505,-20.2701491703269,8.40945629057557));
#5195=CARTESIAN_POINT('',(-34.9984608544505,-20.2701491703269,8.40945629057557));
#5196=CARTESIAN_POINT('',(-35.1956796113619,-20.2701491703269,8.40945629057557));
#5197=CARTESIAN_POINT('',(-35.3928950887382,-20.289693033884,8.40945629057557));
#5198=CARTESIAN_POINT('',(-35.5862806913114,-20.328375876463,8.40945629057557));
#5199=CARTESIAN_POINT('',(-35.7779510901371,-20.3667156275416,8.40945629057557));
#5200=CARTESIAN_POINT('',(-35.9658592498482,-20.4238563627759,8.40945629057557));
#5201=CARTESIAN_POINT('',(-36.146449675519,-20.4986601264981,8.40945629057557));
#5202=CARTESIAN_POINT('',(-36.3270401011898,-20.5734638902203,8.40945629057557));
#5203=CARTESIAN_POINT('',(-36.5003127928203,-20.6659306824304,8.40945629057557));
#5204=CARTESIAN_POINT('',(-36.6629562169077,-20.7743502079652,8.40945629057557));
#5205=CARTESIAN_POINT('',(-36.8270550906224,-20.88373994892,8.40945629057557));
#5206=CARTESIAN_POINT('',(-36.9803336090385,-21.00936921361,8.40945629057557));
#5207=CARTESIAN_POINT('',(-37.1197872444649,-21.1488229335894,8.40945629057557));
#5208=CARTESIAN_POINT('',(-37.2592408798913,-21.2882766535689,8.40945629057557));
#5209=CARTESIAN_POINT('',(-37.384869632328,-21.4415548288378,8.40945629057557));
#5210=CARTESIAN_POINT('',(-37.4942595734221,-21.6056536905798,8.40945629057557));
#5211=CARTESIAN_POINT('',(-37.602679297321,-21.7682971028008,8.40945629057557));
#5212=CARTESIAN_POINT('',(-37.6951469877071,-21.9415701078911,8.40945629057557));
#5213=CARTESIAN_POINT('',(-37.7699502991243,-22.1221604729152,8.40945629057557));
#5214=CARTESIAN_POINT('',(-37.8447536105415,-22.3027508379393,8.40945629057557));
#5215=CARTESIAN_POINT('',(-37.9018925429897,-22.4906585628973,8.40945629057557));
#5216=CARTESIAN_POINT('',(-37.9402344567848,-22.6823294346709,8.40945629057557));
#5217=CARTESIAN_POINT('',(-37.9789194814339,-22.8757155144244,8.40945629057557));
#5218=CARTESIAN_POINT('',(-37.9984695638534,-23.0729323930002,8.40945629057557));
#5219=CARTESIAN_POINT('',(-37.9984690148023,-23.2701491680077,8.40945629057557));
#5220=CARTESIAN_POINT('',(-37.9984684657512,-23.4673659430152,8.40945629057557));
#5221=CARTESIAN_POINT('',(-37.9789172852294,-23.6645826144545,8.40945629057557));
#5222=CARTESIAN_POINT('',(-37.9402328731405,-23.8579690228502,8.40945629057557));
#5223=CARTESIAN_POINT('',(-37.9018915664726,-24.0496402203513,8.40945629057557));
#5224=CARTESIAN_POINT('',(-37.8447549216036,-24.2375487973535,8.40945629057557));
#5225=CARTESIAN_POINT('',(-37.7699518380095,-24.4181389797525,8.40945629057557));
#5226=CARTESIAN_POINT('',(-37.6951487544154,-24.5987291621515,8.40945629057557));
#5227=CARTESIAN_POINT('',(-37.6026792320963,-24.7720009499473,8.40945629057557));
#5228=CARTESIAN_POINT('',(-37.4942589912902,-24.9346441761676,8.40945629057557));
#5229=CARTESIAN_POINT('',(-37.3848685286634,-25.0987428502446,8.40945629057557));
#5230=CARTESIAN_POINT('',(-37.2592405933607,-25.2520218876823,8.40945629057557));
#5231=CARTESIAN_POINT('',(-37.1197873995842,-25.3914757078218,8.40945629057557));
#5232=CARTESIAN_POINT('',(-36.9803342058078,-25.5309295279614,8.40945629057557));
#5233=CARTESIAN_POINT('',(-36.8270557535575,-25.6565581308029,8.40945629057557));
#5234=CARTESIAN_POINT('',(-36.6629565911593,-25.7659481920786,8.40945629057557));
#5235=CARTESIAN_POINT('',(-36.5003128809488,-25.8743680350932,8.40945629057557));
#5236=CARTESIAN_POINT('',(-36.3270395546123,-25.9668361096076,8.40945629057557));
#5237=CARTESIAN_POINT('',(-36.146449350259,-26.0416388813162,8.40945629057557));
#5238=CARTESIAN_POINT('',(-35.9658591459057,-26.1164416530249,8.40945629057557));
#5239=CARTESIAN_POINT('',(-35.7779520635356,-26.1735791219279,8.40945629057557));
#5240=CARTESIAN_POINT('',(-35.5862811304405,-26.2119211878271,8.40945629057557));
#5241=CARTESIAN_POINT('',(-35.3928949888168,-26.2506063659415,8.40945629057557));
#5242=CARTESIAN_POINT('',(-35.195677331807,-26.270158246521,8.40945629057557));
#5243=CARTESIAN_POINT('',(-34.9984602347324,-26.2701582408849,8.40945629057557));
#5244=CARTESIAN_POINT('',(-34.9984602347324,-26.2701582408849,8.40945629057557));
#5245=CARTESIAN_POINT('',(-34.9984602347324,-26.2701582408849,7.3507673599689));
#5246=CARTESIAN_POINT('',(-35.8102498268529,-79.2357631649858,7.350767326813));
#5247=CARTESIAN_POINT('',(-35.7366942987045,-79.2564565637565,7.3669792134547));
#5248=CARTESIAN_POINT('',(-35.6619756338811,-79.2744521006285,7.3810787476306));
#5249=CARTESIAN_POINT('',(-35.5862811304404,-79.2895941129946,7.3929425404345));
#5250=CARTESIAN_POINT('',(-35.4902925151593,-79.3087957819866,7.4079870812066));
#5251=CARTESIAN_POINT('',(-35.3929388052897,-79.3233677086221,7.4194042108574));
#5252=CARTESIAN_POINT('',(-35.1964091742205,-79.3428994430899,7.4347073584991));
#5253=CARTESIAN_POINT('',(-35.097509536386,-79.347831168883,7.4385713741636));
#5254=CARTESIAN_POINT('',(-34.9984602347324,-79.3478311660523,7.4385713719458));
#5255=CARTESIAN_POINT('',(-34.9984608544505,-73.3478220954944,7.350767326813));
#5256=CARTESIAN_POINT('',(-35.1956796113618,-73.3478220954944,7.350767326813));
#5257=CARTESIAN_POINT('',(-35.3928950887382,-73.3673659590514,7.350767326813));
#5258=CARTESIAN_POINT('',(-35.5862806913115,-73.4060488016304,7.350767326813));
#5259=CARTESIAN_POINT('',(-35.7779510901372,-73.444388552709,7.350767326813));
#5260=CARTESIAN_POINT('',(-35.9658592498483,-73.5015292879433,7.350767326813));
#5261=CARTESIAN_POINT('',(-36.146449675519,-73.5763330516656,7.350767326813));
#5262=CARTESIAN_POINT('',(-36.3270401011898,-73.6511368153878,7.350767326813));
#5263=CARTESIAN_POINT('',(-36.5003127928203,-73.7436036075979,7.350767326813));
#5264=CARTESIAN_POINT('',(-36.6629562169077,-73.8520231331326,7.350767326813));
#5265=CARTESIAN_POINT('',(-36.8270550906224,-73.9614128740874,7.350767326813));
#5266=CARTESIAN_POINT('',(-36.9803336090385,-74.0870421387775,7.350767326813));
#5267=CARTESIAN_POINT('',(-37.119787244465,-74.2264958587569,7.350767326813));
#5268=CARTESIAN_POINT('',(-37.2592408798914,-74.3659495787364,7.350767326813));
#5269=CARTESIAN_POINT('',(-37.384869632328,-74.5192277540052,7.350767326813));
#5270=CARTESIAN_POINT('',(-37.4942595734221,-74.6833266157473,7.350767326813));
#5271=CARTESIAN_POINT('',(-37.602679297321,-74.8459700279683,7.350767326813));
#5272=CARTESIAN_POINT('',(-37.6951469877072,-75.0192430330585,7.350767326813));
#5273=CARTESIAN_POINT('',(-37.7699502991244,-75.1998333980827,7.350767326813));
#5274=CARTESIAN_POINT('',(-37.8447536105416,-75.3804237631068,7.350767326813));
#5275=CARTESIAN_POINT('',(-37.9018925429898,-75.5683314880647,7.350767326813));
#5276=CARTESIAN_POINT('',(-37.9402344567848,-75.7600023598384,7.350767326813));
#5277=CARTESIAN_POINT('',(-37.9789194814338,-75.9533884395919,7.350767326813));
#5278=CARTESIAN_POINT('',(-37.9984695638533,-76.1506053181677,7.350767326813));
#5279=CARTESIAN_POINT('',(-37.9984690148022,-76.3478220931752,7.350767326813));
#5280=CARTESIAN_POINT('',(-37.9984684657511,-76.5450388681827,7.350767326813));
#5281=CARTESIAN_POINT('',(-37.9789172852294,-76.7422555396219,7.350767326813));
#5282=CARTESIAN_POINT('',(-37.9402328731405,-76.9356419480177,7.350767326813));
#5283=CARTESIAN_POINT('',(-37.9018915664727,-77.1273131455187,7.350767326813));
#5284=CARTESIAN_POINT('',(-37.8447549216036,-77.315221722521,7.350767326813));
#5285=CARTESIAN_POINT('',(-37.7699518380095,-77.49581190492,7.350767326813));
#5286=CARTESIAN_POINT('',(-37.6951487544154,-77.676402087319,7.350767326813));
#5287=CARTESIAN_POINT('',(-37.6026792320963,-77.8496738751148,7.350767326813));
#5288=CARTESIAN_POINT('',(-37.4942589912903,-78.0123171013351,7.350767326813));
#5289=CARTESIAN_POINT('',(-37.3848685286634,-78.1764157754121,7.350767326813));
#5290=CARTESIAN_POINT('',(-37.2592405933607,-78.3296948128498,7.350767326813));
#5291=CARTESIAN_POINT('',(-37.1197873995842,-78.4691486329893,7.350767326813));
#5292=CARTESIAN_POINT('',(-36.9803342058078,-78.6086024531289,7.350767326813));
#5293=CARTESIAN_POINT('',(-36.8270557535575,-78.7342310559704,7.350767326813));
#5294=CARTESIAN_POINT('',(-36.6629565911593,-78.8436211172461,7.350767326813));
#5295=CARTESIAN_POINT('',(-36.5003128809488,-78.9520409602607,7.350767326813));
#5296=CARTESIAN_POINT('',(-36.3270395546123,-79.044509034775,7.350767326813));
#5297=CARTESIAN_POINT('',(-36.146449350259,-79.1193118064837,7.350767326813));
#5298=CARTESIAN_POINT('',(-36.0368145560885,-79.1647239400434,7.350767326813));
#5299=CARTESIAN_POINT('',(-35.9244830519089,-79.2036253461071,7.350767326813));
#5300=CARTESIAN_POINT('',(-35.8102498268529,-79.2357631649858,7.350767326813));
#5301=CARTESIAN_POINT('',(-34.9984608544505,-73.3478220954944,7.350767326813));
#5302=CARTESIAN_POINT('',(-34.9984608544505,-73.3478220954944,8.44214599696381));
#5303=CARTESIAN_POINT('',(-34.9984608544505,-73.3478220954944,8.44214599696381));
#5304=CARTESIAN_POINT('',(-35.1956796113618,-73.3478220954944,8.44214599696381));
#5305=CARTESIAN_POINT('',(-35.3928950887382,-73.3673659590514,8.44214599696381));
#5306=CARTESIAN_POINT('',(-35.5862806913115,-73.4060488016304,8.44214599696381));
#5307=CARTESIAN_POINT('',(-35.7779510901372,-73.444388552709,8.44214599696381));
#5308=CARTESIAN_POINT('',(-35.9658592498483,-73.5015292879433,8.44214599696381));
#5309=CARTESIAN_POINT('',(-36.146449675519,-73.5763330516656,8.44214599696381));
#5310=CARTESIAN_POINT('',(-36.3270401011898,-73.6511368153878,8.44214599696381));
#5311=CARTESIAN_POINT('',(-36.5003127928203,-73.7436036075979,8.44214599696381));
#5312=CARTESIAN_POINT('',(-36.6629562169077,-73.8520231331326,8.44214599696381));
#5313=CARTESIAN_POINT('',(-36.8270550906224,-73.9614128740874,8.44214599696381));
#5314=CARTESIAN_POINT('',(-36.9803336090385,-74.0870421387774,8.44214599696381));
#5315=CARTESIAN_POINT('',(-37.119787244465,-74.2264958587569,8.44214599696381));
#5316=CARTESIAN_POINT('',(-37.2592408798914,-74.3659495787364,8.44214599696381));
#5317=CARTESIAN_POINT('',(-37.384869632328,-74.5192277540052,8.44214599696381));
#5318=CARTESIAN_POINT('',(-37.4942595734221,-74.6833266157473,8.44214599696381));
#5319=CARTESIAN_POINT('',(-37.602679297321,-74.8459700279683,8.44214599696381));
#5320=CARTESIAN_POINT('',(-37.6951469877072,-75.0192430330585,8.44214599696381));
#5321=CARTESIAN_POINT('',(-37.7699502991244,-75.1998333980826,8.44214599696381));
#5322=CARTESIAN_POINT('',(-37.8447536105416,-75.3804237631068,8.44214599696381));
#5323=CARTESIAN_POINT('',(-37.9018925429898,-75.5683314880647,8.44214599696381));
#5324=CARTESIAN_POINT('',(-37.9402344567848,-75.7600023598384,8.44214599696381));
#5325=CARTESIAN_POINT('',(-37.9789194814338,-75.9533884395919,8.44214599696381));
#5326=CARTESIAN_POINT('',(-37.9984695638533,-76.1506053181676,8.44214599696381));
#5327=CARTESIAN_POINT('',(-37.9984690148022,-76.3478220931752,8.44214599696381));
#5328=CARTESIAN_POINT('',(-37.9984684657511,-76.5450388681827,8.44214599696381));
#5329=CARTESIAN_POINT('',(-37.9789172852294,-76.7422555396219,8.44214599696381));
#5330=CARTESIAN_POINT('',(-37.9402328731405,-76.9356419480177,8.44214599696381));
#5331=CARTESIAN_POINT('',(-37.9018915664727,-77.1273131455187,8.44214599696381));
#5332=CARTESIAN_POINT('',(-37.8447549216036,-77.315221722521,8.44214599696381));
#5333=CARTESIAN_POINT('',(-37.7699518380095,-77.49581190492,8.44214599696381));
#5334=CARTESIAN_POINT('',(-37.6951487544154,-77.676402087319,8.44214599696381));
#5335=CARTESIAN_POINT('',(-37.6026792320963,-77.8496738751148,8.44214599696381));
#5336=CARTESIAN_POINT('',(-37.4942589912903,-78.0123171013351,8.44214599696381));
#5337=CARTESIAN_POINT('',(-37.3848685286634,-78.176415775412,8.44214599696381));
#5338=CARTESIAN_POINT('',(-37.2592405933607,-78.3296948128498,8.44214599696381));
#5339=CARTESIAN_POINT('',(-37.1197873995842,-78.4691486329893,8.44214599696381));
#5340=CARTESIAN_POINT('',(-36.9803342058078,-78.6086024531289,8.44214599696381));
#5341=CARTESIAN_POINT('',(-36.8270557535575,-78.7342310559704,8.44214599696381));
#5342=CARTESIAN_POINT('',(-36.6629565911593,-78.8436211172461,8.44214599696381));
#5343=CARTESIAN_POINT('',(-36.5003128809488,-78.9520409602606,8.44214599696381));
#5344=CARTESIAN_POINT('',(-36.3270395546123,-79.044509034775,8.44214599696381));
#5345=CARTESIAN_POINT('',(-36.146449350259,-79.1193118064837,8.44214599696381));
#5346=CARTESIAN_POINT('',(-35.9658591459056,-79.1941145781923,8.44214599696381));
#5347=CARTESIAN_POINT('',(-35.7779520635355,-79.2512520470953,8.44214599696381));
#5348=CARTESIAN_POINT('',(-35.5862811304404,-79.2895941129945,8.44214599696381));
#5349=CARTESIAN_POINT('',(-35.3928949888167,-79.3282792911089,8.44214599696381));
#5350=CARTESIAN_POINT('',(-35.195677331807,-79.3478311716884,8.44214599696381));
#5351=CARTESIAN_POINT('',(-34.9984602347324,-79.3478311660523,8.44214599696381));
#5352=CARTESIAN_POINT('',(-34.9984602347324,-79.3478311660523,8.44214599696381));
#5353=CARTESIAN_POINT('',(-34.9984602347324,-79.3478311660523,7.4385713719458));
#5354=CARTESIAN_POINT('',(32.1882115214396,-79.2357631649854,7.350767326813));
#5355=CARTESIAN_POINT('',(32.2617670495921,-79.2564565637569,7.366979088882));
#5356=CARTESIAN_POINT('',(32.3364857144145,-79.2744521006287,7.381078624439));
#5357=CARTESIAN_POINT('',(32.4121802178537,-79.2895941129944,7.3929424186421));
#5358=CARTESIAN_POINT('',(32.5081688331351,-79.3087957819865,7.4079869611888));
#5359=CARTESIAN_POINT('',(32.6055225430043,-79.323367708622,7.4194040926394));
#5360=CARTESIAN_POINT('',(32.8020521740736,-79.3428994430899,7.4347072439144));
#5361=CARTESIAN_POINT('',(32.9009518119082,-79.347831168883,7.4385712614073));
#5362=CARTESIAN_POINT('',(33.0000011135617,-79.3478311660524,7.4385712610207));
#5363=CARTESIAN_POINT('',(33.0000004938436,-73.3478220954944,7.350767326813));
#5364=CARTESIAN_POINT('',(32.8027817369323,-73.3478220954944,7.350767326813));
#5365=CARTESIAN_POINT('',(32.6055662595559,-73.3673659590514,7.350767326813));
#5366=CARTESIAN_POINT('',(32.4121806569826,-73.4060488016304,7.350767326813));
#5367=CARTESIAN_POINT('',(32.2205102581569,-73.444388552709,7.350767326813));
#5368=CARTESIAN_POINT('',(32.0326020984459,-73.5015292879433,7.350767326813));
#5369=CARTESIAN_POINT('',(31.8520116727752,-73.5763330516656,7.350767326813));
#5370=CARTESIAN_POINT('',(31.6714212471044,-73.6511368153878,7.350767326813));
#5371=CARTESIAN_POINT('',(31.4981485554738,-73.7436036075979,7.350767326813));
#5372=CARTESIAN_POINT('',(31.3355051313864,-73.8520231331327,7.350767326813));
#5373=CARTESIAN_POINT('',(31.1714062576718,-73.9614128740874,7.350767326813));
#5374=CARTESIAN_POINT('',(31.0181277392557,-74.0870421387775,7.350767326813));
#5375=CARTESIAN_POINT('',(30.8786741038293,-74.2264958587569,7.350767326813));
#5376=CARTESIAN_POINT('',(30.7392204684029,-74.3659495787364,7.350767326813));
#5377=CARTESIAN_POINT('',(30.6135917159662,-74.5192277540053,7.350767326813));
#5378=CARTESIAN_POINT('',(30.5042017748721,-74.6833266157473,7.350767326813));
#5379=CARTESIAN_POINT('',(30.3957820509732,-74.8459700279684,7.350767326813));
#5380=CARTESIAN_POINT('',(30.303314360587,-75.0192430330586,7.350767326813));
#5381=CARTESIAN_POINT('',(30.2285110491698,-75.1998333980827,7.350767326813));
#5382=CARTESIAN_POINT('',(30.1537077377527,-75.3804237631068,7.350767326813));
#5383=CARTESIAN_POINT('',(30.0965688053044,-75.5683314880648,7.350767326813));
#5384=CARTESIAN_POINT('',(30.0582268915094,-75.7600023598384,7.350767326813));
#5385=CARTESIAN_POINT('',(30.0195418668603,-75.9533884395919,7.350767326813));
#5386=CARTESIAN_POINT('',(29.9999917844408,-76.1506053181677,7.350767326813));
#5387=CARTESIAN_POINT('',(29.9999923334919,-76.3478220931752,7.350767326813));
#5388=CARTESIAN_POINT('',(29.999992882543,-76.5450388681827,7.350767326813));
#5389=CARTESIAN_POINT('',(30.0195440630647,-76.742255539622,7.350767326813));
#5390=CARTESIAN_POINT('',(30.0582284751535,-76.9356419480177,7.350767326813));
#5391=CARTESIAN_POINT('',(30.0965697818214,-77.1273131455187,7.350767326813));
#5392=CARTESIAN_POINT('',(30.1537064266905,-77.315221722521,7.350767326813));
#5393=CARTESIAN_POINT('',(30.2285095102846,-77.49581190492,7.350767326813));
#5394=CARTESIAN_POINT('',(30.3033125938787,-77.676402087319,7.350767326813));
#5395=CARTESIAN_POINT('',(30.3957821161978,-77.8496738751148,7.350767326813));
#5396=CARTESIAN_POINT('',(30.5042023570039,-78.0123171013351,7.350767326813));
#5397=CARTESIAN_POINT('',(30.6135928196308,-78.176415775412,7.350767326813));
#5398=CARTESIAN_POINT('',(30.7392207549334,-78.3296948128497,7.350767326813));
#5399=CARTESIAN_POINT('',(30.8786739487099,-78.4691486329893,7.350767326813));
#5400=CARTESIAN_POINT('',(31.0181271424863,-78.6086024531289,7.350767326813));
#5401=CARTESIAN_POINT('',(31.1714055947366,-78.7342310559703,7.350767326813));
#5402=CARTESIAN_POINT('',(31.3355047571348,-78.843621117246,7.350767326813));
#5403=CARTESIAN_POINT('',(31.4981484673454,-78.9520409602607,7.350767326813));
#5404=CARTESIAN_POINT('',(31.6714217936818,-79.044509034775,7.350767326813));
#5405=CARTESIAN_POINT('',(31.8520119980352,-79.1193118064837,7.350767326813));
#5406=CARTESIAN_POINT('',(31.9616467922051,-79.1647239400432,7.350767326813));
#5407=CARTESIAN_POINT('',(32.0739782963841,-79.2036253461068,7.350767326813));
#5408=CARTESIAN_POINT('',(32.1882115214396,-79.2357631649854,7.350767326813));
#5409=CARTESIAN_POINT('',(33.0000004938436,-73.3478220954944,7.350767326813));
#5410=CARTESIAN_POINT('',(33.0000004938436,-73.3478220954944,8.44214599696381));
#5411=CARTESIAN_POINT('',(33.0000004938436,-73.3478220954944,8.44214599696381));
#5412=CARTESIAN_POINT('',(32.8027817369323,-73.3478220954944,8.44214599696381));
#5413=CARTESIAN_POINT('',(32.6055662595559,-73.3673659590514,8.44214599696381));
#5414=CARTESIAN_POINT('',(32.4121806569826,-73.4060488016304,8.44214599696381));
#5415=CARTESIAN_POINT('',(32.2205102581569,-73.4443885527089,8.44214599696381));
#5416=CARTESIAN_POINT('',(32.0326020984459,-73.5015292879433,8.44214599696381));
#5417=CARTESIAN_POINT('',(31.8520116727752,-73.5763330516656,8.44214599696381));
#5418=CARTESIAN_POINT('',(31.6714212471044,-73.6511368153878,8.44214599696381));
#5419=CARTESIAN_POINT('',(31.4981485554738,-73.7436036075979,8.44214599696381));
#5420=CARTESIAN_POINT('',(31.3355051313864,-73.8520231331327,8.44214599696381));
#5421=CARTESIAN_POINT('',(31.1714062576718,-73.9614128740874,8.44214599696381));
#5422=CARTESIAN_POINT('',(31.0181277392557,-74.0870421387775,8.44214599696381));
#5423=CARTESIAN_POINT('',(30.8786741038293,-74.2264958587569,8.44214599696381));
#5424=CARTESIAN_POINT('',(30.7392204684029,-74.3659495787364,8.44214599696381));
#5425=CARTESIAN_POINT('',(30.6135917159662,-74.5192277540053,8.44214599696381));
#5426=CARTESIAN_POINT('',(30.5042017748721,-74.6833266157473,8.44214599696381));
#5427=CARTESIAN_POINT('',(30.3957820509732,-74.8459700279683,8.44214599696381));
#5428=CARTESIAN_POINT('',(30.303314360587,-75.0192430330586,8.44214599696381));
#5429=CARTESIAN_POINT('',(30.2285110491698,-75.1998333980827,8.44214599696381));
#5430=CARTESIAN_POINT('',(30.1537077377527,-75.3804237631068,8.44214599696381));
#5431=CARTESIAN_POINT('',(30.0965688053044,-75.5683314880648,8.44214599696381));
#5432=CARTESIAN_POINT('',(30.0582268915094,-75.7600023598384,8.44214599696381));
#5433=CARTESIAN_POINT('',(30.0195418668603,-75.9533884395919,8.44214599696381));
#5434=CARTESIAN_POINT('',(29.9999917844408,-76.1506053181677,8.44214599696381));
#5435=CARTESIAN_POINT('',(29.9999923334919,-76.3478220931752,8.44214599696381));
#5436=CARTESIAN_POINT('',(29.999992882543,-76.5450388681827,8.44214599696381));
#5437=CARTESIAN_POINT('',(30.0195440630647,-76.742255539622,8.44214599696381));
#5438=CARTESIAN_POINT('',(30.0582284751536,-76.9356419480177,8.44214599696381));
#5439=CARTESIAN_POINT('',(30.0965697818214,-77.1273131455187,8.44214599696381));
#5440=CARTESIAN_POINT('',(30.1537064266905,-77.315221722521,8.44214599696381));
#5441=CARTESIAN_POINT('',(30.2285095102846,-77.49581190492,8.44214599696381));
#5442=CARTESIAN_POINT('',(30.3033125938787,-77.676402087319,8.44214599696381));
#5443=CARTESIAN_POINT('',(30.3957821161978,-77.8496738751148,8.44214599696381));
#5444=CARTESIAN_POINT('',(30.5042023570039,-78.0123171013351,8.44214599696381));
#5445=CARTESIAN_POINT('',(30.6135928196308,-78.176415775412,8.44214599696381));
#5446=CARTESIAN_POINT('',(30.7392207549334,-78.3296948128497,8.44214599696381));
#5447=CARTESIAN_POINT('',(30.8786739487099,-78.4691486329893,8.44214599696381));
#5448=CARTESIAN_POINT('',(31.0181271424863,-78.6086024531289,8.44214599696381));
#5449=CARTESIAN_POINT('',(31.1714055947366,-78.7342310559703,8.44214599696381));
#5450=CARTESIAN_POINT('',(31.3355047571348,-78.843621117246,8.44214599696381));
#5451=CARTESIAN_POINT('',(31.4981484673454,-78.9520409602607,8.44214599696381));
#5452=CARTESIAN_POINT('',(31.6714217936818,-79.044509034775,8.44214599696381));
#5453=CARTESIAN_POINT('',(31.8520119980352,-79.1193118064837,8.44214599696381));
#5454=CARTESIAN_POINT('',(32.0326022023885,-79.1941145781924,8.44214599696381));
#5455=CARTESIAN_POINT('',(32.2205092847586,-79.2512520470954,8.44214599696381));
#5456=CARTESIAN_POINT('',(32.4121802178537,-79.2895941129946,8.44214599696381));
#5457=CARTESIAN_POINT('',(32.6055663594773,-79.3282792911089,8.44214599696381));
#5458=CARTESIAN_POINT('',(32.8027840164871,-79.3478311716884,8.44214599696381));
#5459=CARTESIAN_POINT('',(33.0000011135617,-79.3478311660524,8.44214599696381));
#5460=CARTESIAN_POINT('',(33.0000011135617,-79.3478311660524,8.44214599696381));
#5461=CARTESIAN_POINT('',(33.0000011135617,-79.3478311660524,7.4385712610207));
#5462=CARTESIAN_POINT('',(32.0233643011376,-20.4349261382696,7.3507673584668));
#5463=CARTESIAN_POINT('',(31.9656043764672,-20.454819075027,7.3507673584543));
#5464=CARTESIAN_POINT('',(31.9084506567086,-20.4764719264457,7.350767358442));
#5465=CARTESIAN_POINT('',(31.8520116727751,-20.4998499566109,7.3507673584299));
#5466=CARTESIAN_POINT('',(31.6714212471043,-20.5746537203332,7.350767358391));
#5467=CARTESIAN_POINT('',(31.4981485554738,-20.6671205125433,7.3507673583537));
#5468=CARTESIAN_POINT('',(31.3355051313864,-20.7755400380781,7.3507673583187));
#5469=CARTESIAN_POINT('',(31.1714062576717,-20.8849297790329,7.3507673582834));
#5470=CARTESIAN_POINT('',(31.0181277392556,-21.0105590437228,7.3507673582504));
#5471=CARTESIAN_POINT('',(30.8786741038292,-21.1500127637023,7.3507673582204));
#5472=CARTESIAN_POINT('',(30.7392204684028,-21.2894664836817,7.3507673581904));
#5473=CARTESIAN_POINT('',(30.6135917159661,-21.4427446589507,7.3507673581633));
#5474=CARTESIAN_POINT('',(30.504201774872,-21.6068435206927,7.3507673581398));
#5475=CARTESIAN_POINT('',(30.3957820509731,-21.7694869329137,7.3507673581164));
#5476=CARTESIAN_POINT('',(30.3033143605869,-21.9427599380039,7.3507673580965));
#5477=CARTESIAN_POINT('',(30.2285110491698,-22.1233503030281,7.3507673580804));
#5478=CARTESIAN_POINT('',(30.1537077377526,-22.3039406680522,7.3507673580643));
#5479=CARTESIAN_POINT('',(30.0965688053043,-22.4918483930101,7.350767358052));
#5480=CARTESIAN_POINT('',(30.0582268915093,-22.6835192647838,7.3507673580438));
#5481=CARTESIAN_POINT('',(30.0195418668603,-22.8769053445373,7.3507673580355));
#5482=CARTESIAN_POINT('',(29.9999917844408,-23.074122223113,7.3507673580313));
#5483=CARTESIAN_POINT('',(29.9999923334919,-23.2713389981206,7.3507673580313));
#5484=CARTESIAN_POINT('',(29.999992882543,-23.4685557731281,7.3507673580313));
#5485=CARTESIAN_POINT('',(30.0195440630646,-23.6657724445674,7.3507673580355));
#5486=CARTESIAN_POINT('',(30.0582284751535,-23.8591588529631,7.3507673580438));
#5487=CARTESIAN_POINT('',(30.0965697818214,-24.0508300504642,7.350767358052));
#5488=CARTESIAN_POINT('',(30.1537064266905,-24.2387386274664,7.3507673580643));
#5489=CARTESIAN_POINT('',(30.2285095102846,-24.4193288098654,7.3507673580804));
#5490=CARTESIAN_POINT('',(30.3033125938788,-24.5999189922644,7.3507673580965));
#5491=CARTESIAN_POINT('',(30.3957821161979,-24.7731907800601,7.3507673581165));
#5492=CARTESIAN_POINT('',(30.5042023570039,-24.9358340062804,7.3507673581398));
#5493=CARTESIAN_POINT('',(30.6135928196308,-25.0999326803573,7.3507673581633));
#5494=CARTESIAN_POINT('',(30.7392207549335,-25.2532117177951,7.3507673581904));
#5495=CARTESIAN_POINT('',(30.8786739487099,-25.3926655379347,7.3507673582204));
#5496=CARTESIAN_POINT('',(31.0181271424864,-25.5321193580742,7.3507673582504));
#5497=CARTESIAN_POINT('',(31.1714055947366,-25.6577479609157,7.3507673582834));
#5498=CARTESIAN_POINT('',(31.3355047571348,-25.7671380221914,7.3507673583187));
#5499=CARTESIAN_POINT('',(31.4981484673453,-25.875557865206,7.3507673583537));
#5500=CARTESIAN_POINT('',(31.6714217936818,-25.9680259397203,7.350767358391));
#5501=CARTESIAN_POINT('',(31.8520119980351,-26.042828711429,7.3507673584299));
#5502=CARTESIAN_POINT('',(32.0326022023884,-26.1176314831377,7.3507673584688));
#5503=CARTESIAN_POINT('',(32.2205092847585,-26.1747689520407,7.3507673585092));
#5504=CARTESIAN_POINT('',(32.4121802178536,-26.2131110179399,7.3507673585505));
#5505=CARTESIAN_POINT('',(32.6055663594773,-26.2517961960543,7.3507673585921));
#5506=CARTESIAN_POINT('',(32.8027840164871,-26.2713480766338,7.3507673586345));
#5507=CARTESIAN_POINT('',(33.0000011135617,-26.2713480709977,7.350767358677));
#5508=CARTESIAN_POINT('',(33.0000004938436,-20.2713390004397,7.478938111252));
#5509=CARTESIAN_POINT('',(32.9009516226429,-20.2713390004397,7.478938111252));
#5510=CARTESIAN_POINT('',(32.8020525949598,-20.2762685798583,7.4750757798821));
#5511=CARTESIAN_POINT('',(32.6055228392462,-20.2957957174626,7.4597762442161));
#5512=CARTESIAN_POINT('',(32.5081694243666,-20.3103651128984,7.4483611054683));
#5513=CARTESIAN_POINT('',(32.4121806569826,-20.3295657065758,7.4333174173596));
#5514=CARTESIAN_POINT('',(32.2790979167404,-20.3561861923941,7.4124602348848));
#5515=CARTESIAN_POINT('',(32.1491441726318,-20.3916066387502,7.3847082728046));
#5516=CARTESIAN_POINT('',(32.0233643011376,-20.4349261382696,7.3507673584668));
#5517=CARTESIAN_POINT('',(33.0000004938436,-20.2713390004397,7.478938111252));
#5518=CARTESIAN_POINT('',(33.0000004938436,-20.2713390004397,8.40945629057557));
#5519=CARTESIAN_POINT('',(33.0000004938436,-20.2713390004397,8.40945629057557));
#5520=CARTESIAN_POINT('',(32.8027817369323,-20.2713390004397,8.40945629057557));
#5521=CARTESIAN_POINT('',(32.605566259556,-20.2908828639967,8.40945629057557));
#5522=CARTESIAN_POINT('',(32.4121806569826,-20.3295657065758,8.40945629057557));
#5523=CARTESIAN_POINT('',(32.220510258157,-20.3679054576543,8.40945629057557));
#5524=CARTESIAN_POINT('',(32.0326020984459,-20.4250461928887,8.40945629057557));
#5525=CARTESIAN_POINT('',(31.8520116727751,-20.4998499566109,8.40945629057557));
#5526=CARTESIAN_POINT('',(31.6714212471043,-20.5746537203332,8.40945629057557));
#5527=CARTESIAN_POINT('',(31.4981485554738,-20.6671205125433,8.40945629057557));
#5528=CARTESIAN_POINT('',(31.3355051313864,-20.7755400380781,8.40945629057557));
#5529=CARTESIAN_POINT('',(31.1714062576718,-20.8849297790328,8.40945629057557));
#5530=CARTESIAN_POINT('',(31.0181277392556,-21.0105590437228,8.40945629057557));
#5531=CARTESIAN_POINT('',(30.8786741038292,-21.1500127637023,8.40945629057557));
#5532=CARTESIAN_POINT('',(30.7392204684028,-21.2894664836817,8.40945629057557));
#5533=CARTESIAN_POINT('',(30.6135917159661,-21.4427446589507,8.40945629057557));
#5534=CARTESIAN_POINT('',(30.504201774872,-21.6068435206927,8.40945629057557));
#5535=CARTESIAN_POINT('',(30.3957820509731,-21.7694869329137,8.40945629057557));
#5536=CARTESIAN_POINT('',(30.303314360587,-21.9427599380039,8.40945629057557));
#5537=CARTESIAN_POINT('',(30.2285110491698,-22.123350303028,8.40945629057557));
#5538=CARTESIAN_POINT('',(30.1537077377526,-22.3039406680521,8.40945629057557));
#5539=CARTESIAN_POINT('',(30.0965688053044,-22.4918483930101,8.40945629057557));
#5540=CARTESIAN_POINT('',(30.0582268915093,-22.6835192647838,8.40945629057557));
#5541=CARTESIAN_POINT('',(30.0195418668603,-22.8769053445373,8.40945629057557));
#5542=CARTESIAN_POINT('',(29.9999917844408,-23.074122223113,8.40945629057557));
#5543=CARTESIAN_POINT('',(29.9999923334919,-23.2713389981205,8.40945629057557));
#5544=CARTESIAN_POINT('',(29.999992882543,-23.4685557731281,8.40945629057557));
#5545=CARTESIAN_POINT('',(30.0195440630646,-23.6657724445674,8.40945629057557));
#5546=CARTESIAN_POINT('',(30.0582284751535,-23.8591588529631,8.40945629057557));
#5547=CARTESIAN_POINT('',(30.0965697818214,-24.0508300504642,8.40945629057557));
#5548=CARTESIAN_POINT('',(30.1537064266905,-24.2387386274664,8.40945629057557));
#5549=CARTESIAN_POINT('',(30.2285095102847,-24.4193288098654,8.40945629057557));
#5550=CARTESIAN_POINT('',(30.3033125938788,-24.5999189922643,8.40945629057557));
#5551=CARTESIAN_POINT('',(30.3957821161979,-24.7731907800601,8.40945629057557));
#5552=CARTESIAN_POINT('',(30.5042023570039,-24.9358340062804,8.40945629057557));
#5553=CARTESIAN_POINT('',(30.6135928196308,-25.0999326803573,8.40945629057557));
#5554=CARTESIAN_POINT('',(30.7392207549335,-25.2532117177951,8.40945629057557));
#5555=CARTESIAN_POINT('',(30.8786739487099,-25.3926655379346,8.40945629057557));
#5556=CARTESIAN_POINT('',(31.0181271424864,-25.5321193580742,8.40945629057557));
#5557=CARTESIAN_POINT('',(31.1714055947366,-25.6577479609157,8.40945629057557));
#5558=CARTESIAN_POINT('',(31.3355047571348,-25.7671380221914,8.40945629057557));
#5559=CARTESIAN_POINT('',(31.4981484673454,-25.875557865206,8.40945629057557));
#5560=CARTESIAN_POINT('',(31.6714217936818,-25.9680259397203,8.40945629057557));
#5561=CARTESIAN_POINT('',(31.8520119980351,-26.042828711429,8.40945629057557));
#5562=CARTESIAN_POINT('',(32.0326022023884,-26.1176314831377,8.40945629057557));
#5563=CARTESIAN_POINT('',(32.2205092847585,-26.1747689520407,8.40945629057557));
#5564=CARTESIAN_POINT('',(32.4121802178536,-26.2131110179399,8.40945629057557));
#5565=CARTESIAN_POINT('',(32.6055663594773,-26.2517961960543,8.40945629057557));
#5566=CARTESIAN_POINT('',(32.8027840164871,-26.2713480766338,8.40945629057557));
#5567=CARTESIAN_POINT('',(33.0000011135617,-26.2713480709977,8.40945629057557));
#5568=CARTESIAN_POINT('',(33.0000011135617,-26.2713480709977,8.40945629057557));
#5569=CARTESIAN_POINT('',(33.0000011135617,-26.2713480709977,7.350767358677));
#5570=CARTESIAN_POINT('',(31.523840948029,-76.6141921300337,9.85076739312411));
#5571=CARTESIAN_POINT('',(31.3993066129292,-75.9240523856845,9.85076739312411));
#5572=CARTESIAN_POINT('',(31.8490106911501,-75.3859372405894,9.85076739312411));
#5573=CARTESIAN_POINT('',(32.2987147693709,-74.8478220954944,9.85076739312411));
#5574=CARTESIAN_POINT('',(33.0000004938436,-74.8478220954944,9.85076739312411));
#5575=CARTESIAN_POINT('',(33.0000004938436,-77.8478220954944,9.8507673931242));
#5576=CARTESIAN_POINT('',(31.7464470053757,-77.8478220954944,9.85076739312422));
#5577=CARTESIAN_POINT('',(31.523840948029,-76.6141921300337,9.85076739312411));
#5578=CARTESIAN_POINT('',(33.0000004938436,-74.8478220954944,8.44214599696381));
#5579=CARTESIAN_POINT('',(31.5000004938436,-74.8478220954944,8.44214599696381));
#5580=CARTESIAN_POINT('',(31.5000004938436,-76.3478220954944,8.44214599696381));
#5581=CARTESIAN_POINT('',(31.5000004938436,-77.8478220954944,8.44214599696381));
#5582=CARTESIAN_POINT('',(33.0000004938436,-77.8478220954944,8.44214599696381));
#5583=CARTESIAN_POINT('',(-36.4746204002651,-76.6141921300337,9.85076739312411));
#5584=CARTESIAN_POINT('',(-36.5991547353649,-75.9240523856845,9.85076739312411));
#5585=CARTESIAN_POINT('',(-36.1494506571441,-75.3859372405894,9.85076739312411));
#5586=CARTESIAN_POINT('',(-35.6997465789232,-74.8478220954944,9.85076739312411));
#5587=CARTESIAN_POINT('',(-34.9984608544505,-74.8478220954944,9.85076739312411));
#5588=CARTESIAN_POINT('',(-34.9984608544506,-77.8478220954944,9.8507673931242));
#5589=CARTESIAN_POINT('',(-36.2520143429185,-77.8478220954945,9.85076739312421));
#5590=CARTESIAN_POINT('',(-36.4746204002651,-76.6141921300337,9.85076739312411));
#5591=CARTESIAN_POINT('',(-34.9984608544505,-74.8478220954944,8.44214599696381));
#5592=CARTESIAN_POINT('',(-36.4984608544505,-74.8478220954944,8.4421459969638));
#5593=CARTESIAN_POINT('',(-36.4984608544505,-76.3478220954944,8.4421459969638));
#5594=CARTESIAN_POINT('',(-36.4984608544505,-77.8478220954944,8.4421459969638));
#5595=CARTESIAN_POINT('',(-34.9984608544505,-77.8478220954944,8.44214599696381));
#5596=CARTESIAN_POINT('',(31.5139130008202,-23.0675156379925,9.85076739312411));
#5597=CARTESIAN_POINT('',(31.6916892635448,-21.7713390004398,9.85076739312411));
#5598=CARTESIAN_POINT('',(33.0000004938436,-21.7713390004397,9.85076739312411));
#5599=CARTESIAN_POINT('',(33.0000004938436,-24.7713390004397,9.85076739312411));
#5600=CARTESIAN_POINT('',(32.317915212056,-24.7713390004397,9.85076739312411));
#5601=CARTESIAN_POINT('',(31.8695724679015,-24.2573067880294,9.85076739312411));
#5602=CARTESIAN_POINT('',(31.4212297237471,-23.7432745756192,9.85076739312411));
#5603=CARTESIAN_POINT('',(31.5139130008202,-23.0675156379925,9.85076739312411));
#5604=CARTESIAN_POINT('',(33.0000004938436,-21.7713390004397,8.40945629057557));
#5605=CARTESIAN_POINT('',(31.5000004938436,-21.7713390004397,8.40945629057557));
#5606=CARTESIAN_POINT('',(31.5000004938436,-23.2713390004397,8.40945629057557));
#5607=CARTESIAN_POINT('',(31.5000004938436,-24.7713390004397,8.40945629057557));
#5608=CARTESIAN_POINT('',(33.0000004938436,-24.7713390004397,8.40945629057557));
#5609=CARTESIAN_POINT('',(-36.484711052625,-23.0675156379925,9.85076739312411));
#5610=CARTESIAN_POINT('',(-36.3078296968491,-21.7701491703269,9.85076739312412));
#5611=CARTESIAN_POINT('',(-34.9984608544505,-21.7701491703269,9.85076739312411));
#5612=CARTESIAN_POINT('',(-34.9984608544505,-24.7701491703269,9.85076739312411));
#5613=CARTESIAN_POINT('',(-35.6801838646404,-24.7701491703269,9.85076739312411));
#5614=CARTESIAN_POINT('',(-36.1284941058422,-24.2565693904913,9.85076739312411));
#5615=CARTESIAN_POINT('',(-36.576804347044,-23.7429896106557,9.85076739312411));
#5616=CARTESIAN_POINT('',(-36.484711052625,-23.0675156379925,9.85076739312411));
#5617=CARTESIAN_POINT('',(-34.9984608544505,-21.7701491703269,8.40945629057557));
#5618=CARTESIAN_POINT('',(-36.4984608544505,-21.7701491703269,8.40945629057558));
#5619=CARTESIAN_POINT('',(-36.4984608544505,-23.2701491703269,8.40945629057558));
#5620=CARTESIAN_POINT('',(-36.4984608544505,-24.7701491703269,8.40945629057558));
#5621=CARTESIAN_POINT('',(-34.9984608544505,-24.7701491703269,8.40945629057557));
#5622=CARTESIAN_POINT('',(-34.9984608544505,-20.2701491703269,8.40945629057557));
#5623=CARTESIAN_POINT('',(-34.8012420975392,-20.2701491703269,8.40945629057557));
#5624=CARTESIAN_POINT('',(-34.6040266076796,-20.2896932527266,8.40945629057557));
#5625=CARTESIAN_POINT('',(-34.4106410104355,-20.3283760003065,8.40945629057557));
#5626=CARTESIAN_POINT('',(-34.2189706168918,-20.3667156572285,8.40945629057557));
#5627=CARTESIAN_POINT('',(-34.0310624799606,-20.4238559900069,8.40945629057557));
#5628=CARTESIAN_POINT('',(-33.8504720462409,-20.4986599107858,8.40945629057557));
#5629=CARTESIAN_POINT('',(-33.6698816125211,-20.5734638315647,8.40945629057557));
#5630=CARTESIAN_POINT('',(-33.4966088820128,-20.665931340344,8.40945629057557));
#5631=CARTESIAN_POINT('',(-33.3339654631841,-20.7743506403048,8.40945629057557));
#5632=CARTESIAN_POINT('',(-33.1698665947752,-20.883740153667,8.40945629057557));
#5633=CARTESIAN_POINT('',(-33.0165881265948,-21.0093682316839,8.40945629057557));
#5634=CARTESIAN_POINT('',(-32.8771345554858,-21.1488218746943,8.40945629057557));
#5635=CARTESIAN_POINT('',(-32.7376809843767,-21.2882755177047,8.40945629057557));
#5636=CARTESIAN_POINT('',(-32.612052310339,-21.4415547257086,8.40945629057557));
#5637=CARTESIAN_POINT('',(-32.5026622095213,-21.6056539303433,8.40945629057557));
#5638=CARTESIAN_POINT('',(-32.3942423273153,-21.7682976824158,8.40945629057557));
#5639=CARTESIAN_POINT('',(-32.3017742447048,-21.9415703496976,8.40945629057557));
#5640=CARTESIAN_POINT('',(-32.2269712345695,-22.1221604536004,8.40945629057557));
#5641=CARTESIAN_POINT('',(-32.1521682244343,-22.3027505575032,8.40945629057557));
#5642=CARTESIAN_POINT('',(-32.0950302867743,-22.4906580980269,8.40945629057557));
#5643=CARTESIAN_POINT('',(-32.0566882212659,-22.6823289767053,8.40945629057557));
#5644=CARTESIAN_POINT('',(-32.0180030435457,-22.8757150634254,8.40945629057557));
#5645=CARTESIAN_POINT('',(-31.9984516409421,-23.0729321437465,8.40945629057557));
#5646=CARTESIAN_POINT('',(-31.9984520862296,-23.2701491808667,8.40945629057557));
#5647=CARTESIAN_POINT('',(-31.9984525315171,-23.4673662179869,8.40945629057557));
#5648=CARTESIAN_POINT('',(-32.0180048246957,-23.664583211906,8.40945629057557));
#5649=CARTESIAN_POINT('',(-32.0566893674606,-23.8579692421765,8.40945629057557));
#5650=CARTESIAN_POINT('',(-32.0950308036454,-24.049640064906,8.40945629057557));
#5651=CARTESIAN_POINT('',(-32.1521666133922,-24.2375475789043,8.40945629057557));
#5652=CARTESIAN_POINT('',(-32.2269693952798,-24.4181378782258,8.40945629057557));
#5653=CARTESIAN_POINT('',(-32.3017721771673,-24.5987281775474,8.40945629057557));
#5654=CARTESIAN_POINT('',(-32.3942419311956,-24.7720012621922,8.40945629057557));
#5655=CARTESIAN_POINT('',(-32.5026625245934,-24.934644682767,8.40945629057557));
#5656=CARTESIAN_POINT('',(-32.6120533429672,-25.0987435529375,8.40945629057557));
#5657=CARTESIAN_POINT('',(-32.7376817570724,-25.252021664154,8.40945629057557));
#5658=CARTESIAN_POINT('',(-32.8771347110364,-25.3914753348017,8.40945629057557));
#5659=CARTESIAN_POINT('',(-33.0165876650003,-25.5309290054494,8.40945629057557));
#5660=CARTESIAN_POINT('',(-33.169865158823,-25.6565582355283,8.40945629057557));
#5661=CARTESIAN_POINT('',(-33.3339641740342,-25.7659484585338,8.40945629057557));
#5662=CARTESIAN_POINT('',(-33.4966077383632,-25.8743684618437,8.40945629057557));
#5663=CARTESIAN_POINT('',(-33.6698817157323,-25.9668362393666,8.40945629057557));
#5664=CARTESIAN_POINT('',(-33.8504723748656,-26.0416388847661,8.40945629057557));
#5665=CARTESIAN_POINT('',(-34.0310630339989,-26.1164415301655,8.40945629057557));
#5666=CARTESIAN_POINT('',(-34.2189703748964,-26.1735790434415,8.40945629057557));
#5667=CARTESIAN_POINT('',(-34.4106408853342,-26.2119211371872,8.40945629057557));
#5668=CARTESIAN_POINT('',(-34.6040266005183,-26.2506063433972,8.40945629057557));
#5669=CARTESIAN_POINT('',(-34.8012431376578,-26.2701582352489,8.40945629057557));
#5670=CARTESIAN_POINT('',(-34.9984602347324,-26.2701582408849,8.40945629057557));
#5671=CARTESIAN_POINT('',(-34.0183760907852,-20.4349261382696,7.3507673599689));
#5672=CARTESIAN_POINT('',(-34.1452269166706,-20.391065659013,7.3851321310766));
#5673=CARTESIAN_POINT('',(-34.2763394745643,-20.3552402160792,7.4132014084598));
#5674=CARTESIAN_POINT('',(-34.4106410104355,-20.3283760003065,7.4342495536453));
#5675=CARTESIAN_POINT('',(-34.5066297869146,-20.3091754514344,7.4492932066491));
#5676=CARTESIAN_POINT('',(-34.6039832074655,-20.294606026448,7.4607083685499));
#5677=CARTESIAN_POINT('',(-34.8005129483222,-20.2750788053463,7.4760079696361));
#5678=CARTESIAN_POINT('',(-34.8994119792001,-20.2701491703269,7.4798703445693));
#5679=CARTESIAN_POINT('',(-34.9984608544505,-20.2701491703269,7.4798703445693));
#5680=CARTESIAN_POINT('',(-34.9984602347324,-26.2701582408849,7.3507673599689));
#5681=CARTESIAN_POINT('',(-34.8012431376578,-26.2701582352489,7.350767359969));
#5682=CARTESIAN_POINT('',(-34.6040266005183,-26.2506063433972,7.350767359969));
#5683=CARTESIAN_POINT('',(-34.4106408853342,-26.2119211371872,7.350767359969));
#5684=CARTESIAN_POINT('',(-34.2189703748964,-26.1735790434415,7.350767359969));
#5685=CARTESIAN_POINT('',(-34.0310630339989,-26.1164415301655,7.3507673599689));
#5686=CARTESIAN_POINT('',(-33.8504723748656,-26.0416388847661,7.3507673599689));
#5687=CARTESIAN_POINT('',(-33.6698817157323,-25.9668362393666,7.3507673599689));
#5688=CARTESIAN_POINT('',(-33.4966077383632,-25.8743684618437,7.3507673599689));
#5689=CARTESIAN_POINT('',(-33.3339641740342,-25.7659484585338,7.3507673599689));
#5690=CARTESIAN_POINT('',(-33.169865158823,-25.6565582355283,7.3507673599689));
#5691=CARTESIAN_POINT('',(-33.0165876650003,-25.5309290054494,7.3507673599689));
#5692=CARTESIAN_POINT('',(-32.8771347110364,-25.3914753348017,7.3507673599689));
#5693=CARTESIAN_POINT('',(-32.7376817570724,-25.252021664154,7.3507673599689));
#5694=CARTESIAN_POINT('',(-32.6120533429672,-25.0987435529375,7.3507673599689));
#5695=CARTESIAN_POINT('',(-32.5026625245934,-24.934644682767,7.3507673599689));
#5696=CARTESIAN_POINT('',(-32.3942419311956,-24.7720012621922,7.3507673599689));
#5697=CARTESIAN_POINT('',(-32.3017721771673,-24.5987281775474,7.3507673599689));
#5698=CARTESIAN_POINT('',(-32.2269693952797,-24.4181378782258,7.3507673599689));
#5699=CARTESIAN_POINT('',(-32.1521666133922,-24.2375475789043,7.3507673599689));
#5700=CARTESIAN_POINT('',(-32.0950308036454,-24.049640064906,7.3507673599689));
#5701=CARTESIAN_POINT('',(-32.0566893674606,-23.8579692421765,7.3507673599689));
#5702=CARTESIAN_POINT('',(-32.0180048246957,-23.664583211906,7.3507673599689));
#5703=CARTESIAN_POINT('',(-31.9984525315171,-23.4673662179869,7.3507673599689));
#5704=CARTESIAN_POINT('',(-31.9984520862296,-23.2701491808667,7.3507673599689));
#5705=CARTESIAN_POINT('',(-31.9984516409421,-23.0729321437465,7.3507673599689));
#5706=CARTESIAN_POINT('',(-32.0180030435457,-22.8757150634254,7.3507673599689));
#5707=CARTESIAN_POINT('',(-32.0566882212658,-22.6823289767053,7.3507673599689));
#5708=CARTESIAN_POINT('',(-32.0950302867743,-22.4906580980269,7.3507673599689));
#5709=CARTESIAN_POINT('',(-32.1521682244343,-22.3027505575032,7.3507673599689));
#5710=CARTESIAN_POINT('',(-32.2269712345695,-22.1221604536004,7.3507673599689));
#5711=CARTESIAN_POINT('',(-32.3017742447048,-21.9415703496976,7.3507673599689));
#5712=CARTESIAN_POINT('',(-32.3942423273153,-21.7682976824158,7.3507673599689));
#5713=CARTESIAN_POINT('',(-32.5026622095213,-21.6056539303433,7.3507673599689));
#5714=CARTESIAN_POINT('',(-32.612052310339,-21.4415547257086,7.3507673599689));
#5715=CARTESIAN_POINT('',(-32.7376809843767,-21.2882755177047,7.3507673599689));
#5716=CARTESIAN_POINT('',(-32.8771345554858,-21.1488218746943,7.3507673599689));
#5717=CARTESIAN_POINT('',(-33.0165881265948,-21.0093682316839,7.3507673599689));
#5718=CARTESIAN_POINT('',(-33.1698665947752,-20.883740153667,7.3507673599689));
#5719=CARTESIAN_POINT('',(-33.3339654631841,-20.7743506403048,7.3507673599689));
#5720=CARTESIAN_POINT('',(-33.4966088820128,-20.665931340344,7.3507673599689));
#5721=CARTESIAN_POINT('',(-33.6698816125211,-20.5734638315647,7.3507673599689));
#5722=CARTESIAN_POINT('',(-33.8504720462409,-20.4986599107858,7.3507673599689));
#5723=CARTESIAN_POINT('',(-33.9057875588042,-20.4757471953423,7.3507673599689));
#5724=CARTESIAN_POINT('',(-33.9617896324651,-20.4544917119585,7.3507673599689));
#5725=CARTESIAN_POINT('',(-34.0183760907852,-20.4349261382696,7.3507673599689));
#5726=CARTESIAN_POINT('',(-34.9984608544505,-73.3478220954944,8.44214599696381));
#5727=CARTESIAN_POINT('',(-34.8012420975392,-73.3478220954944,8.44214599696381));
#5728=CARTESIAN_POINT('',(-34.6040266076796,-73.3673661778941,8.44214599696381));
#5729=CARTESIAN_POINT('',(-34.4106410104355,-73.406048925474,8.44214599696381));
#5730=CARTESIAN_POINT('',(-34.2189706168918,-73.4443885823959,8.44214599696381));
#5731=CARTESIAN_POINT('',(-34.0310624799606,-73.5015289151743,8.44214599696381));
#5732=CARTESIAN_POINT('',(-33.8504720462408,-73.5763328359532,8.44214599696381));
#5733=CARTESIAN_POINT('',(-33.6698816125211,-73.6511367567321,8.44214599696381));
#5734=CARTESIAN_POINT('',(-33.4966088820128,-73.7436042655115,8.44214599696381));
#5735=CARTESIAN_POINT('',(-33.3339654631841,-73.8520235654723,8.44214599696381));
#5736=CARTESIAN_POINT('',(-33.1698665947752,-73.9614130788345,8.44214599696381));
#5737=CARTESIAN_POINT('',(-33.0165881265948,-74.0870411568513,8.44214599696381));
#5738=CARTESIAN_POINT('',(-32.8771345554858,-74.2264947998617,8.44214599696381));
#5739=CARTESIAN_POINT('',(-32.7376809843767,-74.3659484428721,8.44214599696381));
#5740=CARTESIAN_POINT('',(-32.6120523103391,-74.519227650876,8.44214599696381));
#5741=CARTESIAN_POINT('',(-32.5026622095213,-74.6833268555107,8.44214599696381));
#5742=CARTESIAN_POINT('',(-32.3942423273153,-74.8459706075831,8.44214599696381));
#5743=CARTESIAN_POINT('',(-32.3017742447047,-75.019243274865,8.44214599696381));
#5744=CARTESIAN_POINT('',(-32.2269712345695,-75.1998333787678,8.44214599696381));
#5745=CARTESIAN_POINT('',(-32.1521682244342,-75.3804234826706,8.44214599696381));
#5746=CARTESIAN_POINT('',(-32.0950302867743,-75.5683310231944,8.44214599696381));
#5747=CARTESIAN_POINT('',(-32.0566882212658,-75.7600019018728,8.44214599696381));
#5748=CARTESIAN_POINT('',(-32.0180030435457,-75.9533879885928,8.44214599696381));
#5749=CARTESIAN_POINT('',(-31.9984516409421,-76.150605068914,8.44214599696381));
#5750=CARTESIAN_POINT('',(-31.9984520862296,-76.3478221060342,8.44214599696381));
#5751=CARTESIAN_POINT('',(-31.9984525315171,-76.5450391431544,8.44214599696381));
#5752=CARTESIAN_POINT('',(-32.0180048246957,-76.7422561370736,8.44214599696381));
#5753=CARTESIAN_POINT('',(-32.0566893674606,-76.9356421673441,8.44214599696381));
#5754=CARTESIAN_POINT('',(-32.0950308036454,-77.1273129900735,8.44214599696381));
#5755=CARTESIAN_POINT('',(-32.1521666133922,-77.3152205040718,8.44214599696381));
#5756=CARTESIAN_POINT('',(-32.2269693952798,-77.4958108033933,8.44214599696381));
#5757=CARTESIAN_POINT('',(-32.3017721771674,-77.6764011027148,8.44214599696381));
#5758=CARTESIAN_POINT('',(-32.3942419311957,-77.8496741873597,8.44214599696381));
#5759=CARTESIAN_POINT('',(-32.5026625245935,-78.0123176079344,8.44214599696381));
#5760=CARTESIAN_POINT('',(-32.6120533429673,-78.1764164781049,8.44214599696381));
#5761=CARTESIAN_POINT('',(-32.7376817570725,-78.3296945893214,8.44214599696381));
#5762=CARTESIAN_POINT('',(-32.8771347110365,-78.4691482599691,8.44214599696381));
#5763=CARTESIAN_POINT('',(-33.0165876650004,-78.6086019306169,8.44214599696381));
#5764=CARTESIAN_POINT('',(-33.169865158823,-78.7342311606958,8.44214599696381));
#5765=CARTESIAN_POINT('',(-33.3339641740342,-78.8436213837013,8.44214599696381));
#5766=CARTESIAN_POINT('',(-33.4966077383633,-78.9520413870113,8.44214599696381));
#5767=CARTESIAN_POINT('',(-33.6698817157322,-79.0445091645341,8.44214599696381));
#5768=CARTESIAN_POINT('',(-33.8504723748655,-79.1193118099336,8.44214599696381));
#5769=CARTESIAN_POINT('',(-34.0310630339988,-79.194114455333,8.44214599696381));
#5770=CARTESIAN_POINT('',(-34.2189703748964,-79.251251968609,8.44214599696381));
#5771=CARTESIAN_POINT('',(-34.4106408853342,-79.2895940623547,8.44214599696381));
#5772=CARTESIAN_POINT('',(-34.6040266005183,-79.3282792685647,8.44214599696381));
#5773=CARTESIAN_POINT('',(-34.8012431376578,-79.3478311604163,8.44214599696381));
#5774=CARTESIAN_POINT('',(-34.9984602347324,-79.3478311660523,8.44214599696381));
#5775=CARTESIAN_POINT('',(-34.1866726845667,-79.2357631649858,7.350767326813));
#5776=CARTESIAN_POINT('',(-34.0724393389326,-79.2036253234665,7.350767326813));
#5777=CARTESIAN_POINT('',(-33.9601075358291,-79.1647239043809,7.350767326813));
#5778=CARTESIAN_POINT('',(-33.8504723748655,-79.1193118099336,7.350767326813));
#5779=CARTESIAN_POINT('',(-33.6698817157322,-79.0445091645341,7.350767326813));
#5780=CARTESIAN_POINT('',(-33.4966077383633,-78.9520413870113,7.350767326813));
#5781=CARTESIAN_POINT('',(-33.3339641740342,-78.8436213837013,7.350767326813));
#5782=CARTESIAN_POINT('',(-33.169865158823,-78.7342311606958,7.350767326813));
#5783=CARTESIAN_POINT('',(-33.0165876650004,-78.6086019306169,7.350767326813));
#5784=CARTESIAN_POINT('',(-32.8771347110365,-78.4691482599691,7.350767326813));
#5785=CARTESIAN_POINT('',(-32.7376817570725,-78.3296945893214,7.350767326813));
#5786=CARTESIAN_POINT('',(-32.6120533429673,-78.1764164781049,7.350767326813));
#5787=CARTESIAN_POINT('',(-32.5026625245935,-78.0123176079344,7.350767326813));
#5788=CARTESIAN_POINT('',(-32.3942419311957,-77.8496741873597,7.350767326813));
#5789=CARTESIAN_POINT('',(-32.3017721771674,-77.6764011027148,7.350767326813));
#5790=CARTESIAN_POINT('',(-32.2269693952798,-77.4958108033933,7.350767326813));
#5791=CARTESIAN_POINT('',(-32.1521666133922,-77.3152205040718,7.350767326813));
#5792=CARTESIAN_POINT('',(-32.0950308036454,-77.1273129900736,7.350767326813));
#5793=CARTESIAN_POINT('',(-32.0566893674606,-76.9356421673441,7.350767326813));
#5794=CARTESIAN_POINT('',(-32.0180048246957,-76.7422561370736,7.350767326813));
#5795=CARTESIAN_POINT('',(-31.9984525315171,-76.5450391431544,7.350767326813));
#5796=CARTESIAN_POINT('',(-31.9984520862296,-76.3478221060342,7.350767326813));
#5797=CARTESIAN_POINT('',(-31.9984516409421,-76.150605068914,7.350767326813));
#5798=CARTESIAN_POINT('',(-32.0180030435457,-75.9533879885928,7.350767326813));
#5799=CARTESIAN_POINT('',(-32.0566882212658,-75.7600019018728,7.350767326813));
#5800=CARTESIAN_POINT('',(-32.0950302867743,-75.5683310231944,7.350767326813));
#5801=CARTESIAN_POINT('',(-32.1521682244342,-75.3804234826706,7.350767326813));
#5802=CARTESIAN_POINT('',(-32.2269712345695,-75.1998333787678,7.350767326813));
#5803=CARTESIAN_POINT('',(-32.3017742447047,-75.019243274865,7.350767326813));
#5804=CARTESIAN_POINT('',(-32.3942423273153,-74.8459706075831,7.350767326813));
#5805=CARTESIAN_POINT('',(-32.5026622095213,-74.6833268555107,7.350767326813));
#5806=CARTESIAN_POINT('',(-32.6120523103391,-74.519227650876,7.350767326813));
#5807=CARTESIAN_POINT('',(-32.7376809843767,-74.3659484428721,7.350767326813));
#5808=CARTESIAN_POINT('',(-32.8771345554858,-74.2264947998617,7.350767326813));
#5809=CARTESIAN_POINT('',(-33.0165881265948,-74.0870411568513,7.350767326813));
#5810=CARTESIAN_POINT('',(-33.1698665947752,-73.9614130788345,7.350767326813));
#5811=CARTESIAN_POINT('',(-33.3339654631841,-73.8520235654723,7.350767326813));
#5812=CARTESIAN_POINT('',(-33.4966088820128,-73.7436042655115,7.350767326813));
#5813=CARTESIAN_POINT('',(-33.6698816125211,-73.6511367567321,7.350767326813));
#5814=CARTESIAN_POINT('',(-33.8504720462408,-73.5763328359532,7.350767326813));
#5815=CARTESIAN_POINT('',(-34.0310624799606,-73.5015289151743,7.350767326813));
#5816=CARTESIAN_POINT('',(-34.2189706168918,-73.444388582396,7.350767326813));
#5817=CARTESIAN_POINT('',(-34.4106410104355,-73.406048925474,7.350767326813));
#5818=CARTESIAN_POINT('',(-34.6040266076796,-73.3673661778941,7.350767326813));
#5819=CARTESIAN_POINT('',(-34.8012420975392,-73.3478220954944,7.350767326813));
#5820=CARTESIAN_POINT('',(-34.9984608544505,-73.3478220954944,7.350767326813));
#5821=CARTESIAN_POINT('',(-34.9984602347324,-79.3478311660523,7.4385713719458));
#5822=CARTESIAN_POINT('',(-34.8994111471399,-79.3478311632217,7.438571369728));
#5823=CARTESIAN_POINT('',(-34.8005118399876,-79.3428994530353,7.4347073662913));
#5824=CARTESIAN_POINT('',(-34.6039826468433,-79.3233676898396,7.4194041961414));
#5825=CARTESIAN_POINT('',(-34.5066292720674,-79.3087957419152,7.4079870498105));
#5826=CARTESIAN_POINT('',(-34.4106408853342,-79.2895940623547,7.3929425007581));
#5827=CARTESIAN_POINT('',(-34.3349465624166,-79.2744520417136,7.3810787014706));
#5828=CARTESIAN_POINT('',(-34.2602280529225,-79.2564565115408,7.3669791725436));
#5829=CARTESIAN_POINT('',(-34.1866726845667,-79.2357631649858,7.350767326813));
#5830=CARTESIAN_POINT('',(33.0000004938436,-73.3478220954944,8.44214599696381));
#5831=CARTESIAN_POINT('',(33.1972192507549,-73.3478220954944,8.44214599696381));
#5832=CARTESIAN_POINT('',(33.3944347406146,-73.3673661778941,8.44214599696381));
#5833=CARTESIAN_POINT('',(33.5878203378587,-73.406048925474,8.44214599696381));
#5834=CARTESIAN_POINT('',(33.7794907314024,-73.4443885823959,8.44214599696381));
#5835=CARTESIAN_POINT('',(33.9673988683335,-73.5015289151743,8.44214599696381));
#5836=CARTESIAN_POINT('',(34.1479893020532,-73.5763328359532,8.44214599696381));
#5837=CARTESIAN_POINT('',(34.328579735773,-73.6511367567321,8.44214599696381));
#5838=CARTESIAN_POINT('',(34.5018524662814,-73.7436042655115,8.44214599696381));
#5839=CARTESIAN_POINT('',(34.6644958851101,-73.8520235654722,8.44214599696381));
#5840=CARTESIAN_POINT('',(34.8285947535189,-73.9614130788344,8.44214599696381));
#5841=CARTESIAN_POINT('',(34.9818732216993,-74.0870411568513,8.44214599696381));
#5842=CARTESIAN_POINT('',(35.1213267928083,-74.2264947998617,8.44214599696381));
#5843=CARTESIAN_POINT('',(35.2607803639173,-74.3659484428721,8.44214599696381));
#5844=CARTESIAN_POINT('',(35.386409037955,-74.519227650876,8.44214599696381));
#5845=CARTESIAN_POINT('',(35.4957991387728,-74.6833268555107,8.44214599696381));
#5846=CARTESIAN_POINT('',(35.6042190209788,-74.8459706075831,8.44214599696381));
#5847=CARTESIAN_POINT('',(35.6966871035893,-75.019243274865,8.44214599696381));
#5848=CARTESIAN_POINT('',(35.7714901137246,-75.1998333787678,8.44214599696381));
#5849=CARTESIAN_POINT('',(35.8462931238598,-75.3804234826706,8.44214599696381));
#5850=CARTESIAN_POINT('',(35.9034310615198,-75.5683310231944,8.44214599696381));
#5851=CARTESIAN_POINT('',(35.9417731270283,-75.7600019018728,8.44214599696381));
#5852=CARTESIAN_POINT('',(35.9804583047484,-75.9533879885928,8.44214599696381));
#5853=CARTESIAN_POINT('',(36.000009707352,-76.150605068914,8.44214599696381));
#5854=CARTESIAN_POINT('',(36.0000092620645,-76.3478221060342,8.44214599696381));
#5855=CARTESIAN_POINT('',(36.000008816777,-76.5450391431543,8.44214599696381));
#5856=CARTESIAN_POINT('',(35.9804565235984,-76.7422561370735,8.44214599696381));
#5857=CARTESIAN_POINT('',(35.9417719808336,-76.935642167344,8.44214599696381));
#5858=CARTESIAN_POINT('',(35.9034305446487,-77.1273129900735,8.44214599696381));
#5859=CARTESIAN_POINT('',(35.8462947349019,-77.3152205040718,8.44214599696381));
#5860=CARTESIAN_POINT('',(35.7714919530143,-77.4958108033933,8.44214599696381));
#5861=CARTESIAN_POINT('',(35.6966891711267,-77.6764011027148,8.44214599696381));
#5862=CARTESIAN_POINT('',(35.6042194170984,-77.8496741873596,8.44214599696381));
#5863=CARTESIAN_POINT('',(35.4957988237007,-78.0123176079344,8.44214599696381));
#5864=CARTESIAN_POINT('',(35.3864080053269,-78.1764164781049,8.44214599696381));
#5865=CARTESIAN_POINT('',(35.2607795912216,-78.3296945893214,8.44214599696381));
#5866=CARTESIAN_POINT('',(35.1213266372577,-78.4691482599691,8.44214599696381));
#5867=CARTESIAN_POINT('',(34.9818736832938,-78.6086019306169,8.44214599696381));
#5868=CARTESIAN_POINT('',(34.8285961894712,-78.7342311606958,8.44214599696381));
#5869=CARTESIAN_POINT('',(34.66449717426,-78.8436213837013,8.44214599696381));
#5870=CARTESIAN_POINT('',(34.501853609931,-78.9520413870112,8.44214599696381));
#5871=CARTESIAN_POINT('',(34.3285796325619,-79.0445091645341,8.44214599696381));
#5872=CARTESIAN_POINT('',(34.1479889734286,-79.1193118099335,8.44214599696381));
#5873=CARTESIAN_POINT('',(33.9673983142953,-79.194114455333,8.44214599696381));
#5874=CARTESIAN_POINT('',(33.7794909733977,-79.251251968609,8.44214599696381));
#5875=CARTESIAN_POINT('',(33.5878204629599,-79.2895940623547,8.44214599696381));
#5876=CARTESIAN_POINT('',(33.3944347477758,-79.3282792685647,8.44214599696381));
#5877=CARTESIAN_POINT('',(33.1972182106363,-79.3478311604163,8.44214599696381));
#5878=CARTESIAN_POINT('',(33.0000011135617,-79.3478311660524,8.44214599696381));
#5879=CARTESIAN_POINT('',(33.8117886637264,-79.2357631649861,7.350767326813));
#5880=CARTESIAN_POINT('',(33.9260220093609,-79.2036253234667,7.350767326813));
#5881=CARTESIAN_POINT('',(34.0383538124647,-79.164723904381,7.350767326813));
#5882=CARTESIAN_POINT('',(34.1479889734286,-79.1193118099335,7.350767326813));
#5883=CARTESIAN_POINT('',(34.3285796325619,-79.0445091645341,7.350767326813));
#5884=CARTESIAN_POINT('',(34.501853609931,-78.9520413870112,7.350767326813));
#5885=CARTESIAN_POINT('',(34.66449717426,-78.8436213837013,7.350767326813));
#5886=CARTESIAN_POINT('',(34.8285961894712,-78.7342311606958,7.350767326813));
#5887=CARTESIAN_POINT('',(34.9818736832938,-78.6086019306169,7.350767326813));
#5888=CARTESIAN_POINT('',(35.1213266372577,-78.4691482599692,7.350767326813));
#5889=CARTESIAN_POINT('',(35.2607795912216,-78.3296945893214,7.350767326813));
#5890=CARTESIAN_POINT('',(35.3864080053269,-78.1764164781049,7.350767326813));
#5891=CARTESIAN_POINT('',(35.4957988237007,-78.0123176079344,7.350767326813));
#5892=CARTESIAN_POINT('',(35.6042194170984,-77.8496741873596,7.350767326813));
#5893=CARTESIAN_POINT('',(35.6966891711267,-77.6764011027148,7.350767326813));
#5894=CARTESIAN_POINT('',(35.7714919530143,-77.4958108033933,7.350767326813));
#5895=CARTESIAN_POINT('',(35.8462947349019,-77.3152205040718,7.350767326813));
#5896=CARTESIAN_POINT('',(35.9034305446487,-77.1273129900735,7.350767326813));
#5897=CARTESIAN_POINT('',(35.9417719808336,-76.935642167344,7.350767326813));
#5898=CARTESIAN_POINT('',(35.9804565235984,-76.7422561370735,7.350767326813));
#5899=CARTESIAN_POINT('',(36.000008816777,-76.5450391431543,7.350767326813));
#5900=CARTESIAN_POINT('',(36.0000092620645,-76.3478221060342,7.350767326813));
#5901=CARTESIAN_POINT('',(36.000009707352,-76.150605068914,7.350767326813));
#5902=CARTESIAN_POINT('',(35.9804583047484,-75.9533879885928,7.350767326813));
#5903=CARTESIAN_POINT('',(35.9417731270283,-75.7600019018728,7.350767326813));
#5904=CARTESIAN_POINT('',(35.9034310615198,-75.5683310231944,7.350767326813));
#5905=CARTESIAN_POINT('',(35.8462931238598,-75.3804234826706,7.350767326813));
#5906=CARTESIAN_POINT('',(35.7714901137246,-75.1998333787678,7.350767326813));
#5907=CARTESIAN_POINT('',(35.6966871035893,-75.019243274865,7.350767326813));
#5908=CARTESIAN_POINT('',(35.6042190209788,-74.8459706075832,7.350767326813));
#5909=CARTESIAN_POINT('',(35.4957991387728,-74.6833268555107,7.350767326813));
#5910=CARTESIAN_POINT('',(35.386409037955,-74.519227650876,7.350767326813));
#5911=CARTESIAN_POINT('',(35.2607803639173,-74.3659484428721,7.350767326813));
#5912=CARTESIAN_POINT('',(35.1213267928083,-74.2264947998617,7.350767326813));
#5913=CARTESIAN_POINT('',(34.9818732216993,-74.0870411568513,7.350767326813));
#5914=CARTESIAN_POINT('',(34.8285947535189,-73.9614130788344,7.350767326813));
#5915=CARTESIAN_POINT('',(34.6644958851101,-73.8520235654722,7.350767326813));
#5916=CARTESIAN_POINT('',(34.5018524662814,-73.7436042655115,7.350767326813));
#5917=CARTESIAN_POINT('',(34.328579735773,-73.6511367567321,7.350767326813));
#5918=CARTESIAN_POINT('',(34.1479893020532,-73.5763328359532,7.350767326813));
#5919=CARTESIAN_POINT('',(33.9673988683335,-73.5015289151743,7.350767326813));
#5920=CARTESIAN_POINT('',(33.7794907314024,-73.4443885823959,7.350767326813));
#5921=CARTESIAN_POINT('',(33.5878203378587,-73.406048925474,7.350767326813));
#5922=CARTESIAN_POINT('',(33.3944347406146,-73.3673661778941,7.350767326813));
#5923=CARTESIAN_POINT('',(33.1972192507549,-73.3478220954944,7.350767326813));
#5924=CARTESIAN_POINT('',(33.0000004938436,-73.3478220954944,7.350767326813));
#5925=CARTESIAN_POINT('',(33.0000011135617,-79.3478311660524,7.4385712610207));
#5926=CARTESIAN_POINT('',(33.0990502011543,-79.3478311632218,7.4385712606341));
#5927=CARTESIAN_POINT('',(33.1979495083065,-79.3428994530354,7.4347072590258));
#5928=CARTESIAN_POINT('',(33.3944787014509,-79.3233676898397,7.4194040925092));
#5929=CARTESIAN_POINT('',(33.4918320762267,-79.3087957419153,7.4079869479782));
#5930=CARTESIAN_POINT('',(33.58782046296,-79.2895940623548,7.3929424007003));
#5931=CARTESIAN_POINT('',(33.6635147858767,-79.274452041714,7.3810786028124));
#5932=CARTESIAN_POINT('',(33.7382332953685,-79.2564565115417,7.3669790752672));
#5933=CARTESIAN_POINT('',(33.8117886637264,-79.2357631649861,7.350767326813));
#5934=CARTESIAN_POINT('',(33.0000004938436,-20.2713390004397,8.40945629057557));
#5935=CARTESIAN_POINT('',(33.1972192507549,-20.2713390004397,8.40945629057557));
#5936=CARTESIAN_POINT('',(33.3944347406146,-20.2908830828394,8.40945629057557));
#5937=CARTESIAN_POINT('',(33.5878203378586,-20.3295658304193,8.40945629057557));
#5938=CARTESIAN_POINT('',(33.7794907314024,-20.3679054873413,8.40945629057557));
#5939=CARTESIAN_POINT('',(33.9673988683335,-20.4250458201197,8.40945629057557));
#5940=CARTESIAN_POINT('',(34.1479893020532,-20.4998497408986,8.40945629057557));
#5941=CARTESIAN_POINT('',(34.328579735773,-20.5746536616774,8.40945629057557));
#5942=CARTESIAN_POINT('',(34.5018524662814,-20.6671211704568,8.40945629057557));
#5943=CARTESIAN_POINT('',(34.6644958851101,-20.7755404704176,8.40945629057557));
#5944=CARTESIAN_POINT('',(34.828594753519,-20.8849299837798,8.40945629057557));
#5945=CARTESIAN_POINT('',(34.9818732216993,-21.0105580617967,8.40945629057557));
#5946=CARTESIAN_POINT('',(35.1213267928083,-21.1500117048071,8.40945629057557));
#5947=CARTESIAN_POINT('',(35.2607803639173,-21.2894653478175,8.40945629057557));
#5948=CARTESIAN_POINT('',(35.386409037955,-21.4427445558214,8.40945629057557));
#5949=CARTESIAN_POINT('',(35.4957991387728,-21.6068437604561,8.40945629057557));
#5950=CARTESIAN_POINT('',(35.6042190209788,-21.7694875125285,8.40945629057557));
#5951=CARTESIAN_POINT('',(35.6966871035894,-21.9427601798104,8.40945629057557));
#5952=CARTESIAN_POINT('',(35.7714901137247,-22.1233502837132,8.40945629057557));
#5953=CARTESIAN_POINT('',(35.8462931238599,-22.303940387616,8.40945629057557));
#5954=CARTESIAN_POINT('',(35.9034310615198,-22.4918479281397,8.40945629057557));
#5955=CARTESIAN_POINT('',(35.9417731270283,-22.6835188068181,8.40945629057557));
#5956=CARTESIAN_POINT('',(35.9804583047484,-22.8769048935382,8.40945629057557));
#5957=CARTESIAN_POINT('',(36.0000097073521,-23.0741219738593,8.40945629057557));
#5958=CARTESIAN_POINT('',(36.0000092620646,-23.2713390109795,8.40945629057557));
#5959=CARTESIAN_POINT('',(36.0000088167771,-23.4685560480997,8.40945629057557));
#5960=CARTESIAN_POINT('',(35.9804565235984,-23.6657730420189,8.40945629057557));
#5961=CARTESIAN_POINT('',(35.9417719808336,-23.8591590722894,8.40945629057557));
#5962=CARTESIAN_POINT('',(35.9034305446487,-24.0508298950189,8.40945629057557));
#5963=CARTESIAN_POINT('',(35.8462947349019,-24.2387374090171,8.40945629057557));
#5964=CARTESIAN_POINT('',(35.7714919530143,-24.4193277083386,8.40945629057557));
#5965=CARTESIAN_POINT('',(35.6966891711268,-24.5999180076602,8.40945629057557));
#5966=CARTESIAN_POINT('',(35.6042194170985,-24.773191092305,8.40945629057557));
#5967=CARTESIAN_POINT('',(35.4957988237007,-24.9358345128797,8.40945629057557));
#5968=CARTESIAN_POINT('',(35.3864080053269,-25.0999333830503,8.40945629057557));
#5969=CARTESIAN_POINT('',(35.2607795912216,-25.2532114942668,8.40945629057557));
#5970=CARTESIAN_POINT('',(35.1213266372577,-25.3926651649145,8.40945629057557));
#5971=CARTESIAN_POINT('',(34.9818736832938,-25.5321188355622,8.40945629057557));
#5972=CARTESIAN_POINT('',(34.8285961894712,-25.6577480656411,8.40945629057557));
#5973=CARTESIAN_POINT('',(34.66449717426,-25.7671382886466,8.40945629057557));
#5974=CARTESIAN_POINT('',(34.501853609931,-25.8755582919565,8.40945629057557));
#5975=CARTESIAN_POINT('',(34.3285796325619,-25.9680260694794,8.40945629057557));
#5976=CARTESIAN_POINT('',(34.1479889734286,-26.0428287148789,8.40945629057557));
#5977=CARTESIAN_POINT('',(33.9673983142952,-26.1176313602783,8.40945629057557));
#5978=CARTESIAN_POINT('',(33.7794909733977,-26.1747688735543,8.40945629057557));
#5979=CARTESIAN_POINT('',(33.5878204629599,-26.2131109673,8.40945629057557));
#5980=CARTESIAN_POINT('',(33.3944347477758,-26.25179617351,8.40945629057557));
#5981=CARTESIAN_POINT('',(33.1972182106363,-26.2713480653616,8.40945629057557));
#5982=CARTESIAN_POINT('',(33.0000011135617,-26.2713480709977,8.40945629057557));
#5983=CARTESIAN_POINT('',(33.9766373284768,-20.4349261382696,7.35076735888721));
#5984=CARTESIAN_POINT('',(33.8508572362377,-20.3916066022374,7.38470830141241));
#5985=CARTESIAN_POINT('',(33.7209033029108,-20.3561862965639,7.41246015326761));
#5986=CARTESIAN_POINT('',(33.5878203378586,-20.3295658304193,7.43331732032801));
#5987=CARTESIAN_POINT('',(33.4918315613794,-20.3103652815472,7.4483609733318));
#5988=CARTESIAN_POINT('',(33.3944781408287,-20.2957958565608,7.4597761352325));
#5989=CARTESIAN_POINT('',(33.1979483999719,-20.2762686354592,7.4750757363188));
#5990=CARTESIAN_POINT('',(33.0990493690941,-20.2713390004397,7.478938111252));
#5991=CARTESIAN_POINT('',(33.0000004938436,-20.2713390004397,7.478938111252));
#5992=CARTESIAN_POINT('',(33.0000011135617,-26.2713480709977,7.350767358677));
#5993=CARTESIAN_POINT('',(33.1972182106363,-26.2713480653616,7.3507673587194));
#5994=CARTESIAN_POINT('',(33.3944347477758,-26.25179617351,7.3507673587619));
#5995=CARTESIAN_POINT('',(33.5878204629599,-26.2131109673,7.3507673588035));
#5996=CARTESIAN_POINT('',(33.7794909733977,-26.1747688735543,7.3507673588448));
#5997=CARTESIAN_POINT('',(33.9673983142952,-26.1176313602783,7.3507673588852));
#5998=CARTESIAN_POINT('',(34.1479889734285,-26.0428287148789,7.3507673589241));
#5999=CARTESIAN_POINT('',(34.3285796325619,-25.9680260694795,7.350767358963));
#6000=CARTESIAN_POINT('',(34.501853609931,-25.8755582919565,7.3507673590003));
#6001=CARTESIAN_POINT('',(34.66449717426,-25.7671382886466,7.3507673590353));
#6002=CARTESIAN_POINT('',(34.8285961894712,-25.6577480656411,7.3507673590706));
#6003=CARTESIAN_POINT('',(34.9818736832938,-25.5321188355622,7.3507673591036));
#6004=CARTESIAN_POINT('',(35.1213266372577,-25.3926651649145,7.3507673591336));
#6005=CARTESIAN_POINT('',(35.2607795912216,-25.2532114942668,7.3507673591636));
#6006=CARTESIAN_POINT('',(35.3864080053269,-25.0999333830503,7.3507673591907));
#6007=CARTESIAN_POINT('',(35.4957988237007,-24.9358345128798,7.3507673592142));
#6008=CARTESIAN_POINT('',(35.6042194170984,-24.773191092305,7.3507673592375));
#6009=CARTESIAN_POINT('',(35.6966891711268,-24.5999180076602,7.3507673592574));
#6010=CARTESIAN_POINT('',(35.7714919530143,-24.4193277083387,7.3507673592735));
#6011=CARTESIAN_POINT('',(35.8462947349019,-24.2387374090171,7.3507673592896));
#6012=CARTESIAN_POINT('',(35.9034305446487,-24.0508298950189,7.3507673593019));
#6013=CARTESIAN_POINT('',(35.9417719808335,-23.8591590722894,7.3507673593102));
#6014=CARTESIAN_POINT('',(35.9804565235984,-23.6657730420189,7.35076735931851));
#6015=CARTESIAN_POINT('',(36.000008816777,-23.4685560480997,7.35076735932271));
#6016=CARTESIAN_POINT('',(36.0000092620645,-23.2713390109795,7.35076735932271));
#6017=CARTESIAN_POINT('',(36.0000097073521,-23.0741219738593,7.35076735932271));
#6018=CARTESIAN_POINT('',(35.9804583047484,-22.8769048935382,7.35076735931851));
#6019=CARTESIAN_POINT('',(35.9417731270283,-22.6835188068181,7.35076735931021));
#6020=CARTESIAN_POINT('',(35.9034310615198,-22.4918479281397,7.35076735930191));
#6021=CARTESIAN_POINT('',(35.8462931238599,-22.303940387616,7.35076735928961));
#6022=CARTESIAN_POINT('',(35.7714901137246,-22.1233502837132,7.35076735927351));
#6023=CARTESIAN_POINT('',(35.6966871035894,-21.9427601798104,7.35076735925741));
#6024=CARTESIAN_POINT('',(35.6042190209788,-21.7694875125285,7.35076735923751));
#6025=CARTESIAN_POINT('',(35.4957991387728,-21.6068437604561,7.35076735921421));
#6026=CARTESIAN_POINT('',(35.386409037955,-21.4427445558214,7.35076735919061));
#6027=CARTESIAN_POINT('',(35.2607803639173,-21.2894653478175,7.35076735916361));
#6028=CARTESIAN_POINT('',(35.1213267928083,-21.1500117048071,7.35076735913361));
#6029=CARTESIAN_POINT('',(34.9818732216993,-21.0105580617967,7.35076735910361));
#6030=CARTESIAN_POINT('',(34.828594753519,-20.8849299837798,7.35076735907061));
#6031=CARTESIAN_POINT('',(34.6644958851101,-20.7755404704176,7.35076735903521));
#6032=CARTESIAN_POINT('',(34.5018524662814,-20.6671211704568,7.35076735900021));
#6033=CARTESIAN_POINT('',(34.328579735773,-20.5746536616775,7.35076735896291));
#6034=CARTESIAN_POINT('',(34.1479893020532,-20.4998497408986,7.35076735892411));
#6035=CARTESIAN_POINT('',(34.0915505288709,-20.4764717499883,7.35076735891191));
#6036=CARTESIAN_POINT('',(34.0343970282761,-20.4548189794348,7.35076735889961));
#6037=CARTESIAN_POINT('',(33.9766373284768,-20.4349261382696,7.35076735888721));
#6038=CARTESIAN_POINT('',(0.,0.,0.));
ENDSEC;
END-ISO-10303-21;
