ISO-10303-21;
HEADER;
/* Generated by software containing ST-Developer
 * from STEP Tools, Inc. (www.steptools.com) 
 */
/* OPTION: using custom schema-name function */

FILE_DESCRIPTION(
/* description */ (''),
/* implementation_level */ '2;1');

FILE_NAME(
/* name */ 'skif',
/* time_stamp */ '2026-06-22T17:15:30+03:00',
/* author */ (''),
/* organization */ (''),
/* preprocessor_version */ 'ST-DEVELOPER v16.5',
/* originating_system */ 'Rhino 7.13',
/* authorisation */ '');

FILE_SCHEMA (('CONFIG_CONTROL_DESIGN'));
ENDSEC;

DATA;
#10=SHAPE_REPRESENTATION_RELATIONSHIP('','',#2167,#12);
#11=MANIFOLD_SOLID_BREP('brep_1',#13);
#12=ADVANCED_BREP_SHAPE_REPRESENTATION('brep_rep_0',(#11,#2268),#2166);
#13=CLOSED_SHELL('',(#14,#15,#16,#17,#18,#19,#20,#21,#22,#23,#24,#25,#26,
#27,#28,#29,#30,#31,#32,#33,#34,#35,#36,#37,#38,#39,#40,#41,#42,#43,#44,
#45,#46,#47,#48,#49,#50,#51,#52,#53,#54,#55,#56,#57,#58,#59,#60,#61,#62,
#63,#64,#65,#66,#67,#68,#69,#70,#71,#72,#73,#74,#75,#76,#77,#78,#79,#80,
#81,#82,#83,#84,#85,#86,#87,#88,#89,#90,#91,#92,#93,#94,#95,#96,#97,#98,
#99,#100,#101,#102,#103,#104,#105,#106,#107,#108,#109,#110,#111,#112,#113,
#114,#115,#116,#117,#118,#119,#120,#121,#122,#123,#124,#125,#126,#127,#128,
#129,#130,#131,#132,#133,#134,#135));
#14=ADVANCED_FACE('',(#165,#136),#2059,.T.);
#15=ADVANCED_FACE('',(#166),#2008,.T.);
#16=ADVANCED_FACE('',(#167),#2009,.T.);
#17=ADVANCED_FACE('',(#168,#137),#2060,.T.);
#18=ADVANCED_FACE('',(#169,#138),#2061,.T.);
#19=ADVANCED_FACE('',(#170),#2062,.T.);
#20=ADVANCED_FACE('',(#171,#139),#2010,.T.);
#21=ADVANCED_FACE('',(#172,#140),#2011,.T.);
#22=ADVANCED_FACE('',(#173,#141),#1960,.F.);
#23=ADVANCED_FACE('',(#174),#2012,.T.);
#24=ADVANCED_FACE('',(#175,#142),#2063,.T.);
#25=ADVANCED_FACE('',(#176),#1961,.T.);
#26=ADVANCED_FACE('',(#177),#1962,.F.);
#27=ADVANCED_FACE('',(#178),#1963,.F.);
#28=ADVANCED_FACE('',(#179,#143),#2013,.T.);
#29=ADVANCED_FACE('',(#180),#1964,.F.);
#30=ADVANCED_FACE('',(#181,#144),#2064,.T.);
#31=ADVANCED_FACE('',(#182),#2014,.T.);
#32=ADVANCED_FACE('',(#183),#2015,.T.);
#33=ADVANCED_FACE('',(#184),#2065,.T.);
#34=ADVANCED_FACE('',(#185,#145),#2066,.T.);
#35=ADVANCED_FACE('',(#186,#146),#2016,.T.);
#36=ADVANCED_FACE('',(#187,#147),#2017,.T.);
#37=ADVANCED_FACE('',(#188,#148),#2067,.T.);
#38=ADVANCED_FACE('',(#189),#1965,.F.);
#39=ADVANCED_FACE('',(#190),#1966,.F.);
#40=ADVANCED_FACE('',(#191),#2018,.T.);
#41=ADVANCED_FACE('',(#192,#149),#2068,.T.);
#42=ADVANCED_FACE('',(#193),#1967,.F.);
#43=ADVANCED_FACE('',(#194),#1968,.F.);
#44=ADVANCED_FACE('',(#195,#150),#2019,.T.);
#45=ADVANCED_FACE('',(#196),#1969,.F.);
#46=ADVANCED_FACE('',(#197),#2069,.T.);
#47=ADVANCED_FACE('',(#198),#1970,.F.);
#48=ADVANCED_FACE('',(#199),#2020,.T.);
#49=ADVANCED_FACE('',(#200),#2021,.T.);
#50=ADVANCED_FACE('',(#201),#2022,.T.);
#51=ADVANCED_FACE('',(#202,#151),#2023,.T.);
#52=ADVANCED_FACE('',(#203,#152),#2024,.T.);
#53=ADVANCED_FACE('',(#204),#2025,.T.);
#54=ADVANCED_FACE('',(#205),#2070,.T.);
#55=ADVANCED_FACE('',(#206),#2026,.T.);
#56=ADVANCED_FACE('',(#207),#2071,.T.);
#57=ADVANCED_FACE('',(#208),#2027,.T.);
#58=ADVANCED_FACE('',(#209),#1971,.F.);
#59=ADVANCED_FACE('',(#210),#1972,.F.);
#60=ADVANCED_FACE('',(#211),#1973,.F.);
#61=ADVANCED_FACE('',(#212),#1974,.F.);
#62=ADVANCED_FACE('',(#213),#2028,.T.);
#63=ADVANCED_FACE('',(#214),#1975,.F.);
#64=ADVANCED_FACE('',(#215),#1976,.F.);
#65=ADVANCED_FACE('',(#216),#2072,.T.);
#66=ADVANCED_FACE('',(#217),#2073,.T.);
#67=ADVANCED_FACE('',(#218),#1977,.F.);
#68=ADVANCED_FACE('',(#219),#1978,.F.);
#69=ADVANCED_FACE('',(#220),#1979,.F.);
#70=ADVANCED_FACE('',(#221),#1980,.F.);
#71=ADVANCED_FACE('',(#222,#153,#154),#1959,.T.);
#72=ADVANCED_FACE('',(#223),#2029,.T.);
#73=ADVANCED_FACE('',(#224),#2030,.T.);
#74=ADVANCED_FACE('',(#225),#1981,.F.);
#75=ADVANCED_FACE('',(#226),#1982,.F.);
#76=ADVANCED_FACE('',(#227),#1983,.F.);
#77=ADVANCED_FACE('',(#228),#1984,.F.);
#78=ADVANCED_FACE('',(#229,#155),#2031,.T.);
#79=ADVANCED_FACE('',(#230),#2032,.T.);
#80=ADVANCED_FACE('',(#231),#2074,.T.);
#81=ADVANCED_FACE('',(#232),#2033,.T.);
#82=ADVANCED_FACE('',(#233),#2075,.T.);
#83=ADVANCED_FACE('',(#234),#2034,.T.);
#84=ADVANCED_FACE('',(#235),#1985,.F.);
#85=ADVANCED_FACE('',(#236),#1986,.F.);
#86=ADVANCED_FACE('',(#237),#1987,.F.);
#87=ADVANCED_FACE('',(#238),#1988,.F.);
#88=ADVANCED_FACE('',(#239,#156),#2035,.T.);
#89=ADVANCED_FACE('',(#240),#2036,.T.);
#90=ADVANCED_FACE('',(#241),#2076,.T.);
#91=ADVANCED_FACE('',(#242),#1989,.F.);
#92=ADVANCED_FACE('',(#243),#2037,.T.);
#93=ADVANCED_FACE('',(#244),#2038,.T.);
#94=ADVANCED_FACE('',(#245),#2077,.T.);
#95=ADVANCED_FACE('',(#246),#2039,.T.);
#96=ADVANCED_FACE('',(#247),#2078,.T.);
#97=ADVANCED_FACE('',(#248,#157),#2040,.T.);
#98=ADVANCED_FACE('',(#249),#2041,.T.);
#99=ADVANCED_FACE('',(#250),#2042,.T.);
#100=ADVANCED_FACE('',(#251,#158),#2043,.T.);
#101=ADVANCED_FACE('',(#252),#2044,.T.);
#102=ADVANCED_FACE('',(#253,#159),#2045,.T.);
#103=ADVANCED_FACE('',(#254),#1990,.F.);
#104=ADVANCED_FACE('',(#255),#2046,.T.);
#105=ADVANCED_FACE('',(#256),#2047,.T.);
#106=ADVANCED_FACE('',(#257),#1991,.F.);
#107=ADVANCED_FACE('',(#258),#2048,.T.);
#108=ADVANCED_FACE('',(#259),#2079,.T.);
#109=ADVANCED_FACE('',(#260),#2049,.T.);
#110=ADVANCED_FACE('',(#261),#2080,.T.);
#111=ADVANCED_FACE('',(#262),#2050,.T.);
#112=ADVANCED_FACE('',(#263),#2051,.T.);
#113=ADVANCED_FACE('',(#264),#2052,.T.);
#114=ADVANCED_FACE('',(#265),#2053,.T.);
#115=ADVANCED_FACE('',(#266,#160),#2054,.T.);
#116=ADVANCED_FACE('',(#267),#1992,.F.);
#117=ADVANCED_FACE('',(#268),#1993,.F.);
#118=ADVANCED_FACE('',(#269),#1994,.F.);
#119=ADVANCED_FACE('',(#270),#1995,.F.);
#120=ADVANCED_FACE('',(#271),#1996,.F.);
#121=ADVANCED_FACE('',(#272),#1997,.F.);
#122=ADVANCED_FACE('',(#273),#1998,.F.);
#123=ADVANCED_FACE('',(#274),#1999,.T.);
#124=ADVANCED_FACE('',(#275,#161),#2000,.F.);
#125=ADVANCED_FACE('',(#276),#2001,.T.);
#126=ADVANCED_FACE('',(#277),#2002,.T.);
#127=ADVANCED_FACE('',(#278,#162),#2003,.F.);
#128=ADVANCED_FACE('',(#279),#2004,.T.);
#129=ADVANCED_FACE('',(#280),#2005,.F.);
#130=ADVANCED_FACE('',(#281,#163),#2055,.T.);
#131=ADVANCED_FACE('',(#282,#164),#2056,.T.);
#132=ADVANCED_FACE('',(#283),#2057,.T.);
#133=ADVANCED_FACE('',(#284),#2058,.T.);
#134=ADVANCED_FACE('',(#285),#2006,.F.);
#135=ADVANCED_FACE('',(#286),#2007,.F.);
#136=FACE_BOUND('',#288,.T.);
#137=FACE_BOUND('',#292,.T.);
#138=FACE_BOUND('',#294,.T.);
#139=FACE_BOUND('',#297,.T.);
#140=FACE_BOUND('',#299,.T.);
#141=FACE_BOUND('',#301,.T.);
#142=FACE_BOUND('',#304,.T.);
#143=FACE_BOUND('',#309,.T.);
#144=FACE_BOUND('',#312,.T.);
#145=FACE_BOUND('',#317,.T.);
#146=FACE_BOUND('',#319,.T.);
#147=FACE_BOUND('',#321,.T.);
#148=FACE_BOUND('',#323,.T.);
#149=FACE_BOUND('',#328,.T.);
#150=FACE_BOUND('',#332,.T.);
#151=FACE_BOUND('',#340,.T.);
#152=FACE_BOUND('',#342,.T.);
#153=FACE_BOUND('',#362,.T.);
#154=FACE_BOUND('',#363,.T.);
#155=FACE_BOUND('',#371,.T.);
#156=FACE_BOUND('',#382,.T.);
#157=FACE_BOUND('',#392,.T.);
#158=FACE_BOUND('',#396,.T.);
#159=FACE_BOUND('',#399,.T.);
#160=FACE_BOUND('',#413,.T.);
#161=FACE_BOUND('',#423,.T.);
#162=FACE_BOUND('',#427,.T.);
#163=FACE_BOUND('',#431,.T.);
#164=FACE_BOUND('',#433,.T.);
#165=FACE_OUTER_BOUND('',#287,.T.);
#166=FACE_OUTER_BOUND('',#289,.T.);
#167=FACE_OUTER_BOUND('',#290,.T.);
#168=FACE_OUTER_BOUND('',#291,.T.);
#169=FACE_OUTER_BOUND('',#293,.T.);
#170=FACE_OUTER_BOUND('',#295,.T.);
#171=FACE_OUTER_BOUND('',#296,.T.);
#172=FACE_OUTER_BOUND('',#298,.T.);
#173=FACE_OUTER_BOUND('',#300,.T.);
#174=FACE_OUTER_BOUND('',#302,.T.);
#175=FACE_OUTER_BOUND('',#303,.T.);
#176=FACE_OUTER_BOUND('',#305,.T.);
#177=FACE_OUTER_BOUND('',#306,.T.);
#178=FACE_OUTER_BOUND('',#307,.T.);
#179=FACE_OUTER_BOUND('',#308,.T.);
#180=FACE_OUTER_BOUND('',#310,.T.);
#181=FACE_OUTER_BOUND('',#311,.T.);
#182=FACE_OUTER_BOUND('',#313,.T.);
#183=FACE_OUTER_BOUND('',#314,.T.);
#184=FACE_OUTER_BOUND('',#315,.T.);
#185=FACE_OUTER_BOUND('',#316,.T.);
#186=FACE_OUTER_BOUND('',#318,.T.);
#187=FACE_OUTER_BOUND('',#320,.T.);
#188=FACE_OUTER_BOUND('',#322,.T.);
#189=FACE_OUTER_BOUND('',#324,.T.);
#190=FACE_OUTER_BOUND('',#325,.T.);
#191=FACE_OUTER_BOUND('',#326,.T.);
#192=FACE_OUTER_BOUND('',#327,.T.);
#193=FACE_OUTER_BOUND('',#329,.T.);
#194=FACE_OUTER_BOUND('',#330,.T.);
#195=FACE_OUTER_BOUND('',#331,.T.);
#196=FACE_OUTER_BOUND('',#333,.T.);
#197=FACE_OUTER_BOUND('',#334,.T.);
#198=FACE_OUTER_BOUND('',#335,.T.);
#199=FACE_OUTER_BOUND('',#336,.T.);
#200=FACE_OUTER_BOUND('',#337,.T.);
#201=FACE_OUTER_BOUND('',#338,.T.);
#202=FACE_OUTER_BOUND('',#339,.T.);
#203=FACE_OUTER_BOUND('',#341,.T.);
#204=FACE_OUTER_BOUND('',#343,.T.);
#205=FACE_OUTER_BOUND('',#344,.T.);
#206=FACE_OUTER_BOUND('',#345,.T.);
#207=FACE_OUTER_BOUND('',#346,.T.);
#208=FACE_OUTER_BOUND('',#347,.T.);
#209=FACE_OUTER_BOUND('',#348,.T.);
#210=FACE_OUTER_BOUND('',#349,.T.);
#211=FACE_OUTER_BOUND('',#350,.T.);
#212=FACE_OUTER_BOUND('',#351,.T.);
#213=FACE_OUTER_BOUND('',#352,.T.);
#214=FACE_OUTER_BOUND('',#353,.T.);
#215=FACE_OUTER_BOUND('',#354,.T.);
#216=FACE_OUTER_BOUND('',#355,.T.);
#217=FACE_OUTER_BOUND('',#356,.T.);
#218=FACE_OUTER_BOUND('',#357,.T.);
#219=FACE_OUTER_BOUND('',#358,.T.);
#220=FACE_OUTER_BOUND('',#359,.T.);
#221=FACE_OUTER_BOUND('',#360,.T.);
#222=FACE_OUTER_BOUND('',#361,.T.);
#223=FACE_OUTER_BOUND('',#364,.T.);
#224=FACE_OUTER_BOUND('',#365,.T.);
#225=FACE_OUTER_BOUND('',#366,.T.);
#226=FACE_OUTER_BOUND('',#367,.T.);
#227=FACE_OUTER_BOUND('',#368,.T.);
#228=FACE_OUTER_BOUND('',#369,.T.);
#229=FACE_OUTER_BOUND('',#370,.T.);
#230=FACE_OUTER_BOUND('',#372,.T.);
#231=FACE_OUTER_BOUND('',#373,.T.);
#232=FACE_OUTER_BOUND('',#374,.T.);
#233=FACE_OUTER_BOUND('',#375,.T.);
#234=FACE_OUTER_BOUND('',#376,.T.);
#235=FACE_OUTER_BOUND('',#377,.T.);
#236=FACE_OUTER_BOUND('',#378,.T.);
#237=FACE_OUTER_BOUND('',#379,.T.);
#238=FACE_OUTER_BOUND('',#380,.T.);
#239=FACE_OUTER_BOUND('',#381,.T.);
#240=FACE_OUTER_BOUND('',#383,.T.);
#241=FACE_OUTER_BOUND('',#384,.T.);
#242=FACE_OUTER_BOUND('',#385,.T.);
#243=FACE_OUTER_BOUND('',#386,.T.);
#244=FACE_OUTER_BOUND('',#387,.T.);
#245=FACE_OUTER_BOUND('',#388,.T.);
#246=FACE_OUTER_BOUND('',#389,.T.);
#247=FACE_OUTER_BOUND('',#390,.T.);
#248=FACE_OUTER_BOUND('',#391,.T.);
#249=FACE_OUTER_BOUND('',#393,.T.);
#250=FACE_OUTER_BOUND('',#394,.T.);
#251=FACE_OUTER_BOUND('',#395,.T.);
#252=FACE_OUTER_BOUND('',#397,.T.);
#253=FACE_OUTER_BOUND('',#398,.T.);
#254=FACE_OUTER_BOUND('',#400,.T.);
#255=FACE_OUTER_BOUND('',#401,.T.);
#256=FACE_OUTER_BOUND('',#402,.T.);
#257=FACE_OUTER_BOUND('',#403,.T.);
#258=FACE_OUTER_BOUND('',#404,.T.);
#259=FACE_OUTER_BOUND('',#405,.T.);
#260=FACE_OUTER_BOUND('',#406,.T.);
#261=FACE_OUTER_BOUND('',#407,.T.);
#262=FACE_OUTER_BOUND('',#408,.T.);
#263=FACE_OUTER_BOUND('',#409,.T.);
#264=FACE_OUTER_BOUND('',#410,.T.);
#265=FACE_OUTER_BOUND('',#411,.T.);
#266=FACE_OUTER_BOUND('',#412,.T.);
#267=FACE_OUTER_BOUND('',#414,.T.);
#268=FACE_OUTER_BOUND('',#415,.T.);
#269=FACE_OUTER_BOUND('',#416,.T.);
#270=FACE_OUTER_BOUND('',#417,.T.);
#271=FACE_OUTER_BOUND('',#418,.T.);
#272=FACE_OUTER_BOUND('',#419,.T.);
#273=FACE_OUTER_BOUND('',#420,.T.);
#274=FACE_OUTER_BOUND('',#421,.T.);
#275=FACE_OUTER_BOUND('',#422,.T.);
#276=FACE_OUTER_BOUND('',#424,.T.);
#277=FACE_OUTER_BOUND('',#425,.T.);
#278=FACE_OUTER_BOUND('',#426,.T.);
#279=FACE_OUTER_BOUND('',#428,.T.);
#280=FACE_OUTER_BOUND('',#429,.T.);
#281=FACE_OUTER_BOUND('',#430,.T.);
#282=FACE_OUTER_BOUND('',#432,.T.);
#283=FACE_OUTER_BOUND('',#434,.T.);
#284=FACE_OUTER_BOUND('',#435,.T.);
#285=FACE_OUTER_BOUND('',#436,.T.);
#286=FACE_OUTER_BOUND('',#437,.T.);
#287=EDGE_LOOP('',(#438,#439,#440,#441));
#288=EDGE_LOOP('',(#442,#443));
#289=EDGE_LOOP('',(#444,#445,#446,#447,#448));
#290=EDGE_LOOP('',(#449,#450,#451));
#291=EDGE_LOOP('',(#452,#453,#454,#455));
#292=EDGE_LOOP('',(#456,#457));
#293=EDGE_LOOP('',(#458,#459));
#294=EDGE_LOOP('',(#460,#461));
#295=EDGE_LOOP('',(#462,#463,#464,#465,#466,#467,#468));
#296=EDGE_LOOP('',(#469,#470,#471,#472));
#297=EDGE_LOOP('',(#473,#474));
#298=EDGE_LOOP('',(#475,#476,#477,#478));
#299=EDGE_LOOP('',(#479,#480));
#300=EDGE_LOOP('',(#481,#482,#483,#484));
#301=EDGE_LOOP('',(#485));
#302=EDGE_LOOP('',(#486,#487,#488));
#303=EDGE_LOOP('',(#489,#490,#491,#492));
#304=EDGE_LOOP('',(#493,#494));
#305=EDGE_LOOP('',(#495,#496,#497,#498));
#306=EDGE_LOOP('',(#499,#500,#501,#502));
#307=EDGE_LOOP('',(#503,#504,#505,#506));
#308=EDGE_LOOP('',(#507,#508));
#309=EDGE_LOOP('',(#509,#510));
#310=EDGE_LOOP('',(#511,#512,#513,#514));
#311=EDGE_LOOP('',(#515,#516,#517,#518));
#312=EDGE_LOOP('',(#519,#520));
#313=EDGE_LOOP('',(#521,#522,#523));
#314=EDGE_LOOP('',(#524,#525,#526,#527,#528));
#315=EDGE_LOOP('',(#529,#530,#531,#532,#533,#534,#535));
#316=EDGE_LOOP('',(#536,#537,#538,#539));
#317=EDGE_LOOP('',(#540,#541));
#318=EDGE_LOOP('',(#542,#543,#544,#545));
#319=EDGE_LOOP('',(#546,#547));
#320=EDGE_LOOP('',(#548,#549,#550,#551));
#321=EDGE_LOOP('',(#552,#553));
#322=EDGE_LOOP('',(#554,#555));
#323=EDGE_LOOP('',(#556,#557));
#324=EDGE_LOOP('',(#558,#559,#560,#561,#562));
#325=EDGE_LOOP('',(#563,#564,#565,#566,#567));
#326=EDGE_LOOP('',(#568,#569,#570));
#327=EDGE_LOOP('',(#571,#572,#573,#574));
#328=EDGE_LOOP('',(#575,#576));
#329=EDGE_LOOP('',(#577,#578,#579,#580));
#330=EDGE_LOOP('',(#581,#582,#583,#584));
#331=EDGE_LOOP('',(#585,#586));
#332=EDGE_LOOP('',(#587,#588));
#333=EDGE_LOOP('',(#589,#590,#591,#592));
#334=EDGE_LOOP('',(#593,#594,#595,#596,#597,#598));
#335=EDGE_LOOP('',(#599,#600,#601,#602));
#336=EDGE_LOOP('',(#603,#604,#605,#606,#607,#608,#609));
#337=EDGE_LOOP('',(#610,#611,#612,#613,#614,#615,#616,#617));
#338=EDGE_LOOP('',(#618,#619,#620,#621,#622,#623,#624,#625));
#339=EDGE_LOOP('',(#626,#627,#628,#629,#630,#631,#632,#633,#634,#635));
#340=EDGE_LOOP('',(#636,#637));
#341=EDGE_LOOP('',(#638,#639,#640,#641,#642,#643));
#342=EDGE_LOOP('',(#644,#645));
#343=EDGE_LOOP('',(#646,#647,#648,#649));
#344=EDGE_LOOP('',(#650,#651,#652,#653));
#345=EDGE_LOOP('',(#654,#655,#656,#657,#658,#659));
#346=EDGE_LOOP('',(#660,#661,#662,#663));
#347=EDGE_LOOP('',(#664,#665,#666,#667));
#348=EDGE_LOOP('',(#668,#669,#670,#671,#672));
#349=EDGE_LOOP('',(#673,#674,#675,#676,#677));
#350=EDGE_LOOP('',(#678,#679,#680,#681,#682));
#351=EDGE_LOOP('',(#683,#684,#685,#686,#687));
#352=EDGE_LOOP('',(#688,#689,#690,#691,#692,#693));
#353=EDGE_LOOP('',(#694,#695,#696,#697));
#354=EDGE_LOOP('',(#698,#699,#700,#701));
#355=EDGE_LOOP('',(#702,#703,#704,#705));
#356=EDGE_LOOP('',(#706,#707,#708,#709));
#357=EDGE_LOOP('',(#710,#711,#712,#713));
#358=EDGE_LOOP('',(#714,#715,#716,#717));
#359=EDGE_LOOP('',(#718,#719,#720,#721));
#360=EDGE_LOOP('',(#722,#723,#724,#725));
#361=EDGE_LOOP('',(#726,#727,#728,#729,#730,#731,#732,#733,#734));
#362=EDGE_LOOP('',(#735,#736));
#363=EDGE_LOOP('',(#737,#738));
#364=EDGE_LOOP('',(#739,#740,#741,#742,#743,#744,#745));
#365=EDGE_LOOP('',(#746,#747,#748,#749,#750,#751,#752));
#366=EDGE_LOOP('',(#753,#754,#755,#756));
#367=EDGE_LOOP('',(#757,#758,#759,#760));
#368=EDGE_LOOP('',(#761,#762,#763,#764));
#369=EDGE_LOOP('',(#765,#766,#767,#768));
#370=EDGE_LOOP('',(#769,#770,#771,#772,#773,#774));
#371=EDGE_LOOP('',(#775,#776));
#372=EDGE_LOOP('',(#777,#778,#779,#780));
#373=EDGE_LOOP('',(#781,#782,#783,#784));
#374=EDGE_LOOP('',(#785,#786,#787,#788));
#375=EDGE_LOOP('',(#789,#790,#791,#792));
#376=EDGE_LOOP('',(#793,#794,#795,#796));
#377=EDGE_LOOP('',(#797,#798,#799,#800));
#378=EDGE_LOOP('',(#801,#802,#803,#804));
#379=EDGE_LOOP('',(#805,#806,#807,#808));
#380=EDGE_LOOP('',(#809,#810,#811,#812));
#381=EDGE_LOOP('',(#813,#814,#815,#816,#817,#818));
#382=EDGE_LOOP('',(#819,#820));
#383=EDGE_LOOP('',(#821,#822,#823,#824));
#384=EDGE_LOOP('',(#825,#826,#827,#828,#829,#830));
#385=EDGE_LOOP('',(#831,#832,#833,#834));
#386=EDGE_LOOP('',(#835,#836,#837,#838,#839,#840,#841,#842));
#387=EDGE_LOOP('',(#843,#844,#845,#846,#847,#848,#849,#850));
#388=EDGE_LOOP('',(#851,#852,#853,#854));
#389=EDGE_LOOP('',(#855,#856,#857,#858));
#390=EDGE_LOOP('',(#859,#860,#861,#862));
#391=EDGE_LOOP('',(#863,#864,#865,#866,#867,#868));
#392=EDGE_LOOP('',(#869,#870));
#393=EDGE_LOOP('',(#871,#872,#873,#874,#875,#876));
#394=EDGE_LOOP('',(#877,#878,#879,#880,#881,#882,#883,#884,#885));
#395=EDGE_LOOP('',(#886,#887,#888,#889,#890,#891));
#396=EDGE_LOOP('',(#892,#893));
#397=EDGE_LOOP('',(#894,#895,#896,#897));
#398=EDGE_LOOP('',(#898,#899,#900,#901,#902,#903));
#399=EDGE_LOOP('',(#904,#905));
#400=EDGE_LOOP('',(#906,#907,#908,#909,#910,#911));
#401=EDGE_LOOP('',(#912,#913,#914,#915));
#402=EDGE_LOOP('',(#916,#917,#918,#919));
#403=EDGE_LOOP('',(#920,#921,#922,#923,#924,#925));
#404=EDGE_LOOP('',(#926,#927,#928,#929));
#405=EDGE_LOOP('',(#930,#931,#932,#933,#934,#935));
#406=EDGE_LOOP('',(#936,#937,#938,#939));
#407=EDGE_LOOP('',(#940,#941,#942,#943,#944,#945));
#408=EDGE_LOOP('',(#946,#947,#948,#949,#950,#951,#952,#953,#954,#955));
#409=EDGE_LOOP('',(#956,#957,#958,#959,#960,#961));
#410=EDGE_LOOP('',(#962,#963,#964,#965,#966,#967,#968,#969,#970));
#411=EDGE_LOOP('',(#971,#972,#973,#974,#975,#976,#977,#978,#979,#980,#981));
#412=EDGE_LOOP('',(#982,#983,#984,#985,#986,#987,#988,#989,#990));
#413=EDGE_LOOP('',(#991,#992));
#414=EDGE_LOOP('',(#993,#994,#995,#996));
#415=EDGE_LOOP('',(#997,#998,#999,#1000));
#416=EDGE_LOOP('',(#1001,#1002,#1003,#1004));
#417=EDGE_LOOP('',(#1005,#1006,#1007,#1008));
#418=EDGE_LOOP('',(#1009,#1010,#1011,#1012));
#419=EDGE_LOOP('',(#1013,#1014,#1015,#1016));
#420=EDGE_LOOP('',(#1017,#1018,#1019,#1020));
#421=EDGE_LOOP('',(#1021,#1022,#1023,#1024,#1025,#1026));
#422=EDGE_LOOP('',(#1027,#1028,#1029,#1030));
#423=EDGE_LOOP('',(#1031));
#424=EDGE_LOOP('',(#1032,#1033,#1034,#1035,#1036,#1037,#1038,#1039));
#425=EDGE_LOOP('',(#1040,#1041,#1042,#1043,#1044,#1045));
#426=EDGE_LOOP('',(#1046,#1047,#1048,#1049));
#427=EDGE_LOOP('',(#1050,#1051));
#428=EDGE_LOOP('',(#1052,#1053,#1054,#1055,#1056,#1057,#1058,#1059,#1060));
#429=EDGE_LOOP('',(#1061,#1062,#1063,#1064));
#430=EDGE_LOOP('',(#1065,#1066));
#431=EDGE_LOOP('',(#1067,#1068));
#432=EDGE_LOOP('',(#1069,#1070));
#433=EDGE_LOOP('',(#1071,#1072));
#434=EDGE_LOOP('',(#1073,#1074,#1075,#1076));
#435=EDGE_LOOP('',(#1077,#1078,#1079,#1080,#1081,#1082,#1083));
#436=EDGE_LOOP('',(#1084,#1085,#1086,#1087,#1088,#1089));
#437=EDGE_LOOP('',(#1090,#1091,#1092,#1093));
#438=ORIENTED_EDGE('',*,*,#1094,.T.);
#439=ORIENTED_EDGE('',*,*,#1095,.T.);
#440=ORIENTED_EDGE('',*,*,#1096,.T.);
#441=ORIENTED_EDGE('',*,*,#1097,.T.);
#442=ORIENTED_EDGE('',*,*,#1098,.T.);
#443=ORIENTED_EDGE('',*,*,#1380,.T.);
#444=ORIENTED_EDGE('',*,*,#1099,.T.);
#445=ORIENTED_EDGE('',*,*,#1100,.T.);
#446=ORIENTED_EDGE('',*,*,#1101,.T.);
#447=ORIENTED_EDGE('',*,*,#1102,.T.);
#448=ORIENTED_EDGE('',*,*,#1094,.F.);
#449=ORIENTED_EDGE('',*,*,#1096,.F.);
#450=ORIENTED_EDGE('',*,*,#1103,.T.);
#451=ORIENTED_EDGE('',*,*,#1104,.T.);
#452=ORIENTED_EDGE('',*,*,#1105,.T.);
#453=ORIENTED_EDGE('',*,*,#1106,.T.);
#454=ORIENTED_EDGE('',*,*,#1107,.T.);
#455=ORIENTED_EDGE('',*,*,#1108,.T.);
#456=ORIENTED_EDGE('',*,*,#1384,.T.);
#457=ORIENTED_EDGE('',*,*,#1137,.T.);
#458=ORIENTED_EDGE('',*,*,#1125,.T.);
#459=ORIENTED_EDGE('',*,*,#1110,.T.);
#460=ORIENTED_EDGE('',*,*,#1379,.T.);
#461=ORIENTED_EDGE('',*,*,#1130,.T.);
#462=ORIENTED_EDGE('',*,*,#1097,.F.);
#463=ORIENTED_EDGE('',*,*,#1111,.T.);
#464=ORIENTED_EDGE('',*,*,#1373,.T.);
#465=ORIENTED_EDGE('',*,*,#1128,.T.);
#466=ORIENTED_EDGE('',*,*,#1112,.T.);
#467=ORIENTED_EDGE('',*,*,#1377,.T.);
#468=ORIENTED_EDGE('',*,*,#1113,.T.);
#469=ORIENTED_EDGE('',*,*,#1114,.T.);
#470=ORIENTED_EDGE('',*,*,#1115,.T.);
#471=ORIENTED_EDGE('',*,*,#1099,.F.);
#472=ORIENTED_EDGE('',*,*,#1113,.F.);
#473=ORIENTED_EDGE('',*,*,#1123,.T.);
#474=ORIENTED_EDGE('',*,*,#1105,.F.);
#475=ORIENTED_EDGE('',*,*,#1111,.F.);
#476=ORIENTED_EDGE('',*,*,#1104,.F.);
#477=ORIENTED_EDGE('',*,*,#1116,.T.);
#478=ORIENTED_EDGE('',*,*,#1117,.T.);
#479=ORIENTED_EDGE('',*,*,#1107,.F.);
#480=ORIENTED_EDGE('',*,*,#1124,.T.);
#481=ORIENTED_EDGE('',*,*,#1121,.F.);
#482=ORIENTED_EDGE('',*,*,#1122,.F.);
#483=ORIENTED_EDGE('',*,*,#1375,.F.);
#484=ORIENTED_EDGE('',*,*,#1120,.F.);
#485=ORIENTED_EDGE('',*,*,#1126,.F.);
#486=ORIENTED_EDGE('',*,*,#1101,.F.);
#487=ORIENTED_EDGE('',*,*,#1236,.T.);
#488=ORIENTED_EDGE('',*,*,#1241,.T.);
#489=ORIENTED_EDGE('',*,*,#1123,.F.);
#490=ORIENTED_EDGE('',*,*,#1108,.F.);
#491=ORIENTED_EDGE('',*,*,#1124,.F.);
#492=ORIENTED_EDGE('',*,*,#1106,.F.);
#493=ORIENTED_EDGE('',*,*,#1132,.T.);
#494=ORIENTED_EDGE('',*,*,#1378,.T.);
#495=ORIENTED_EDGE('',*,*,#1127,.T.);
#496=ORIENTED_EDGE('',*,*,#1120,.T.);
#497=ORIENTED_EDGE('',*,*,#1374,.T.);
#498=ORIENTED_EDGE('',*,*,#1112,.F.);
#499=ORIENTED_EDGE('',*,*,#1131,.F.);
#500=ORIENTED_EDGE('',*,*,#1132,.F.);
#501=ORIENTED_EDGE('',*,*,#1133,.F.);
#502=ORIENTED_EDGE('',*,*,#1130,.F.);
#503=ORIENTED_EDGE('',*,*,#1135,.F.);
#504=ORIENTED_EDGE('',*,*,#1098,.F.);
#505=ORIENTED_EDGE('',*,*,#1136,.F.);
#506=ORIENTED_EDGE('',*,*,#1134,.F.);
#507=ORIENTED_EDGE('',*,*,#1134,.T.);
#508=ORIENTED_EDGE('',*,*,#1381,.T.);
#509=ORIENTED_EDGE('',*,*,#1138,.T.);
#510=ORIENTED_EDGE('',*,*,#1382,.T.);
#511=ORIENTED_EDGE('',*,*,#1383,.T.);
#512=ORIENTED_EDGE('',*,*,#1138,.F.);
#513=ORIENTED_EDGE('',*,*,#1139,.F.);
#514=ORIENTED_EDGE('',*,*,#1137,.F.);
#515=ORIENTED_EDGE('',*,*,#1140,.T.);
#516=ORIENTED_EDGE('',*,*,#1141,.T.);
#517=ORIENTED_EDGE('',*,*,#1142,.T.);
#518=ORIENTED_EDGE('',*,*,#1143,.T.);
#519=ORIENTED_EDGE('',*,*,#1144,.T.);
#520=ORIENTED_EDGE('',*,*,#1387,.T.);
#521=ORIENTED_EDGE('',*,*,#1145,.T.);
#522=ORIENTED_EDGE('',*,*,#1146,.T.);
#523=ORIENTED_EDGE('',*,*,#1140,.F.);
#524=ORIENTED_EDGE('',*,*,#1142,.F.);
#525=ORIENTED_EDGE('',*,*,#1147,.T.);
#526=ORIENTED_EDGE('',*,*,#1148,.T.);
#527=ORIENTED_EDGE('',*,*,#1149,.T.);
#528=ORIENTED_EDGE('',*,*,#1150,.T.);
#529=ORIENTED_EDGE('',*,*,#1143,.F.);
#530=ORIENTED_EDGE('',*,*,#1151,.T.);
#531=ORIENTED_EDGE('',*,*,#1209,.T.);
#532=ORIENTED_EDGE('',*,*,#1174,.T.);
#533=ORIENTED_EDGE('',*,*,#1152,.T.);
#534=ORIENTED_EDGE('',*,*,#1370,.T.);
#535=ORIENTED_EDGE('',*,*,#1153,.T.);
#536=ORIENTED_EDGE('',*,*,#1154,.T.);
#537=ORIENTED_EDGE('',*,*,#1155,.T.);
#538=ORIENTED_EDGE('',*,*,#1156,.T.);
#539=ORIENTED_EDGE('',*,*,#1157,.T.);
#540=ORIENTED_EDGE('',*,*,#1391,.T.);
#541=ORIENTED_EDGE('',*,*,#1184,.T.);
#542=ORIENTED_EDGE('',*,*,#1145,.F.);
#543=ORIENTED_EDGE('',*,*,#1153,.F.);
#544=ORIENTED_EDGE('',*,*,#1158,.T.);
#545=ORIENTED_EDGE('',*,*,#1159,.T.);
#546=ORIENTED_EDGE('',*,*,#1172,.T.);
#547=ORIENTED_EDGE('',*,*,#1154,.F.);
#548=ORIENTED_EDGE('',*,*,#1160,.T.);
#549=ORIENTED_EDGE('',*,*,#1161,.T.);
#550=ORIENTED_EDGE('',*,*,#1151,.F.);
#551=ORIENTED_EDGE('',*,*,#1150,.F.);
#552=ORIENTED_EDGE('',*,*,#1156,.F.);
#553=ORIENTED_EDGE('',*,*,#1173,.T.);
#554=ORIENTED_EDGE('',*,*,#1176,.T.);
#555=ORIENTED_EDGE('',*,*,#1165,.T.);
#556=ORIENTED_EDGE('',*,*,#1386,.T.);
#557=ORIENTED_EDGE('',*,*,#1177,.T.);
#558=ORIENTED_EDGE('',*,*,#1167,.T.);
#559=ORIENTED_EDGE('',*,*,#1169,.F.);
#560=ORIENTED_EDGE('',*,*,#1213,.F.);
#561=ORIENTED_EDGE('',*,*,#1170,.F.);
#562=ORIENTED_EDGE('',*,*,#1168,.F.);
#563=ORIENTED_EDGE('',*,*,#1168,.T.);
#564=ORIENTED_EDGE('',*,*,#1171,.F.);
#565=ORIENTED_EDGE('',*,*,#1214,.F.);
#566=ORIENTED_EDGE('',*,*,#1169,.T.);
#567=ORIENTED_EDGE('',*,*,#1166,.T.);
#568=ORIENTED_EDGE('',*,*,#1148,.F.);
#569=ORIENTED_EDGE('',*,*,#1248,.T.);
#570=ORIENTED_EDGE('',*,*,#1245,.T.);
#571=ORIENTED_EDGE('',*,*,#1172,.F.);
#572=ORIENTED_EDGE('',*,*,#1157,.F.);
#573=ORIENTED_EDGE('',*,*,#1173,.F.);
#574=ORIENTED_EDGE('',*,*,#1155,.F.);
#575=ORIENTED_EDGE('',*,*,#1179,.T.);
#576=ORIENTED_EDGE('',*,*,#1385,.T.);
#577=ORIENTED_EDGE('',*,*,#1178,.F.);
#578=ORIENTED_EDGE('',*,*,#1179,.F.);
#579=ORIENTED_EDGE('',*,*,#1180,.F.);
#580=ORIENTED_EDGE('',*,*,#1177,.F.);
#581=ORIENTED_EDGE('',*,*,#1182,.F.);
#582=ORIENTED_EDGE('',*,*,#1144,.F.);
#583=ORIENTED_EDGE('',*,*,#1183,.F.);
#584=ORIENTED_EDGE('',*,*,#1181,.F.);
#585=ORIENTED_EDGE('',*,*,#1181,.T.);
#586=ORIENTED_EDGE('',*,*,#1388,.T.);
#587=ORIENTED_EDGE('',*,*,#1185,.T.);
#588=ORIENTED_EDGE('',*,*,#1389,.T.);
#589=ORIENTED_EDGE('',*,*,#1390,.T.);
#590=ORIENTED_EDGE('',*,*,#1185,.F.);
#591=ORIENTED_EDGE('',*,*,#1186,.F.);
#592=ORIENTED_EDGE('',*,*,#1184,.F.);
#593=ORIENTED_EDGE('',*,*,#1187,.T.);
#594=ORIENTED_EDGE('',*,*,#1188,.T.);
#595=ORIENTED_EDGE('',*,*,#1189,.T.);
#596=ORIENTED_EDGE('',*,*,#1192,.T.);
#597=ORIENTED_EDGE('',*,*,#1191,.T.);
#598=ORIENTED_EDGE('',*,*,#1190,.T.);
#599=ORIENTED_EDGE('',*,*,#1194,.F.);
#600=ORIENTED_EDGE('',*,*,#1195,.F.);
#601=ORIENTED_EDGE('',*,*,#1196,.F.);
#602=ORIENTED_EDGE('',*,*,#1193,.F.);
#603=ORIENTED_EDGE('',*,*,#1413,.T.);
#604=ORIENTED_EDGE('',*,*,#1404,.T.);
#605=ORIENTED_EDGE('',*,*,#1199,.T.);
#606=ORIENTED_EDGE('',*,*,#1359,.T.);
#607=ORIENTED_EDGE('',*,*,#1362,.T.);
#608=ORIENTED_EDGE('',*,*,#1197,.T.);
#609=ORIENTED_EDGE('',*,*,#1198,.T.);
#610=ORIENTED_EDGE('',*,*,#1200,.T.);
#611=ORIENTED_EDGE('',*,*,#1189,.F.);
#612=ORIENTED_EDGE('',*,*,#1201,.T.);
#613=ORIENTED_EDGE('',*,*,#1202,.T.);
#614=ORIENTED_EDGE('',*,*,#1203,.T.);
#615=ORIENTED_EDGE('',*,*,#1404,.F.);
#616=ORIENTED_EDGE('',*,*,#1409,.T.);
#617=ORIENTED_EDGE('',*,*,#1410,.T.);
#618=ORIENTED_EDGE('',*,*,#1198,.F.);
#619=ORIENTED_EDGE('',*,*,#1206,.T.);
#620=ORIENTED_EDGE('',*,*,#1207,.T.);
#621=ORIENTED_EDGE('',*,*,#1208,.T.);
#622=ORIENTED_EDGE('',*,*,#1204,.T.);
#623=ORIENTED_EDGE('',*,*,#1205,.T.);
#624=ORIENTED_EDGE('',*,*,#1407,.T.);
#625=ORIENTED_EDGE('',*,*,#1408,.T.);
#626=ORIENTED_EDGE('',*,*,#1209,.F.);
#627=ORIENTED_EDGE('',*,*,#1161,.F.);
#628=ORIENTED_EDGE('',*,*,#1210,.T.);
#629=ORIENTED_EDGE('',*,*,#1202,.F.);
#630=ORIENTED_EDGE('',*,*,#1259,.T.);
#631=ORIENTED_EDGE('',*,*,#1211,.T.);
#632=ORIENTED_EDGE('',*,*,#1212,.F.);
#633=ORIENTED_EDGE('',*,*,#1213,.T.);
#634=ORIENTED_EDGE('',*,*,#1214,.T.);
#635=ORIENTED_EDGE('',*,*,#1215,.T.);
#636=ORIENTED_EDGE('',*,*,#1271,.T.);
#637=ORIENTED_EDGE('',*,*,#1269,.T.);
#638=ORIENTED_EDGE('',*,*,#1360,.T.);
#639=ORIENTED_EDGE('',*,*,#1199,.F.);
#640=ORIENTED_EDGE('',*,*,#1216,.T.);
#641=ORIENTED_EDGE('',*,*,#1221,.T.);
#642=ORIENTED_EDGE('',*,*,#1217,.T.);
#643=ORIENTED_EDGE('',*,*,#1218,.T.);
#644=ORIENTED_EDGE('',*,*,#1247,.T.);
#645=ORIENTED_EDGE('',*,*,#1242,.T.);
#646=ORIENTED_EDGE('',*,*,#1203,.F.);
#647=ORIENTED_EDGE('',*,*,#1219,.T.);
#648=ORIENTED_EDGE('',*,*,#1220,.T.);
#649=ORIENTED_EDGE('',*,*,#1216,.F.);
#650=ORIENTED_EDGE('',*,*,#1221,.F.);
#651=ORIENTED_EDGE('',*,*,#1220,.F.);
#652=ORIENTED_EDGE('',*,*,#1222,.T.);
#653=ORIENTED_EDGE('',*,*,#1223,.T.);
#654=ORIENTED_EDGE('',*,*,#1224,.T.);
#655=ORIENTED_EDGE('',*,*,#1225,.T.);
#656=ORIENTED_EDGE('',*,*,#1095,.F.);
#657=ORIENTED_EDGE('',*,*,#1226,.T.);
#658=ORIENTED_EDGE('',*,*,#1227,.T.);
#659=ORIENTED_EDGE('',*,*,#1228,.T.);
#660=ORIENTED_EDGE('',*,*,#1229,.T.);
#661=ORIENTED_EDGE('',*,*,#1227,.F.);
#662=ORIENTED_EDGE('',*,*,#1230,.T.);
#663=ORIENTED_EDGE('',*,*,#1231,.T.);
#664=ORIENTED_EDGE('',*,*,#1206,.F.);
#665=ORIENTED_EDGE('',*,*,#1232,.T.);
#666=ORIENTED_EDGE('',*,*,#1231,.F.);
#667=ORIENTED_EDGE('',*,*,#1233,.T.);
#668=ORIENTED_EDGE('',*,*,#1235,.F.);
#669=ORIENTED_EDGE('',*,*,#1236,.F.);
#670=ORIENTED_EDGE('',*,*,#1237,.F.);
#671=ORIENTED_EDGE('',*,*,#1238,.F.);
#672=ORIENTED_EDGE('',*,*,#1234,.F.);
#673=ORIENTED_EDGE('',*,*,#1238,.T.);
#674=ORIENTED_EDGE('',*,*,#1240,.F.);
#675=ORIENTED_EDGE('',*,*,#1241,.F.);
#676=ORIENTED_EDGE('',*,*,#1235,.T.);
#677=ORIENTED_EDGE('',*,*,#1239,.F.);
#678=ORIENTED_EDGE('',*,*,#1243,.F.);
#679=ORIENTED_EDGE('',*,*,#1244,.F.);
#680=ORIENTED_EDGE('',*,*,#1245,.F.);
#681=ORIENTED_EDGE('',*,*,#1246,.F.);
#682=ORIENTED_EDGE('',*,*,#1242,.F.);
#683=ORIENTED_EDGE('',*,*,#1246,.T.);
#684=ORIENTED_EDGE('',*,*,#1248,.F.);
#685=ORIENTED_EDGE('',*,*,#1249,.F.);
#686=ORIENTED_EDGE('',*,*,#1243,.T.);
#687=ORIENTED_EDGE('',*,*,#1247,.F.);
#688=ORIENTED_EDGE('',*,*,#1225,.F.);
#689=ORIENTED_EDGE('',*,*,#1250,.T.);
#690=ORIENTED_EDGE('',*,*,#1364,.T.);
#691=ORIENTED_EDGE('',*,*,#1251,.T.);
#692=ORIENTED_EDGE('',*,*,#1116,.F.);
#693=ORIENTED_EDGE('',*,*,#1103,.F.);
#694=ORIENTED_EDGE('',*,*,#1253,.F.);
#695=ORIENTED_EDGE('',*,*,#1254,.F.);
#696=ORIENTED_EDGE('',*,*,#1255,.F.);
#697=ORIENTED_EDGE('',*,*,#1252,.F.);
#698=ORIENTED_EDGE('',*,*,#1256,.F.);
#699=ORIENTED_EDGE('',*,*,#1196,.T.);
#700=ORIENTED_EDGE('',*,*,#1257,.F.);
#701=ORIENTED_EDGE('',*,*,#1194,.T.);
#702=ORIENTED_EDGE('',*,*,#1188,.F.);
#703=ORIENTED_EDGE('',*,*,#1258,.T.);
#704=ORIENTED_EDGE('',*,*,#1259,.F.);
#705=ORIENTED_EDGE('',*,*,#1201,.F.);
#706=ORIENTED_EDGE('',*,*,#1260,.T.);
#707=ORIENTED_EDGE('',*,*,#1208,.F.);
#708=ORIENTED_EDGE('',*,*,#1261,.T.);
#709=ORIENTED_EDGE('',*,*,#1262,.T.);
#710=ORIENTED_EDGE('',*,*,#1263,.F.);
#711=ORIENTED_EDGE('',*,*,#1264,.F.);
#712=ORIENTED_EDGE('',*,*,#1265,.F.);
#713=ORIENTED_EDGE('',*,*,#1253,.T.);
#714=ORIENTED_EDGE('',*,*,#1265,.T.);
#715=ORIENTED_EDGE('',*,*,#1267,.F.);
#716=ORIENTED_EDGE('',*,*,#1263,.T.);
#717=ORIENTED_EDGE('',*,*,#1266,.F.);
#718=ORIENTED_EDGE('',*,*,#1268,.F.);
#719=ORIENTED_EDGE('',*,*,#1269,.F.);
#720=ORIENTED_EDGE('',*,*,#1270,.F.);
#721=ORIENTED_EDGE('',*,*,#1256,.T.);
#722=ORIENTED_EDGE('',*,*,#1270,.T.);
#723=ORIENTED_EDGE('',*,*,#1271,.F.);
#724=ORIENTED_EDGE('',*,*,#1268,.T.);
#725=ORIENTED_EDGE('',*,*,#1193,.T.);
#726=ORIENTED_EDGE('',*,*,#1272,.T.);
#727=ORIENTED_EDGE('',*,*,#1273,.T.);
#728=ORIENTED_EDGE('',*,*,#1333,.T.);
#729=ORIENTED_EDGE('',*,*,#1274,.T.);
#730=ORIENTED_EDGE('',*,*,#1330,.T.);
#731=ORIENTED_EDGE('',*,*,#1275,.T.);
#732=ORIENTED_EDGE('',*,*,#1276,.T.);
#733=ORIENTED_EDGE('',*,*,#1343,.T.);
#734=ORIENTED_EDGE('',*,*,#1349,.T.);
#735=ORIENTED_EDGE('',*,*,#1286,.T.);
#736=ORIENTED_EDGE('',*,*,#1288,.T.);
#737=ORIENTED_EDGE('',*,*,#1291,.T.);
#738=ORIENTED_EDGE('',*,*,#1293,.T.);
#739=ORIENTED_EDGE('',*,*,#1191,.F.);
#740=ORIENTED_EDGE('',*,*,#1277,.T.);
#741=ORIENTED_EDGE('',*,*,#1411,.T.);
#742=ORIENTED_EDGE('',*,*,#1417,.T.);
#743=ORIENTED_EDGE('',*,*,#1278,.T.);
#744=ORIENTED_EDGE('',*,*,#1275,.F.);
#745=ORIENTED_EDGE('',*,*,#1279,.T.);
#746=ORIENTED_EDGE('',*,*,#1280,.T.);
#747=ORIENTED_EDGE('',*,*,#1281,.T.);
#748=ORIENTED_EDGE('',*,*,#1282,.T.);
#749=ORIENTED_EDGE('',*,*,#1273,.F.);
#750=ORIENTED_EDGE('',*,*,#1283,.T.);
#751=ORIENTED_EDGE('',*,*,#1284,.T.);
#752=ORIENTED_EDGE('',*,*,#1412,.F.);
#753=ORIENTED_EDGE('',*,*,#1286,.F.);
#754=ORIENTED_EDGE('',*,*,#1287,.F.);
#755=ORIENTED_EDGE('',*,*,#1255,.T.);
#756=ORIENTED_EDGE('',*,*,#1285,.F.);
#757=ORIENTED_EDGE('',*,*,#1288,.F.);
#758=ORIENTED_EDGE('',*,*,#1285,.T.);
#759=ORIENTED_EDGE('',*,*,#1289,.F.);
#760=ORIENTED_EDGE('',*,*,#1287,.T.);
#761=ORIENTED_EDGE('',*,*,#1291,.F.);
#762=ORIENTED_EDGE('',*,*,#1292,.F.);
#763=ORIENTED_EDGE('',*,*,#1257,.T.);
#764=ORIENTED_EDGE('',*,*,#1290,.F.);
#765=ORIENTED_EDGE('',*,*,#1293,.F.);
#766=ORIENTED_EDGE('',*,*,#1290,.T.);
#767=ORIENTED_EDGE('',*,*,#1195,.T.);
#768=ORIENTED_EDGE('',*,*,#1292,.T.);
#769=ORIENTED_EDGE('',*,*,#1296,.T.);
#770=ORIENTED_EDGE('',*,*,#1297,.T.);
#771=ORIENTED_EDGE('',*,*,#1308,.T.);
#772=ORIENTED_EDGE('',*,*,#1298,.T.);
#773=ORIENTED_EDGE('',*,*,#1272,.F.);
#774=ORIENTED_EDGE('',*,*,#1353,.T.);
#775=ORIENTED_EDGE('',*,*,#1316,.T.);
#776=ORIENTED_EDGE('',*,*,#1312,.T.);
#777=ORIENTED_EDGE('',*,*,#1278,.F.);
#778=ORIENTED_EDGE('',*,*,#1299,.T.);
#779=ORIENTED_EDGE('',*,*,#1300,.T.);
#780=ORIENTED_EDGE('',*,*,#1301,.T.);
#781=ORIENTED_EDGE('',*,*,#1302,.T.);
#782=ORIENTED_EDGE('',*,*,#1300,.F.);
#783=ORIENTED_EDGE('',*,*,#1303,.T.);
#784=ORIENTED_EDGE('',*,*,#1304,.T.);
#785=ORIENTED_EDGE('',*,*,#1305,.T.);
#786=ORIENTED_EDGE('',*,*,#1306,.T.);
#787=ORIENTED_EDGE('',*,*,#1307,.T.);
#788=ORIENTED_EDGE('',*,*,#1297,.F.);
#789=ORIENTED_EDGE('',*,*,#1308,.F.);
#790=ORIENTED_EDGE('',*,*,#1307,.F.);
#791=ORIENTED_EDGE('',*,*,#1309,.T.);
#792=ORIENTED_EDGE('',*,*,#1310,.T.);
#793=ORIENTED_EDGE('',*,*,#1283,.F.);
#794=ORIENTED_EDGE('',*,*,#1298,.F.);
#795=ORIENTED_EDGE('',*,*,#1310,.F.);
#796=ORIENTED_EDGE('',*,*,#1311,.T.);
#797=ORIENTED_EDGE('',*,*,#1313,.F.);
#798=ORIENTED_EDGE('',*,*,#1314,.F.);
#799=ORIENTED_EDGE('',*,*,#1315,.F.);
#800=ORIENTED_EDGE('',*,*,#1312,.F.);
#801=ORIENTED_EDGE('',*,*,#1315,.T.);
#802=ORIENTED_EDGE('',*,*,#1317,.F.);
#803=ORIENTED_EDGE('',*,*,#1313,.T.);
#804=ORIENTED_EDGE('',*,*,#1316,.F.);
#805=ORIENTED_EDGE('',*,*,#1319,.F.);
#806=ORIENTED_EDGE('',*,*,#1320,.F.);
#807=ORIENTED_EDGE('',*,*,#1321,.F.);
#808=ORIENTED_EDGE('',*,*,#1318,.F.);
#809=ORIENTED_EDGE('',*,*,#1321,.T.);
#810=ORIENTED_EDGE('',*,*,#1323,.F.);
#811=ORIENTED_EDGE('',*,*,#1319,.T.);
#812=ORIENTED_EDGE('',*,*,#1322,.F.);
#813=ORIENTED_EDGE('',*,*,#1351,.T.);
#814=ORIENTED_EDGE('',*,*,#1295,.F.);
#815=ORIENTED_EDGE('',*,*,#1311,.F.);
#816=ORIENTED_EDGE('',*,*,#1309,.F.);
#817=ORIENTED_EDGE('',*,*,#1306,.F.);
#818=ORIENTED_EDGE('',*,*,#1324,.T.);
#819=ORIENTED_EDGE('',*,*,#1314,.T.);
#820=ORIENTED_EDGE('',*,*,#1317,.T.);
#821=ORIENTED_EDGE('',*,*,#1325,.T.);
#822=ORIENTED_EDGE('',*,*,#1326,.T.);
#823=ORIENTED_EDGE('',*,*,#1327,.T.);
#824=ORIENTED_EDGE('',*,*,#1187,.F.);
#825=ORIENTED_EDGE('',*,*,#1281,.F.);
#826=ORIENTED_EDGE('',*,*,#1329,.F.);
#827=ORIENTED_EDGE('',*,*,#1204,.F.);
#828=ORIENTED_EDGE('',*,*,#1260,.F.);
#829=ORIENTED_EDGE('',*,*,#1326,.F.);
#830=ORIENTED_EDGE('',*,*,#1328,.T.);
#831=ORIENTED_EDGE('',*,*,#1254,.T.);
#832=ORIENTED_EDGE('',*,*,#1266,.T.);
#833=ORIENTED_EDGE('',*,*,#1252,.T.);
#834=ORIENTED_EDGE('',*,*,#1289,.T.);
#835=ORIENTED_EDGE('',*,*,#1277,.F.);
#836=ORIENTED_EDGE('',*,*,#1192,.F.);
#837=ORIENTED_EDGE('',*,*,#1200,.F.);
#838=ORIENTED_EDGE('',*,*,#1410,.F.);
#839=ORIENTED_EDGE('',*,*,#1419,.T.);
#840=ORIENTED_EDGE('',*,*,#1405,.F.);
#841=ORIENTED_EDGE('',*,*,#1420,.T.);
#842=ORIENTED_EDGE('',*,*,#1411,.F.);
#843=ORIENTED_EDGE('',*,*,#1406,.F.);
#844=ORIENTED_EDGE('',*,*,#1418,.T.);
#845=ORIENTED_EDGE('',*,*,#1407,.F.);
#846=ORIENTED_EDGE('',*,*,#1205,.F.);
#847=ORIENTED_EDGE('',*,*,#1329,.T.);
#848=ORIENTED_EDGE('',*,*,#1280,.F.);
#849=ORIENTED_EDGE('',*,*,#1412,.T.);
#850=ORIENTED_EDGE('',*,*,#1421,.T.);
#851=ORIENTED_EDGE('',*,*,#1190,.F.);
#852=ORIENTED_EDGE('',*,*,#1279,.F.);
#853=ORIENTED_EDGE('',*,*,#1330,.F.);
#854=ORIENTED_EDGE('',*,*,#1331,.T.);
#855=ORIENTED_EDGE('',*,*,#1325,.F.);
#856=ORIENTED_EDGE('',*,*,#1331,.F.);
#857=ORIENTED_EDGE('',*,*,#1274,.F.);
#858=ORIENTED_EDGE('',*,*,#1332,.T.);
#859=ORIENTED_EDGE('',*,*,#1328,.F.);
#860=ORIENTED_EDGE('',*,*,#1332,.F.);
#861=ORIENTED_EDGE('',*,*,#1333,.F.);
#862=ORIENTED_EDGE('',*,*,#1282,.F.);
#863=ORIENTED_EDGE('',*,*,#1334,.T.);
#864=ORIENTED_EDGE('',*,*,#1228,.F.);
#865=ORIENTED_EDGE('',*,*,#1229,.F.);
#866=ORIENTED_EDGE('',*,*,#1232,.F.);
#867=ORIENTED_EDGE('',*,*,#1197,.F.);
#868=ORIENTED_EDGE('',*,*,#1365,.T.);
#869=ORIENTED_EDGE('',*,*,#1239,.T.);
#870=ORIENTED_EDGE('',*,*,#1234,.T.);
#871=ORIENTED_EDGE('',*,*,#1335,.T.);
#872=ORIENTED_EDGE('',*,*,#1217,.F.);
#873=ORIENTED_EDGE('',*,*,#1223,.F.);
#874=ORIENTED_EDGE('',*,*,#1336,.T.);
#875=ORIENTED_EDGE('',*,*,#1141,.F.);
#876=ORIENTED_EDGE('',*,*,#1337,.T.);
#877=ORIENTED_EDGE('',*,*,#1336,.F.);
#878=ORIENTED_EDGE('',*,*,#1222,.F.);
#879=ORIENTED_EDGE('',*,*,#1219,.F.);
#880=ORIENTED_EDGE('',*,*,#1210,.F.);
#881=ORIENTED_EDGE('',*,*,#1160,.F.);
#882=ORIENTED_EDGE('',*,*,#1149,.F.);
#883=ORIENTED_EDGE('',*,*,#1244,.T.);
#884=ORIENTED_EDGE('',*,*,#1249,.T.);
#885=ORIENTED_EDGE('',*,*,#1147,.F.);
#886=ORIENTED_EDGE('',*,*,#1344,.T.);
#887=ORIENTED_EDGE('',*,*,#1276,.F.);
#888=ORIENTED_EDGE('',*,*,#1301,.F.);
#889=ORIENTED_EDGE('',*,*,#1302,.F.);
#890=ORIENTED_EDGE('',*,*,#1338,.T.);
#891=ORIENTED_EDGE('',*,*,#1339,.T.);
#892=ORIENTED_EDGE('',*,*,#1322,.T.);
#893=ORIENTED_EDGE('',*,*,#1318,.T.);
#894=ORIENTED_EDGE('',*,*,#1340,.T.);
#895=ORIENTED_EDGE('',*,*,#1338,.F.);
#896=ORIENTED_EDGE('',*,*,#1304,.F.);
#897=ORIENTED_EDGE('',*,*,#1341,.T.);
#898=ORIENTED_EDGE('',*,*,#1342,.T.);
#899=ORIENTED_EDGE('',*,*,#1341,.F.);
#900=ORIENTED_EDGE('',*,*,#1303,.F.);
#901=ORIENTED_EDGE('',*,*,#1299,.F.);
#902=ORIENTED_EDGE('',*,*,#1294,.F.);
#903=ORIENTED_EDGE('',*,*,#1346,.T.);
#904=ORIENTED_EDGE('',*,*,#1320,.T.);
#905=ORIENTED_EDGE('',*,*,#1323,.T.);
#906=ORIENTED_EDGE('',*,*,#1344,.F.);
#907=ORIENTED_EDGE('',*,*,#1345,.F.);
#908=ORIENTED_EDGE('',*,*,#1346,.F.);
#909=ORIENTED_EDGE('',*,*,#1347,.F.);
#910=ORIENTED_EDGE('',*,*,#1348,.F.);
#911=ORIENTED_EDGE('',*,*,#1343,.F.);
#912=ORIENTED_EDGE('',*,*,#1342,.F.);
#913=ORIENTED_EDGE('',*,*,#1345,.T.);
#914=ORIENTED_EDGE('',*,*,#1339,.F.);
#915=ORIENTED_EDGE('',*,*,#1340,.F.);
#916=ORIENTED_EDGE('',*,*,#1324,.F.);
#917=ORIENTED_EDGE('',*,*,#1305,.F.);
#918=ORIENTED_EDGE('',*,*,#1296,.F.);
#919=ORIENTED_EDGE('',*,*,#1352,.T.);
#920=ORIENTED_EDGE('',*,*,#1348,.T.);
#921=ORIENTED_EDGE('',*,*,#1350,.F.);
#922=ORIENTED_EDGE('',*,*,#1351,.F.);
#923=ORIENTED_EDGE('',*,*,#1352,.F.);
#924=ORIENTED_EDGE('',*,*,#1353,.F.);
#925=ORIENTED_EDGE('',*,*,#1349,.F.);
#926=ORIENTED_EDGE('',*,*,#1354,.T.);
#927=ORIENTED_EDGE('',*,*,#1355,.T.);
#928=ORIENTED_EDGE('',*,*,#1218,.F.);
#929=ORIENTED_EDGE('',*,*,#1335,.F.);
#930=ORIENTED_EDGE('',*,*,#1355,.F.);
#931=ORIENTED_EDGE('',*,*,#1356,.T.);
#932=ORIENTED_EDGE('',*,*,#1357,.T.);
#933=ORIENTED_EDGE('',*,*,#1358,.T.);
#934=ORIENTED_EDGE('',*,*,#1359,.F.);
#935=ORIENTED_EDGE('',*,*,#1360,.F.);
#936=ORIENTED_EDGE('',*,*,#1250,.F.);
#937=ORIENTED_EDGE('',*,*,#1224,.F.);
#938=ORIENTED_EDGE('',*,*,#1334,.F.);
#939=ORIENTED_EDGE('',*,*,#1361,.T.);
#940=ORIENTED_EDGE('',*,*,#1362,.F.);
#941=ORIENTED_EDGE('',*,*,#1358,.F.);
#942=ORIENTED_EDGE('',*,*,#1363,.T.);
#943=ORIENTED_EDGE('',*,*,#1364,.F.);
#944=ORIENTED_EDGE('',*,*,#1361,.F.);
#945=ORIENTED_EDGE('',*,*,#1365,.F.);
#946=ORIENTED_EDGE('',*,*,#1129,.F.);
#947=ORIENTED_EDGE('',*,*,#1366,.T.);
#948=ORIENTED_EDGE('',*,*,#1163,.F.);
#949=ORIENTED_EDGE('',*,*,#1175,.F.);
#950=ORIENTED_EDGE('',*,*,#1211,.F.);
#951=ORIENTED_EDGE('',*,*,#1258,.F.);
#952=ORIENTED_EDGE('',*,*,#1327,.F.);
#953=ORIENTED_EDGE('',*,*,#1262,.F.);
#954=ORIENTED_EDGE('',*,*,#1367,.T.);
#955=ORIENTED_EDGE('',*,*,#1119,.F.);
#956=ORIENTED_EDGE('',*,*,#1159,.F.);
#957=ORIENTED_EDGE('',*,*,#1368,.T.);
#958=ORIENTED_EDGE('',*,*,#1356,.F.);
#959=ORIENTED_EDGE('',*,*,#1354,.F.);
#960=ORIENTED_EDGE('',*,*,#1337,.F.);
#961=ORIENTED_EDGE('',*,*,#1146,.F.);
#962=ORIENTED_EDGE('',*,*,#1115,.F.);
#963=ORIENTED_EDGE('',*,*,#1369,.T.);
#964=ORIENTED_EDGE('',*,*,#1233,.F.);
#965=ORIENTED_EDGE('',*,*,#1230,.F.);
#966=ORIENTED_EDGE('',*,*,#1226,.F.);
#967=ORIENTED_EDGE('',*,*,#1102,.F.);
#968=ORIENTED_EDGE('',*,*,#1240,.T.);
#969=ORIENTED_EDGE('',*,*,#1237,.T.);
#970=ORIENTED_EDGE('',*,*,#1100,.F.);
#971=ORIENTED_EDGE('',*,*,#1251,.F.);
#972=ORIENTED_EDGE('',*,*,#1363,.F.);
#973=ORIENTED_EDGE('',*,*,#1357,.F.);
#974=ORIENTED_EDGE('',*,*,#1368,.F.);
#975=ORIENTED_EDGE('',*,*,#1158,.F.);
#976=ORIENTED_EDGE('',*,*,#1370,.F.);
#977=ORIENTED_EDGE('',*,*,#1371,.F.);
#978=ORIENTED_EDGE('',*,*,#1366,.F.);
#979=ORIENTED_EDGE('',*,*,#1372,.F.);
#980=ORIENTED_EDGE('',*,*,#1373,.F.);
#981=ORIENTED_EDGE('',*,*,#1117,.F.);
#982=ORIENTED_EDGE('',*,*,#1374,.F.);
#983=ORIENTED_EDGE('',*,*,#1375,.T.);
#984=ORIENTED_EDGE('',*,*,#1376,.F.);
#985=ORIENTED_EDGE('',*,*,#1367,.F.);
#986=ORIENTED_EDGE('',*,*,#1261,.F.);
#987=ORIENTED_EDGE('',*,*,#1207,.F.);
#988=ORIENTED_EDGE('',*,*,#1369,.F.);
#989=ORIENTED_EDGE('',*,*,#1114,.F.);
#990=ORIENTED_EDGE('',*,*,#1377,.F.);
#991=ORIENTED_EDGE('',*,*,#1267,.T.);
#992=ORIENTED_EDGE('',*,*,#1264,.T.);
#993=ORIENTED_EDGE('',*,*,#1378,.F.);
#994=ORIENTED_EDGE('',*,*,#1131,.T.);
#995=ORIENTED_EDGE('',*,*,#1379,.F.);
#996=ORIENTED_EDGE('',*,*,#1133,.T.);
#997=ORIENTED_EDGE('',*,*,#1380,.F.);
#998=ORIENTED_EDGE('',*,*,#1135,.T.);
#999=ORIENTED_EDGE('',*,*,#1381,.F.);
#1000=ORIENTED_EDGE('',*,*,#1136,.T.);
#1001=ORIENTED_EDGE('',*,*,#1382,.F.);
#1002=ORIENTED_EDGE('',*,*,#1383,.F.);
#1003=ORIENTED_EDGE('',*,*,#1384,.F.);
#1004=ORIENTED_EDGE('',*,*,#1139,.T.);
#1005=ORIENTED_EDGE('',*,*,#1385,.F.);
#1006=ORIENTED_EDGE('',*,*,#1178,.T.);
#1007=ORIENTED_EDGE('',*,*,#1386,.F.);
#1008=ORIENTED_EDGE('',*,*,#1180,.T.);
#1009=ORIENTED_EDGE('',*,*,#1387,.F.);
#1010=ORIENTED_EDGE('',*,*,#1182,.T.);
#1011=ORIENTED_EDGE('',*,*,#1388,.F.);
#1012=ORIENTED_EDGE('',*,*,#1183,.T.);
#1013=ORIENTED_EDGE('',*,*,#1389,.F.);
#1014=ORIENTED_EDGE('',*,*,#1390,.F.);
#1015=ORIENTED_EDGE('',*,*,#1391,.F.);
#1016=ORIENTED_EDGE('',*,*,#1186,.T.);
#1017=ORIENTED_EDGE('',*,*,#1392,.T.);
#1018=ORIENTED_EDGE('',*,*,#1109,.F.);
#1019=ORIENTED_EDGE('',*,*,#1110,.F.);
#1020=ORIENTED_EDGE('',*,*,#1400,.F.);
#1021=ORIENTED_EDGE('',*,*,#1401,.T.);
#1022=ORIENTED_EDGE('',*,*,#1119,.T.);
#1023=ORIENTED_EDGE('',*,*,#1376,.T.);
#1024=ORIENTED_EDGE('',*,*,#1122,.T.);
#1025=ORIENTED_EDGE('',*,*,#1118,.T.);
#1026=ORIENTED_EDGE('',*,*,#1393,.F.);
#1027=ORIENTED_EDGE('',*,*,#1394,.T.);
#1028=ORIENTED_EDGE('',*,*,#1400,.T.);
#1029=ORIENTED_EDGE('',*,*,#1125,.F.);
#1030=ORIENTED_EDGE('',*,*,#1109,.T.);
#1031=ORIENTED_EDGE('',*,*,#1126,.T.);
#1032=ORIENTED_EDGE('',*,*,#1118,.F.);
#1033=ORIENTED_EDGE('',*,*,#1121,.T.);
#1034=ORIENTED_EDGE('',*,*,#1127,.F.);
#1035=ORIENTED_EDGE('',*,*,#1128,.F.);
#1036=ORIENTED_EDGE('',*,*,#1372,.T.);
#1037=ORIENTED_EDGE('',*,*,#1129,.T.);
#1038=ORIENTED_EDGE('',*,*,#1401,.F.);
#1039=ORIENTED_EDGE('',*,*,#1395,.F.);
#1040=ORIENTED_EDGE('',*,*,#1402,.T.);
#1041=ORIENTED_EDGE('',*,*,#1163,.T.);
#1042=ORIENTED_EDGE('',*,*,#1371,.T.);
#1043=ORIENTED_EDGE('',*,*,#1152,.F.);
#1044=ORIENTED_EDGE('',*,*,#1162,.T.);
#1045=ORIENTED_EDGE('',*,*,#1396,.F.);
#1046=ORIENTED_EDGE('',*,*,#1397,.T.);
#1047=ORIENTED_EDGE('',*,*,#1164,.F.);
#1048=ORIENTED_EDGE('',*,*,#1165,.F.);
#1049=ORIENTED_EDGE('',*,*,#1403,.F.);
#1050=ORIENTED_EDGE('',*,*,#1166,.F.);
#1051=ORIENTED_EDGE('',*,*,#1167,.F.);
#1052=ORIENTED_EDGE('',*,*,#1162,.F.);
#1053=ORIENTED_EDGE('',*,*,#1174,.F.);
#1054=ORIENTED_EDGE('',*,*,#1215,.F.);
#1055=ORIENTED_EDGE('',*,*,#1171,.T.);
#1056=ORIENTED_EDGE('',*,*,#1170,.T.);
#1057=ORIENTED_EDGE('',*,*,#1212,.T.);
#1058=ORIENTED_EDGE('',*,*,#1175,.T.);
#1059=ORIENTED_EDGE('',*,*,#1402,.F.);
#1060=ORIENTED_EDGE('',*,*,#1398,.F.);
#1061=ORIENTED_EDGE('',*,*,#1399,.T.);
#1062=ORIENTED_EDGE('',*,*,#1403,.T.);
#1063=ORIENTED_EDGE('',*,*,#1176,.F.);
#1064=ORIENTED_EDGE('',*,*,#1164,.T.);
#1065=ORIENTED_EDGE('',*,*,#1393,.T.);
#1066=ORIENTED_EDGE('',*,*,#1395,.T.);
#1067=ORIENTED_EDGE('',*,*,#1394,.F.);
#1068=ORIENTED_EDGE('',*,*,#1392,.F.);
#1069=ORIENTED_EDGE('',*,*,#1396,.T.);
#1070=ORIENTED_EDGE('',*,*,#1398,.T.);
#1071=ORIENTED_EDGE('',*,*,#1399,.F.);
#1072=ORIENTED_EDGE('',*,*,#1397,.F.);
#1073=ORIENTED_EDGE('',*,*,#1414,.T.);
#1074=ORIENTED_EDGE('',*,*,#1405,.T.);
#1075=ORIENTED_EDGE('',*,*,#1415,.F.);
#1076=ORIENTED_EDGE('',*,*,#1406,.T.);
#1077=ORIENTED_EDGE('',*,*,#1284,.F.);
#1078=ORIENTED_EDGE('',*,*,#1295,.T.);
#1079=ORIENTED_EDGE('',*,*,#1350,.T.);
#1080=ORIENTED_EDGE('',*,*,#1347,.T.);
#1081=ORIENTED_EDGE('',*,*,#1294,.T.);
#1082=ORIENTED_EDGE('',*,*,#1417,.F.);
#1083=ORIENTED_EDGE('',*,*,#1416,.F.);
#1084=ORIENTED_EDGE('',*,*,#1408,.F.);
#1085=ORIENTED_EDGE('',*,*,#1418,.F.);
#1086=ORIENTED_EDGE('',*,*,#1415,.T.);
#1087=ORIENTED_EDGE('',*,*,#1419,.F.);
#1088=ORIENTED_EDGE('',*,*,#1409,.F.);
#1089=ORIENTED_EDGE('',*,*,#1413,.F.);
#1090=ORIENTED_EDGE('',*,*,#1421,.F.);
#1091=ORIENTED_EDGE('',*,*,#1416,.T.);
#1092=ORIENTED_EDGE('',*,*,#1420,.F.);
#1093=ORIENTED_EDGE('',*,*,#1414,.F.);
#1094=EDGE_CURVE('',#1750,#1751,#1539,.T.);
#1095=EDGE_CURVE('',#1751,#1752,#1540,.T.);
#1096=EDGE_CURVE('',#1752,#1753,#1541,.T.);
#1097=EDGE_CURVE('',#1753,#1750,#1542,.T.);
#1098=EDGE_CURVE('',#1755,#1754,#1422,.T.);
#1099=EDGE_CURVE('',#1750,#1756,#1543,.T.);
#1100=EDGE_CURVE('',#1756,#1757,#1544,.T.);
#1101=EDGE_CURVE('',#1757,#1758,#1545,.T.);
#1102=EDGE_CURVE('',#1758,#1751,#1546,.T.);
#1103=EDGE_CURVE('',#1752,#1759,#1547,.T.);
#1104=EDGE_CURVE('',#1759,#1753,#1548,.T.);
#1105=EDGE_CURVE('',#1760,#1761,#1549,.T.);
#1106=EDGE_CURVE('',#1761,#1762,#1550,.T.);
#1107=EDGE_CURVE('',#1762,#1763,#1551,.T.);
#1108=EDGE_CURVE('',#1763,#1760,#1552,.T.);
#1109=EDGE_CURVE('',#1766,#1942,#1553,.T.);
#1110=EDGE_CURVE('',#1767,#1766,#1423,.T.);
#1111=EDGE_CURVE('',#1753,#1770,#1554,.T.);
#1112=EDGE_CURVE('',#1772,#1773,#1424,.T.);
#1113=EDGE_CURVE('',#1774,#1750,#1555,.T.);
#1114=EDGE_CURVE('',#1774,#1775,#1425,.T.);
#1115=EDGE_CURVE('',#1775,#1756,#1426,.T.);
#1116=EDGE_CURVE('',#1759,#1776,#1427,.T.);
#1117=EDGE_CURVE('',#1776,#1770,#1428,.T.);
#1118=EDGE_CURVE('',#1777,#1944,#1556,.T.);
#1119=EDGE_CURVE('',#1778,#1779,#1557,.T.);
#1120=EDGE_CURVE('',#1781,#1782,#1429,.T.);
#1121=EDGE_CURVE('',#1777,#1781,#1430,.T.);
#1122=EDGE_CURVE('',#1780,#1777,#1431,.T.);
#1123=EDGE_CURVE('',#1760,#1761,#1558,.T.);
#1124=EDGE_CURVE('',#1762,#1763,#1559,.T.);
#1125=EDGE_CURVE('',#1766,#1767,#1432,.T.);
#1126=EDGE_CURVE('',#1783,#1783,#1433,.T.);
#1127=EDGE_CURVE('',#1772,#1781,#1560,.T.);
#1128=EDGE_CURVE('',#1771,#1772,#1434,.T.);
#1129=EDGE_CURVE('',#1787,#1778,#1561,.T.);
#1130=EDGE_CURVE('',#1768,#1769,#1435,.T.);
#1131=EDGE_CURVE('',#1785,#1768,#1562,.T.);
#1132=EDGE_CURVE('',#1786,#1785,#1436,.T.);
#1133=EDGE_CURVE('',#1769,#1786,#1563,.T.);
#1134=EDGE_CURVE('',#1788,#1789,#1564,.T.);
#1135=EDGE_CURVE('',#1754,#1788,#1565,.T.);
#1136=EDGE_CURVE('',#1789,#1755,#1566,.T.);
#1137=EDGE_CURVE('',#1764,#1765,#1437,.T.);
#1138=EDGE_CURVE('',#1791,#1790,#1567,.T.);
#1139=EDGE_CURVE('',#1765,#1791,#1568,.T.);
#1140=EDGE_CURVE('',#1792,#1793,#1569,.T.);
#1141=EDGE_CURVE('',#1793,#1794,#1570,.T.);
#1142=EDGE_CURVE('',#1794,#1795,#1571,.T.);
#1143=EDGE_CURVE('',#1795,#1792,#1572,.T.);
#1144=EDGE_CURVE('',#1797,#1796,#1438,.T.);
#1145=EDGE_CURVE('',#1792,#1798,#1573,.T.);
#1146=EDGE_CURVE('',#1798,#1793,#1574,.T.);
#1147=EDGE_CURVE('',#1794,#1799,#1575,.T.);
#1148=EDGE_CURVE('',#1799,#1800,#1576,.T.);
#1149=EDGE_CURVE('',#1800,#1801,#1577,.T.);
#1150=EDGE_CURVE('',#1801,#1795,#1578,.T.);
#1151=EDGE_CURVE('',#1795,#1802,#1579,.T.);
#1152=EDGE_CURVE('',#1804,#1805,#1439,.T.);
#1153=EDGE_CURVE('',#1806,#1792,#1580,.T.);
#1154=EDGE_CURVE('',#1807,#1808,#1581,.T.);
#1155=EDGE_CURVE('',#1808,#1809,#1582,.T.);
#1156=EDGE_CURVE('',#1809,#1810,#1583,.T.);
#1157=EDGE_CURVE('',#1810,#1807,#1584,.T.);
#1158=EDGE_CURVE('',#1806,#1813,#1440,.T.);
#1159=EDGE_CURVE('',#1813,#1798,#1441,.T.);
#1160=EDGE_CURVE('',#1801,#1814,#1442,.T.);
#1161=EDGE_CURVE('',#1814,#1802,#1443,.T.);
#1162=EDGE_CURVE('',#1804,#1946,#1585,.T.);
#1163=EDGE_CURVE('',#1815,#1816,#1586,.T.);
#1164=EDGE_CURVE('',#1817,#1948,#1587,.T.);
#1165=EDGE_CURVE('',#1818,#1817,#1444,.T.);
#1166=EDGE_CURVE('',#1819,#1820,#1445,.T.);
#1167=EDGE_CURVE('',#1820,#1819,#1446,.T.);
#1168=EDGE_CURVE('',#1820,#1823,#1588,.T.);
#1169=EDGE_CURVE('',#1824,#1819,#1589,.T.);
#1170=EDGE_CURVE('',#1823,#1825,#1447,.T.);
#1171=EDGE_CURVE('',#1826,#1823,#1448,.T.);
#1172=EDGE_CURVE('',#1807,#1808,#1590,.T.);
#1173=EDGE_CURVE('',#1809,#1810,#1591,.T.);
#1174=EDGE_CURVE('',#1803,#1804,#1449,.T.);
#1175=EDGE_CURVE('',#1830,#1815,#1592,.T.);
#1176=EDGE_CURVE('',#1817,#1818,#1450,.T.);
#1177=EDGE_CURVE('',#1821,#1822,#1451,.T.);
#1178=EDGE_CURVE('',#1828,#1821,#1593,.T.);
#1179=EDGE_CURVE('',#1829,#1828,#1452,.T.);
#1180=EDGE_CURVE('',#1822,#1829,#1594,.T.);
#1181=EDGE_CURVE('',#1831,#1832,#1595,.T.);
#1182=EDGE_CURVE('',#1796,#1831,#1596,.T.);
#1183=EDGE_CURVE('',#1832,#1797,#1597,.T.);
#1184=EDGE_CURVE('',#1811,#1812,#1453,.T.);
#1185=EDGE_CURVE('',#1834,#1833,#1598,.T.);
#1186=EDGE_CURVE('',#1812,#1834,#1599,.T.);
#1187=EDGE_CURVE('',#1835,#1836,#1454,.T.);
#1188=EDGE_CURVE('',#1836,#1837,#1600,.T.);
#1189=EDGE_CURVE('',#1837,#1840,#1455,.T.);
#1190=EDGE_CURVE('',#1838,#1835,#1601,.T.);
#1191=EDGE_CURVE('',#1839,#1838,#1456,.T.);
#1192=EDGE_CURVE('',#1840,#1839,#1457,.T.);
#1193=EDGE_CURVE('',#1841,#1842,#1602,.T.);
#1194=EDGE_CURVE('',#1843,#1841,#1458,.T.);
#1195=EDGE_CURVE('',#1844,#1843,#1603,.T.);
#1196=EDGE_CURVE('',#1842,#1844,#1459,.T.);
#1197=EDGE_CURVE('',#1846,#1847,#1460,.T.);
#1198=EDGE_CURVE('',#1847,#1949,#1604,.T.);
#1199=EDGE_CURVE('',#1850,#1851,#1461,.T.);
#1200=EDGE_CURVE('',#1849,#1840,#1605,.T.);
#1201=EDGE_CURVE('',#1837,#1852,#1462,.T.);
#1202=EDGE_CURVE('',#1852,#1853,#1606,.T.);
#1203=EDGE_CURVE('',#1853,#1850,#1463,.T.);
#1204=EDGE_CURVE('',#1854,#1855,#1464,.T.);
#1205=EDGE_CURVE('',#1855,#1848,#1607,.T.);
#1206=EDGE_CURVE('',#1847,#1856,#1465,.T.);
#1207=EDGE_CURVE('',#1856,#1857,#1608,.T.);
#1208=EDGE_CURVE('',#1857,#1854,#1466,.T.);
#1209=EDGE_CURVE('',#1802,#1803,#1609,.T.);
#1210=EDGE_CURVE('',#1814,#1853,#1467,.T.);
#1211=EDGE_CURVE('',#1858,#1830,#1610,.T.);
#1212=EDGE_CURVE('',#1825,#1830,#1468,.T.);
#1213=EDGE_CURVE('',#1825,#1824,#1611,.T.);
#1214=EDGE_CURVE('',#1824,#1826,#1612,.T.);
#1215=EDGE_CURVE('',#1826,#1803,#1469,.T.);
#1216=EDGE_CURVE('',#1850,#1862,#1613,.T.);
#1217=EDGE_CURVE('',#1863,#1864,#1614,.T.);
#1218=EDGE_CURVE('',#1864,#1861,#1615,.T.);
#1219=EDGE_CURVE('',#1853,#1867,#1616,.T.);
#1220=EDGE_CURVE('',#1867,#1862,#1470,.T.);
#1221=EDGE_CURVE('',#1862,#1863,#1617,.T.);
#1222=EDGE_CURVE('',#1867,#1868,#1618,.T.);
#1223=EDGE_CURVE('',#1868,#1863,#1471,.T.);
#1224=EDGE_CURVE('',#1869,#1870,#1619,.T.);
#1225=EDGE_CURVE('',#1870,#1752,#1620,.T.);
#1226=EDGE_CURVE('',#1751,#1871,#1621,.T.);
#1227=EDGE_CURVE('',#1871,#1872,#1472,.T.);
#1228=EDGE_CURVE('',#1872,#1869,#1622,.T.);
#1229=EDGE_CURVE('',#1873,#1872,#1623,.T.);
#1230=EDGE_CURVE('',#1871,#1874,#1624,.T.);
#1231=EDGE_CURVE('',#1874,#1873,#1473,.T.);
#1232=EDGE_CURVE('',#1847,#1873,#1625,.T.);
#1233=EDGE_CURVE('',#1874,#1856,#1626,.T.);
#1234=EDGE_CURVE('',#1875,#1876,#1627,.T.);
#1235=EDGE_CURVE('',#1784,#1875,#1474,.T.);
#1236=EDGE_CURVE('',#1757,#1784,#1628,.T.);
#1237=EDGE_CURVE('',#1877,#1757,#1629,.T.);
#1238=EDGE_CURVE('',#1876,#1877,#1475,.T.);
#1239=EDGE_CURVE('',#1876,#1875,#1630,.T.);
#1240=EDGE_CURVE('',#1758,#1877,#1631,.T.);
#1241=EDGE_CURVE('',#1784,#1758,#1632,.T.);
#1242=EDGE_CURVE('',#1865,#1866,#1633,.T.);
#1243=EDGE_CURVE('',#1878,#1865,#1476,.T.);
#1244=EDGE_CURVE('',#1800,#1878,#1634,.T.);
#1245=EDGE_CURVE('',#1827,#1800,#1635,.T.);
#1246=EDGE_CURVE('',#1866,#1827,#1477,.T.);
#1247=EDGE_CURVE('',#1866,#1865,#1636,.T.);
#1248=EDGE_CURVE('',#1799,#1827,#1637,.T.);
#1249=EDGE_CURVE('',#1878,#1799,#1638,.T.);
#1250=EDGE_CURVE('',#1870,#1879,#1639,.T.);
#1251=EDGE_CURVE('',#1880,#1776,#1478,.T.);
#1252=EDGE_CURVE('',#1881,#1882,#1479,.T.);
#1253=EDGE_CURVE('',#1883,#1881,#1640,.T.);
#1254=EDGE_CURVE('',#1884,#1883,#1480,.T.);
#1255=EDGE_CURVE('',#1882,#1884,#1641,.T.);
#1256=EDGE_CURVE('',#1842,#1841,#1642,.T.);
#1257=EDGE_CURVE('',#1843,#1844,#1643,.T.);
#1258=EDGE_CURVE('',#1836,#1858,#1481,.T.);
#1259=EDGE_CURVE('',#1852,#1858,#1644,.T.);
#1260=EDGE_CURVE('',#1887,#1854,#1645,.T.);
#1261=EDGE_CURVE('',#1857,#1888,#1646,.T.);
#1262=EDGE_CURVE('',#1888,#1887,#1482,.T.);
#1263=EDGE_CURVE('',#1889,#1881,#1483,.T.);
#1264=EDGE_CURVE('',#1890,#1889,#1647,.T.);
#1265=EDGE_CURVE('',#1883,#1890,#1484,.T.);
#1266=EDGE_CURVE('',#1883,#1881,#1648,.T.);
#1267=EDGE_CURVE('',#1889,#1890,#1649,.T.);
#1268=EDGE_CURVE('',#1860,#1841,#1485,.T.);
#1269=EDGE_CURVE('',#1859,#1860,#1650,.T.);
#1270=EDGE_CURVE('',#1842,#1859,#1486,.T.);
#1271=EDGE_CURVE('',#1860,#1859,#1651,.T.);
#1272=EDGE_CURVE('',#1891,#1892,#1487,.T.);
#1273=EDGE_CURVE('',#1892,#1893,#1488,.T.);
#1274=EDGE_CURVE('',#1894,#1895,#1652,.T.);
#1275=EDGE_CURVE('',#1896,#1897,#1489,.T.);
#1276=EDGE_CURVE('',#1897,#1898,#1490,.T.);
#1277=EDGE_CURVE('',#1839,#1885,#1653,.T.);
#1278=EDGE_CURVE('',#1904,#1897,#1491,.T.);
#1279=EDGE_CURVE('',#1896,#1838,#1492,.T.);
#1280=EDGE_CURVE('',#1886,#1905,#1654,.T.);
#1281=EDGE_CURVE('',#1905,#1906,#1493,.T.);
#1282=EDGE_CURVE('',#1906,#1893,#1494,.T.);
#1283=EDGE_CURVE('',#1892,#1907,#1495,.T.);
#1284=EDGE_CURVE('',#1907,#1957,#1655,.T.);
#1285=EDGE_CURVE('',#1900,#1884,#1496,.T.);
#1286=EDGE_CURVE('',#1901,#1900,#1656,.T.);
#1287=EDGE_CURVE('',#1882,#1901,#1497,.T.);
#1288=EDGE_CURVE('',#1900,#1901,#1657,.T.);
#1289=EDGE_CURVE('',#1882,#1884,#1658,.T.);
#1290=EDGE_CURVE('',#1902,#1844,#1498,.T.);
#1291=EDGE_CURVE('',#1903,#1902,#1659,.T.);
#1292=EDGE_CURVE('',#1843,#1903,#1499,.T.);
#1293=EDGE_CURVE('',#1902,#1903,#1660,.T.);
#1294=EDGE_CURVE('',#1909,#1904,#1500,.T.);
#1295=EDGE_CURVE('',#1907,#1910,#1501,.T.);
#1296=EDGE_CURVE('',#1911,#1912,#1661,.T.);
#1297=EDGE_CURVE('',#1912,#1913,#1662,.T.);
#1298=EDGE_CURVE('',#1914,#1892,#1663,.T.);
#1299=EDGE_CURVE('',#1904,#1917,#1664,.T.);
#1300=EDGE_CURVE('',#1917,#1918,#1502,.T.);
#1301=EDGE_CURVE('',#1918,#1897,#1665,.T.);
#1302=EDGE_CURVE('',#1919,#1918,#1666,.T.);
#1303=EDGE_CURVE('',#1917,#1920,#1667,.T.);
#1304=EDGE_CURVE('',#1920,#1919,#1503,.T.);
#1305=EDGE_CURVE('',#1912,#1921,#1668,.T.);
#1306=EDGE_CURVE('',#1921,#1922,#1669,.T.);
#1307=EDGE_CURVE('',#1922,#1913,#1504,.T.);
#1308=EDGE_CURVE('',#1913,#1914,#1670,.T.);
#1309=EDGE_CURVE('',#1922,#1923,#1671,.T.);
#1310=EDGE_CURVE('',#1923,#1914,#1505,.T.);
#1311=EDGE_CURVE('',#1923,#1907,#1672,.T.);
#1312=EDGE_CURVE('',#1915,#1916,#1673,.T.);
#1313=EDGE_CURVE('',#1924,#1915,#1506,.T.);
#1314=EDGE_CURVE('',#1925,#1924,#1674,.T.);
#1315=EDGE_CURVE('',#1916,#1925,#1507,.T.);
#1316=EDGE_CURVE('',#1916,#1915,#1675,.T.);
#1317=EDGE_CURVE('',#1924,#1925,#1676,.T.);
#1318=EDGE_CURVE('',#1926,#1927,#1677,.T.);
#1319=EDGE_CURVE('',#1928,#1926,#1508,.T.);
#1320=EDGE_CURVE('',#1929,#1928,#1678,.T.);
#1321=EDGE_CURVE('',#1927,#1929,#1509,.T.);
#1322=EDGE_CURVE('',#1927,#1926,#1679,.T.);
#1323=EDGE_CURVE('',#1928,#1929,#1680,.T.);
#1324=EDGE_CURVE('',#1921,#1930,#1681,.T.);
#1325=EDGE_CURVE('',#1835,#1931,#1682,.T.);
#1326=EDGE_CURVE('',#1931,#1887,#1510,.T.);
#1327=EDGE_CURVE('',#1887,#1836,#1683,.T.);
#1328=EDGE_CURVE('',#1931,#1906,#1684,.T.);
#1329=EDGE_CURVE('',#1855,#1905,#1511,.T.);
#1330=EDGE_CURVE('',#1895,#1896,#1685,.T.);
#1331=EDGE_CURVE('',#1895,#1835,#1512,.T.);
#1332=EDGE_CURVE('',#1894,#1931,#1513,.T.);
#1333=EDGE_CURVE('',#1893,#1894,#1686,.T.);
#1334=EDGE_CURVE('',#1932,#1869,#1687,.T.);
#1335=EDGE_CURVE('',#1933,#1864,#1514,.T.);
#1336=EDGE_CURVE('',#1868,#1794,#1688,.T.);
#1337=EDGE_CURVE('',#1793,#1933,#1689,.T.);
#1338=EDGE_CURVE('',#1919,#1935,#1690,.T.);
#1339=EDGE_CURVE('',#1935,#1934,#1691,.T.);
#1340=EDGE_CURVE('',#1936,#1935,#1515,.T.);
#1341=EDGE_CURVE('',#1920,#1936,#1692,.T.);
#1342=EDGE_CURVE('',#1937,#1936,#1693,.T.);
#1343=EDGE_CURVE('',#1898,#1899,#1694,.T.);
#1344=EDGE_CURVE('',#1934,#1898,#1695,.T.);
#1345=EDGE_CURVE('',#1937,#1934,#1696,.T.);
#1346=EDGE_CURVE('',#1909,#1937,#1697,.T.);
#1347=EDGE_CURVE('',#1908,#1909,#1698,.T.);
#1348=EDGE_CURVE('',#1899,#1908,#1699,.T.);
#1349=EDGE_CURVE('',#1899,#1891,#1700,.T.);
#1350=EDGE_CURVE('',#1910,#1908,#1701,.T.);
#1351=EDGE_CURVE('',#1930,#1910,#1702,.T.);
#1352=EDGE_CURVE('',#1911,#1930,#1703,.T.);
#1353=EDGE_CURVE('',#1891,#1911,#1704,.T.);
#1354=EDGE_CURVE('',#1933,#1938,#1705,.T.);
#1355=EDGE_CURVE('',#1938,#1861,#1706,.T.);
#1356=EDGE_CURVE('',#1938,#1939,#1707,.T.);
#1357=EDGE_CURVE('',#1939,#1940,#1708,.T.);
#1358=EDGE_CURVE('',#1940,#1845,#1709,.T.);
#1359=EDGE_CURVE('',#1851,#1845,#1710,.T.);
#1360=EDGE_CURVE('',#1861,#1851,#1711,.T.);
#1361=EDGE_CURVE('',#1932,#1879,#1712,.T.);
#1362=EDGE_CURVE('',#1845,#1846,#1713,.T.);
#1363=EDGE_CURVE('',#1940,#1880,#1714,.T.);
#1364=EDGE_CURVE('',#1879,#1880,#1715,.T.);
#1365=EDGE_CURVE('',#1846,#1932,#1716,.T.);
#1366=EDGE_CURVE('',#1787,#1816,#1717,.T.);
#1367=EDGE_CURVE('',#1888,#1779,#1718,.T.);
#1368=EDGE_CURVE('',#1813,#1939,#1516,.T.);
#1369=EDGE_CURVE('',#1775,#1856,#1517,.T.);
#1370=EDGE_CURVE('',#1805,#1806,#1719,.T.);
#1371=EDGE_CURVE('',#1816,#1805,#1518,.T.);
#1372=EDGE_CURVE('',#1771,#1787,#1720,.T.);
#1373=EDGE_CURVE('',#1770,#1771,#1721,.T.);
#1374=EDGE_CURVE('',#1782,#1773,#1722,.T.);
#1375=EDGE_CURVE('',#1782,#1780,#1723,.T.);
#1376=EDGE_CURVE('',#1779,#1780,#1724,.T.);
#1377=EDGE_CURVE('',#1773,#1774,#1725,.T.);
#1378=EDGE_CURVE('',#1785,#1786,#1519,.T.);
#1379=EDGE_CURVE('',#1769,#1768,#1520,.T.);
#1380=EDGE_CURVE('',#1754,#1755,#1521,.T.);
#1381=EDGE_CURVE('',#1789,#1788,#1726,.T.);
#1382=EDGE_CURVE('',#1790,#1791,#1727,.T.);
#1383=EDGE_CURVE('',#1764,#1790,#1728,.T.);
#1384=EDGE_CURVE('',#1765,#1764,#1522,.T.);
#1385=EDGE_CURVE('',#1828,#1829,#1523,.T.);
#1386=EDGE_CURVE('',#1822,#1821,#1524,.T.);
#1387=EDGE_CURVE('',#1796,#1797,#1525,.T.);
#1388=EDGE_CURVE('',#1832,#1831,#1729,.T.);
#1389=EDGE_CURVE('',#1833,#1834,#1730,.T.);
#1390=EDGE_CURVE('',#1811,#1833,#1731,.T.);
#1391=EDGE_CURVE('',#1812,#1811,#1526,.T.);
#1392=EDGE_CURVE('',#1941,#1942,#1732,.T.);
#1393=EDGE_CURVE('',#1943,#1944,#1733,.T.);
#1394=EDGE_CURVE('',#1942,#1941,#1734,.T.);
#1395=EDGE_CURVE('',#1944,#1943,#1735,.T.);
#1396=EDGE_CURVE('',#1945,#1946,#1736,.T.);
#1397=EDGE_CURVE('',#1947,#1948,#1737,.T.);
#1398=EDGE_CURVE('',#1946,#1945,#1738,.T.);
#1399=EDGE_CURVE('',#1948,#1947,#1739,.T.);
#1400=EDGE_CURVE('',#1941,#1767,#1740,.T.);
#1401=EDGE_CURVE('',#1943,#1778,#1741,.T.);
#1402=EDGE_CURVE('',#1945,#1815,#1742,.T.);
#1403=EDGE_CURVE('',#1947,#1818,#1743,.T.);
#1404=EDGE_CURVE('',#1950,#1850,#1744,.T.);
#1405=EDGE_CURVE('',#1952,#1951,#1527,.T.);
#1406=EDGE_CURVE('',#1954,#1953,#1528,.T.);
#1407=EDGE_CURVE('',#1848,#1955,#1529,.T.);
#1408=EDGE_CURVE('',#1955,#1949,#1530,.T.);
#1409=EDGE_CURVE('',#1950,#1956,#1531,.T.);
#1410=EDGE_CURVE('',#1956,#1849,#1532,.T.);
#1411=EDGE_CURVE('',#1885,#1958,#1533,.T.);
#1412=EDGE_CURVE('',#1886,#1957,#1534,.T.);
#1413=EDGE_CURVE('',#1949,#1950,#1535,.T.);
#1414=EDGE_CURVE('',#1953,#1952,#1536,.T.);
#1415=EDGE_CURVE('',#1954,#1951,#1537,.T.);
#1416=EDGE_CURVE('',#1957,#1958,#1538,.T.);
#1417=EDGE_CURVE('',#1958,#1904,#1745,.T.);
#1418=EDGE_CURVE('',#1954,#1955,#1746,.T.);
#1419=EDGE_CURVE('',#1956,#1951,#1747,.T.);
#1420=EDGE_CURVE('',#1952,#1958,#1748,.T.);
#1421=EDGE_CURVE('',#1957,#1953,#1749,.T.);
#1422=B_SPLINE_CURVE_WITH_KNOTS('',3,(#3076,#3077,#3078,#3079,#3080,#3081,
#3082,#3083,#3084,#3085,#3086,#3087,#3088,#3089,#3090,#3091,#3092,#3093,
#3094),.UNSPECIFIED.,.F.,.F.,(4,2,2,2,3,2,2,2,4),(0.,1.21622184287809,2.43445868671838,
3.65418983014258,4.87269159048687,6.09119335083037,7.31092449425377,8.52916133809367,
9.74538318097377),.UNSPECIFIED.);
#1423=B_SPLINE_CURVE_WITH_KNOTS('',3,(#3133,#3134,#3135,#3136,#3137,#3138,
#3139,#3140,#3141,#3142,#3143,#3144,#3145,#3146,#3147,#3148,#3149,#3150,
#3151,#3152,#3153,#3154,#3155,#3156,#3157,#3158),.UNSPECIFIED.,.F.,.F.,
(4,2,2,2,2,2,3,2,3,2,2,4),(-16.5656657852427,-14.4921731245726,-13.4492622653781,
-12.4047570774421,-10.3288003039266,-9.29658992890804,-8.26409876463838,
-6.49815649232011,-4.72375995053938,-3.53940920001359,-2.35655300885207,
0.),.UNSPECIFIED.);
#1424=B_SPLINE_CURVE_WITH_KNOTS('',3,(#3164,#3165,#3166,#3167,#3168,#3169,
#3170,#3171,#3172,#3173,#3174,#3175,#3176,#3177,#3178,#3179,#3180),
 .UNSPECIFIED.,.F.,.F.,(4,3,2,3,2,3,4),(0.,0.936536922341274,4.45311923454557,
8.02238349750347,10.9640535361091,13.8777476853071,14.4211891434945),
 .UNSPECIFIED.);
#1425=B_SPLINE_CURVE_WITH_KNOTS('',1,(#3186,#3187),.UNSPECIFIED.,.F.,.F.,
(2,2),(0.,1.1920442692924),.UNSPECIFIED.);
#1426=B_SPLINE_CURVE_WITH_KNOTS('',1,(#3188,#3189),.UNSPECIFIED.,.F.,.F.,
(2,2),(0.,10.9936480934313),.UNSPECIFIED.);
#1427=B_SPLINE_CURVE_WITH_KNOTS('',1,(#3190,#3191),.UNSPECIFIED.,.F.,.F.,
(2,2),(0.,10.9936480934313),.UNSPECIFIED.);
#1428=B_SPLINE_CURVE_WITH_KNOTS('',1,(#3192,#3193),.UNSPECIFIED.,.F.,.F.,
(2,2),(0.,1.1920442692923),.UNSPECIFIED.);
#1429=B_SPLINE_CURVE_WITH_KNOTS('',3,(#3199,#3200,#3201,#3202,#3203,#3204,
#3205,#3206,#3207,#3208,#3209,#3210,#3211,#3212,#3213,#3214,#3215,#3216,
#3217,#3218,#3219,#3220,#3221,#3222,#3223,#3224,#3225),.UNSPECIFIED.,.F.,
 .F.,(4,2,2,2,3,2,2,2,3,2,3,4),(-13.8124787302772,-12.4306054707333,-11.0577309850024,
-9.71049035644025,-8.36337272673108,-7.19294081895207,-6.02182968402187,
-4.85071854951247,-3.68028664211846,-2.09018072830461,-0.498926658730853,
0.),.UNSPECIFIED.);
#1430=B_SPLINE_CURVE_WITH_KNOTS('',3,(#3226,#3227,#3228,#3229,#3230,#3231,
#3232),.UNSPECIFIED.,.F.,.F.,(4,3,4),(-2.80765163943627,-1.40382581971814,
0.),.UNSPECIFIED.);
#1431=B_SPLINE_CURVE_WITH_KNOTS('',3,(#3233,#3234,#3235,#3236,#3237,#3238,
#3239,#3240,#3241,#3242,#3243,#3244,#3245,#3246,#3247,#3248,#3249,#3250,
#3251,#3252,#3253,#3254,#3255,#3256,#3257,#3258,#3259),.UNSPECIFIED.,.F.,
 .F.,(4,3,2,3,2,2,2,3,2,2,2,4),(-13.8124787302771,-13.3135520715463,-11.7222980019721,
-10.1321920881587,-8.96176018076402,-7.79064904625573,-6.61953791132485,
-5.44910600354605,-4.10198837383664,-2.75474774527468,-1.38187325954379,
0.),.UNSPECIFIED.);
#1432=B_SPLINE_CURVE_WITH_KNOTS('',3,(#3270,#3271,#3272,#3273,#3274,#3275,
#3276,#3277,#3278,#3279,#3280,#3281,#3282,#3283,#3284,#3285,#3286,#3287,
#3288,#3289,#3290,#3291,#3292,#3293,#3294,#3295),.UNSPECIFIED.,.F.,.F.,
(4,2,2,2,2,2,3,2,3,2,2,4),(-16.5656657852429,-14.4921731245709,-13.4492622653787,
-12.4047570774455,-10.328800303931,-9.29658992891149,-8.26409876463849,
-6.49815649232035,-4.7237599505394,-3.53940920001361,-2.3565530088513,0.),
 .UNSPECIFIED.);
#1433=B_SPLINE_CURVE_WITH_KNOTS('',3,(#3296,#3297,#3298,#3299,#3300,#3301,
#3302,#3303,#3304,#3305,#3306,#3307,#3308,#3309,#3310,#3311,#3312,#3313,
#3314,#3315,#3316,#3317,#3318,#3319,#3320,#3321,#3322,#3323,#3324,#3325,
#3326,#3327,#3328,#3329,#3330,#3331,#3332,#3333,#3334,#3335,#3336,#3337,
#3338),.UNSPECIFIED.,.T.,.F.,(4,2,2,2,2,2,2,2,2,2,3,2,2,2,2,2,2,2,2,2,4),
(0.,0.327308706975196,0.654278913876027,1.307026278904,1.94254818906659,
2.57763203203497,3.21271587500372,3.84823778516604,4.50098514917138,4.82795535608355,
5.15526406306335,5.49790386423114,5.81492333242299,6.47265758672553,7.1126571034045,
7.75224161408473,8.38267456959532,9.01355341888776,9.66134093412899,9.9857842240432,
10.3105540592343),.UNSPECIFIED.);
#1434=B_SPLINE_CURVE_WITH_KNOTS('',3,(#3341,#3342,#3343,#3344,#3345,#3346,
#3347,#3348,#3349,#3350,#3351,#3352,#3353,#3354,#3355,#3356,#3357,#3358,
#3359,#3360,#3361,#3362,#3363,#3364,#3365,#3366,#3367,#3368,#3369,#3370,
#3371,#3372,#3373,#3374,#3375,#3376,#3377,#3378,#3379),.UNSPECIFIED.,.F.,
 .F.,(4,2,3,2,3,3,2,2,2,2,2,2,2,2,2,2,2,4),(-27.8967536816599,-25.0478915294586,
-21.4816628057221,-18.5399927671161,-15.6262986179184,-14.4217061208586,
-12.6521498701033,-10.8831935471952,-9.99698654056826,-9.11345873385826,
-8.23743294001676,-7.37110400217315,-6.35673149112784,-5.42256759496124,
-4.51350015243383,-3.59165614291492,-1.79741821885131,0.),.UNSPECIFIED.);
#1435=B_SPLINE_CURVE_WITH_KNOTS('',3,(#3383,#3384,#3385,#3386,#3387,#3388,
#3389,#3390,#3391,#3392,#3393,#3394,#3395,#3396,#3397,#3398,#3399,#3400,
#3401),.UNSPECIFIED.,.F.,.F.,(4,2,2,2,3,2,2,2,4),(-4.75282827674245,-4.15848299285346,
-3.56461976270277,-2.97077179054204,-2.37641413837119,-1.78205648620039,
-1.18820851403972,-0.594345283888747,0.),.UNSPECIFIED.);
#1436=B_SPLINE_CURVE_WITH_KNOTS('',3,(#3404,#3405,#3406,#3407,#3408,#3409,
#3410,#3411,#3412,#3413,#3414,#3415,#3416,#3417,#3418,#3419,#3420,#3421,
#3422),.UNSPECIFIED.,.F.,.F.,(4,2,2,2,3,2,2,2,4),(-4.76883289350581,-4.17214795092152,
-3.5766087361442,-2.98117132229365,-2.38441642934316,-1.78763874625028,
-1.19221956644767,-0.596700817131353,0.),.UNSPECIFIED.);
#1437=B_SPLINE_CURVE_WITH_KNOTS('',3,(#3434,#3435,#3436,#3437,#3438,#3439,
#3440,#3441,#3442,#3443,#3444,#3445,#3446,#3447,#3448,#3449,#3450,#3451,
#3452),.UNSPECIFIED.,.F.,.F.,(4,2,2,2,3,2,2,2,4),(-4.7688328935058,-4.17213207637428,
-3.57661332705779,-2.98119414725536,-2.38441646416264,-1.78766157121203,
-1.19222415736141,-0.59668494258414,0.),.UNSPECIFIED.);
#1438=B_SPLINE_CURVE_WITH_KNOTS('',3,(#3470,#3471,#3472,#3473,#3474,#3475,
#3476,#3477,#3478,#3479,#3480,#3481,#3482,#3483,#3484,#3485,#3486,#3487,
#3488),.UNSPECIFIED.,.F.,.F.,(4,2,2,2,3,2,2,2,4),(0.,1.2162218428782,2.43445868671851,
3.65418983014271,4.87269159048691,6.09119335083041,7.3109244942541,8.5291613380938,
9.7453831809738),.UNSPECIFIED.);
#1439=B_SPLINE_CURVE_WITH_KNOTS('',3,(#3516,#3517,#3518,#3519,#3520,#3521,
#3522,#3523,#3524,#3525,#3526,#3527,#3528,#3529,#3530,#3531,#3532),
 .UNSPECIFIED.,.F.,.F.,(4,3,2,3,2,3,4),(0.,0.936536922971672,4.45311923517597,
8.02238349813387,10.9640535367394,13.8777476859375,14.4211891441249),
 .UNSPECIFIED.);
#1440=B_SPLINE_CURVE_WITH_KNOTS('',1,(#3552,#3553),.UNSPECIFIED.,.F.,.F.,
(2,2),(0.,1.1920442692924),.UNSPECIFIED.);
#1441=B_SPLINE_CURVE_WITH_KNOTS('',1,(#3554,#3555),.UNSPECIFIED.,.F.,.F.,
(2,2),(0.,10.9936480934313),.UNSPECIFIED.);
#1442=B_SPLINE_CURVE_WITH_KNOTS('',1,(#3556,#3557),.UNSPECIFIED.,.F.,.F.,
(2,2),(0.,10.9936480934313),.UNSPECIFIED.);
#1443=B_SPLINE_CURVE_WITH_KNOTS('',1,(#3558,#3559),.UNSPECIFIED.,.F.,.F.,
(2,2),(0.,1.1920442692923),.UNSPECIFIED.);
#1444=B_SPLINE_CURVE_WITH_KNOTS('',3,(#3567,#3568,#3569,#3570,#3571,#3572,
#3573,#3574,#3575,#3576,#3577,#3578,#3579,#3580,#3581,#3582,#3583,#3584,
#3585,#3586,#3587,#3588,#3589,#3590,#3591,#3592),.UNSPECIFIED.,.F.,.F.,
(4,2,2,2,2,2,3,2,3,2,2,4),(-16.5656657852428,-14.4921731245727,-13.4492622653782,
-12.4047570774422,-10.3288003039267,-9.29658992890809,-8.26409876463845,
-6.49815649232016,-4.72375995053941,-3.53940920001361,-2.35655300885209,
0.),.UNSPECIFIED.);
#1445=B_SPLINE_CURVE_WITH_KNOTS('',3,(#3593,#3594,#3595,#3596,#3597,#3598,
#3599,#3600,#3601,#3602,#3603,#3604,#3605,#3606,#3607,#3608,#3609,#3610,
#3611,#3612,#3613,#3614),.UNSPECIFIED.,.F.,.F.,(4,2,2,2,2,2,2,2,2,2,4),
(-4.82728322833094,-4.50912834562944,-4.21434818486424,-3.6033128760391,
-3.00831109137818,-2.41364161486719,-1.81897213835317,-1.22397035368817,
-0.612935043853874,-0.318154882703368,0.),.UNSPECIFIED.);
#1446=B_SPLINE_CURVE_WITH_KNOTS('',3,(#3615,#3616,#3617,#3618,#3619,#3620,
#3621,#3622,#3623,#3624,#3625,#3626,#3627,#3628,#3629,#3630,#3631,#3632,
#3633,#3634,#3635,#3636),.UNSPECIFIED.,.F.,.F.,(4,2,2,2,2,2,2,2,2,2,4),
(-4.8272646183142,-4.52297911076892,-4.21902335376893,-3.61233397022352,
-3.02124166415622,-2.43050146068067,-1.83177447007319,-1.23272212147224,
-0.617363071259641,-0.32059302585383,0.),.UNSPECIFIED.);
#1447=B_SPLINE_CURVE_WITH_KNOTS('',3,(#3641,#3642,#3643,#3644,#3645,#3646,
#3647,#3648,#3649,#3650,#3651,#3652,#3653,#3654,#3655,#3656,#3657,#3658,
#3659,#3660,#3661,#3662,#3663,#3664,#3665,#3666,#3667,#3668,#3669,#3670,
#3671,#3672,#3673),.UNSPECIFIED.,.F.,.F.,(4,2,2,2,3,2,3,2,2,2,3,2,2,2,4),
(-15.1438394100955,-14.2414638222265,-13.3387693511119,-12.44344543645,
-11.5498098685204,-9.88053679702146,-8.21243689965916,-7.11765667427506,
-6.02238820215702,-4.92711972976412,-3.83233950411492,-2.85472520234421,
-1.87725178713154,-0.896293721673977,0.),.UNSPECIFIED.);
#1448=B_SPLINE_CURVE_WITH_KNOTS('',3,(#3674,#3675,#3676,#3677,#3678,#3679,
#3680,#3681,#3682,#3683,#3684,#3685,#3686,#3687,#3688,#3689,#3690,#3691,
#3692,#3693,#3694,#3695,#3696,#3697,#3698,#3699,#3700,#3701,#3702,#3703,
#3704,#3705,#3706),.UNSPECIFIED.,.F.,.F.,(4,2,2,2,3,2,2,2,3,2,3,2,2,2,4),
(-15.1438394100935,-14.2475456884197,-13.2665876229628,-12.2891142077497,
-11.3114999059786,-10.2167196803305,-9.12145120793701,-8.02618273581884,
-6.93140251043438,-5.26330261307195,-3.59402954157315,-2.70039397345506,
-1.80507005866237,-0.902375587708087,0.),.UNSPECIFIED.);
#1449=B_SPLINE_CURVE_WITH_KNOTS('',3,(#3717,#3718,#3719,#3720,#3721,#3722,
#3723,#3724,#3725,#3726,#3727,#3728,#3729,#3730,#3731,#3732,#3733,#3734,
#3735,#3736,#3737,#3738,#3739,#3740,#3741,#3742,#3743,#3744,#3745,#3746,
#3747,#3748,#3749,#3750,#3751,#3752,#3753,#3754,#3755),.UNSPECIFIED.,.F.,
 .F.,(4,2,3,2,3,3,2,2,2,2,2,2,2,2,2,2,2,4),(-27.8967536810284,-25.0478915288271,
-21.4816628050906,-18.5399927664846,-15.6262986172869,-14.4217061202271,
-12.6521498694713,-10.8831935465628,-9.99698653993552,-9.11345873322529,
-8.23743293938356,-7.37110400153972,-6.35673149049416,-5.42256759432733,
-4.51350015179969,-3.59165614228054,-1.79741821821647,0.),.UNSPECIFIED.);
#1450=B_SPLINE_CURVE_WITH_KNOTS('',3,(#3759,#3760,#3761,#3762,#3763,#3764,
#3765,#3766,#3767,#3768,#3769,#3770,#3771,#3772,#3773,#3774,#3775,#3776,
#3777,#3778,#3779,#3780,#3781,#3782,#3783,#3784),.UNSPECIFIED.,.F.,.F.,
(4,2,2,2,2,2,3,2,3,2,2,4),(-16.5656657852428,-14.4921731245708,-13.4492622653786,
-12.4047570774454,-10.3288003039309,-9.29658992891145,-8.26409876463843,
-6.4981564923203,-4.72375995053937,-3.53940920001358,-2.35655300885128,
0.),.UNSPECIFIED.);
#1451=B_SPLINE_CURVE_WITH_KNOTS('',3,(#3785,#3786,#3787,#3788,#3789,#3790,
#3791,#3792,#3793,#3794,#3795,#3796,#3797,#3798,#3799,#3800,#3801,#3802,
#3803),.UNSPECIFIED.,.F.,.F.,(4,2,2,2,3,2,2,2,4),(-4.75282827674247,-4.15848299285359,
-3.56461976270275,-2.97077179054215,-2.37641413837125,-1.78205648620039,
-1.18820851403964,-0.594345283888843,0.),.UNSPECIFIED.);
#1452=B_SPLINE_CURVE_WITH_KNOTS('',3,(#3806,#3807,#3808,#3809,#3810,#3811,
#3812,#3813,#3814,#3815,#3816,#3817,#3818,#3819,#3820,#3821,#3822,#3823,
#3824),.UNSPECIFIED.,.F.,.F.,(4,2,2,2,3,2,2,2,4),(-4.76883289350577,-4.17214795092165,
-3.57660873614453,-2.98117132229369,-2.38441642934308,-1.78763874625035,
-1.19221956644781,-0.596700817131343,0.),.UNSPECIFIED.);
#1453=B_SPLINE_CURVE_WITH_KNOTS('',3,(#3836,#3837,#3838,#3839,#3840,#3841,
#3842,#3843,#3844,#3845,#3846,#3847,#3848,#3849,#3850,#3851,#3852,#3853,
#3854),.UNSPECIFIED.,.F.,.F.,(4,2,2,2,3,2,2,2,4),(-4.76883289350576,-4.17213207637418,
-3.57661332705769,-2.98119414725541,-2.38441646416269,-1.78766157121218,
-1.19222415736139,-0.596684942584122,0.),.UNSPECIFIED.);
#1454=B_SPLINE_CURVE_WITH_KNOTS('',1,(#3862,#3863,#3864,#3865),
 .UNSPECIFIED.,.F.,.F.,(2,1,1,2),(0.,1.45992412738621,2.95992420846489,
4.),.UNSPECIFIED.);
#1455=B_SPLINE_CURVE_WITH_KNOTS('',1,(#3869,#3870),.UNSPECIFIED.,.F.,.F.,
(2,2),(-4.,-2.95992420846489),.UNSPECIFIED.);
#1456=B_SPLINE_CURVE_WITH_KNOTS('',1,(#3874,#3875),.UNSPECIFIED.,.F.,.F.,
(2,2),(-1.45992412738621,0.),.UNSPECIFIED.);
#1457=B_SPLINE_CURVE_WITH_KNOTS('',1,(#3876,#3877),.UNSPECIFIED.,.F.,.F.,
(2,2),(-2.95992420846489,-1.45992412738621),.UNSPECIFIED.);
#1458=B_SPLINE_CURVE_WITH_KNOTS('',1,(#3883,#3884,#3885,#3886),
 .UNSPECIFIED.,.F.,.F.,(2,1,1,2),(-3.99999999999998,-2.54007587261378,-1.0400757915351,
0.),.UNSPECIFIED.);
#1459=B_SPLINE_CURVE_WITH_KNOTS('',1,(#3892,#3893,#3894,#3895),
 .UNSPECIFIED.,.F.,.F.,(2,1,1,2),(-3.99999999999998,-2.95992420846488,-1.4599241273862,
0.),.UNSPECIFIED.);
#1460=B_SPLINE_CURVE_WITH_KNOTS('',1,(#3896,#3897),.UNSPECIFIED.,.F.,.F.,
(2,2),(0.,43.0952809720095),.UNSPECIFIED.);
#1461=B_SPLINE_CURVE_WITH_KNOTS('',1,(#3901,#3902),.UNSPECIFIED.,.F.,.F.,
(2,2),(0.,43.0952809720095),.UNSPECIFIED.);
#1462=B_SPLINE_CURVE_WITH_KNOTS('',1,(#3906,#3907),.UNSPECIFIED.,.F.,.F.,
(2,2),(0.,2.9599242084649),.UNSPECIFIED.);
#1463=B_SPLINE_CURVE_WITH_KNOTS('',1,(#3911,#3912),.UNSPECIFIED.,.F.,.F.,
(2,2),(0.,4.),.UNSPECIFIED.);
#1464=B_SPLINE_CURVE_WITH_KNOTS('',1,(#3913,#3914),.UNSPECIFIED.,.F.,.F.,
(2,2),(0.,1.0400757915351),.UNSPECIFIED.);
#1465=B_SPLINE_CURVE_WITH_KNOTS('',1,(#3918,#3919),.UNSPECIFIED.,.F.,.F.,
(2,2),(0.,4.),.UNSPECIFIED.);
#1466=B_SPLINE_CURVE_WITH_KNOTS('',1,(#3923,#3924),.UNSPECIFIED.,.F.,.F.,
(2,2),(0.,2.9599242084649),.UNSPECIFIED.);
#1467=B_SPLINE_CURVE_WITH_KNOTS('',1,(#3927,#3928),.UNSPECIFIED.,.F.,.F.,
(2,2),(0.,5.443275457647),.UNSPECIFIED.);
#1468=B_SPLINE_CURVE_WITH_KNOTS('',1,(#3932,#3933),.UNSPECIFIED.,.F.,.F.,
(2,2),(-2.58944568056102,0.),.UNSPECIFIED.);
#1469=B_SPLINE_CURVE_WITH_KNOTS('',1,(#3940,#3941),.UNSPECIFIED.,.F.,.F.,
(2,2),(0.,11.8974576428726),.UNSPECIFIED.);
#1470=B_SPLINE_CURVE_WITH_KNOTS('',1,(#3954,#3955),.UNSPECIFIED.,.F.,.F.,
(2,2),(0.,4.),.UNSPECIFIED.);
#1471=B_SPLINE_CURVE_WITH_KNOTS('',1,(#3962,#3963),.UNSPECIFIED.,.F.,.F.,
(2,2),(-4.,0.),.UNSPECIFIED.);
#1472=B_SPLINE_CURVE_WITH_KNOTS('',1,(#3972,#3973),.UNSPECIFIED.,.F.,.F.,
(2,2),(0.,4.),.UNSPECIFIED.);
#1473=B_SPLINE_CURVE_WITH_KNOTS('',1,(#3983,#3984),.UNSPECIFIED.,.F.,.F.,
(2,2),(-4.,0.),.UNSPECIFIED.);
#1474=B_SPLINE_CURVE_WITH_KNOTS('',1,(#3996,#3997),.UNSPECIFIED.,.F.,.F.,
(2,2),(-4.,0.),.UNSPECIFIED.);
#1475=B_SPLINE_CURVE_WITH_KNOTS('',1,(#4006,#4007),.UNSPECIFIED.,.F.,.F.,
(2,2),(-4.,0.),.UNSPECIFIED.);
#1476=B_SPLINE_CURVE_WITH_KNOTS('',1,(#4026,#4027),.UNSPECIFIED.,.F.,.F.,
(2,2),(-4.,0.),.UNSPECIFIED.);
#1477=B_SPLINE_CURVE_WITH_KNOTS('',1,(#4036,#4037),.UNSPECIFIED.,.F.,.F.,
(2,2),(-4.,0.),.UNSPECIFIED.);
#1478=B_SPLINE_CURVE_WITH_KNOTS('',1,(#4054,#4055),.UNSPECIFIED.,.F.,.F.,
(2,2),(0.,21.3981592668669),.UNSPECIFIED.);
#1479=B_SPLINE_CURVE_WITH_KNOTS('',1,(#4056,#4057,#4058,#4059),
 .UNSPECIFIED.,.F.,.F.,(2,1,1,2),(-3.99999999999998,-2.95992420846488,-1.4599241273862,
0.),.UNSPECIFIED.);
#1480=B_SPLINE_CURVE_WITH_KNOTS('',1,(#4065,#4066,#4067,#4068),
 .UNSPECIFIED.,.F.,.F.,(2,1,1,2),(-3.99999999999998,-2.54007587261378,-1.0400757915351,
0.),.UNSPECIFIED.);
#1481=B_SPLINE_CURVE_WITH_KNOTS('',1,(#4084,#4085),.UNSPECIFIED.,.F.,.F.,
(2,2),(0.,2.9599242084649),.UNSPECIFIED.);
#1482=B_SPLINE_CURVE_WITH_KNOTS('',1,(#4095,#4096),.UNSPECIFIED.,.F.,.F.,
(2,2),(0.,2.9599242084649),.UNSPECIFIED.);
#1483=B_SPLINE_CURVE_WITH_KNOTS('',1,(#4097,#4098),.UNSPECIFIED.,.F.,.F.,
(2,2),(-2.9599242084649,0.),.UNSPECIFIED.);
#1484=B_SPLINE_CURVE_WITH_KNOTS('',1,(#4104,#4105),.UNSPECIFIED.,.F.,.F.,
(2,2),(-2.9599242084649,0.),.UNSPECIFIED.);
#1485=B_SPLINE_CURVE_WITH_KNOTS('',1,(#4116,#4117),.UNSPECIFIED.,.F.,.F.,
(2,2),(-2.9599242084649,0.),.UNSPECIFIED.);
#1486=B_SPLINE_CURVE_WITH_KNOTS('',1,(#4123,#4124),.UNSPECIFIED.,.F.,.F.,
(2,2),(-2.9599242084649,0.),.UNSPECIFIED.);
#1487=B_SPLINE_CURVE_WITH_KNOTS('',1,(#4130,#4131),.UNSPECIFIED.,.F.,.F.,
(2,2),(0.,45.5578797821128),.UNSPECIFIED.);
#1488=B_SPLINE_CURVE_WITH_KNOTS('',1,(#4132,#4133),.UNSPECIFIED.,.F.,.F.,
(2,2),(0.,15.4550320618236),.UNSPECIFIED.);
#1489=B_SPLINE_CURVE_WITH_KNOTS('',1,(#4137,#4138),.UNSPECIFIED.,.F.,.F.,
(2,2),(0.,15.4550320618236),.UNSPECIFIED.);
#1490=B_SPLINE_CURVE_WITH_KNOTS('',1,(#4139,#4140),.UNSPECIFIED.,.F.,.F.,
(2,2),(0.,45.5578797821128),.UNSPECIFIED.);
#1491=B_SPLINE_CURVE_WITH_KNOTS('',1,(#4144,#4145),.UNSPECIFIED.,.F.,.F.,
(2,2),(0.,4.),.UNSPECIFIED.);
#1492=B_SPLINE_CURVE_WITH_KNOTS('',1,(#4146,#4147),.UNSPECIFIED.,.F.,.F.,
(2,2),(0.,2.5400758726138),.UNSPECIFIED.);
#1493=B_SPLINE_CURVE_WITH_KNOTS('',1,(#4151,#4152),.UNSPECIFIED.,.F.,.F.,
(2,2),(0.,1.4599241273862),.UNSPECIFIED.);
#1494=B_SPLINE_CURVE_WITH_KNOTS('',1,(#4153,#4154),.UNSPECIFIED.,.F.,.F.,
(2,2),(0.,2.5400758726138),.UNSPECIFIED.);
#1495=B_SPLINE_CURVE_WITH_KNOTS('',1,(#4155,#4156),.UNSPECIFIED.,.F.,.F.,
(2,2),(0.,4.),.UNSPECIFIED.);
#1496=B_SPLINE_CURVE_WITH_KNOTS('',1,(#4160,#4161),.UNSPECIFIED.,.F.,.F.,
(2,2),(-2.5400758726138,0.),.UNSPECIFIED.);
#1497=B_SPLINE_CURVE_WITH_KNOTS('',1,(#4167,#4168),.UNSPECIFIED.,.F.,.F.,
(2,2),(-2.5400758726138,0.),.UNSPECIFIED.);
#1498=B_SPLINE_CURVE_WITH_KNOTS('',1,(#4179,#4180),.UNSPECIFIED.,.F.,.F.,
(2,2),(-2.5400758726138,0.),.UNSPECIFIED.);
#1499=B_SPLINE_CURVE_WITH_KNOTS('',1,(#4186,#4187),.UNSPECIFIED.,.F.,.F.,
(2,2),(-2.5400758726138,0.),.UNSPECIFIED.);
#1500=B_SPLINE_CURVE_WITH_KNOTS('',1,(#4193,#4194),.UNSPECIFIED.,.F.,.F.,
(2,2),(0.,45.5578797821128),.UNSPECIFIED.);
#1501=B_SPLINE_CURVE_WITH_KNOTS('',1,(#4195,#4196),.UNSPECIFIED.,.F.,.F.,
(2,2),(0.,45.5578797821128),.UNSPECIFIED.);
#1502=B_SPLINE_CURVE_WITH_KNOTS('',1,(#4209,#4210),.UNSPECIFIED.,.F.,.F.,
(2,2),(0.,4.),.UNSPECIFIED.);
#1503=B_SPLINE_CURVE_WITH_KNOTS('',1,(#4220,#4221),.UNSPECIFIED.,.F.,.F.,
(2,2),(-4.,0.),.UNSPECIFIED.);
#1504=B_SPLINE_CURVE_WITH_KNOTS('',1,(#4227,#4228),.UNSPECIFIED.,.F.,.F.,
(2,2),(0.,4.),.UNSPECIFIED.);
#1505=B_SPLINE_CURVE_WITH_KNOTS('',1,(#4235,#4236),.UNSPECIFIED.,.F.,.F.,
(2,2),(-4.,0.),.UNSPECIFIED.);
#1506=B_SPLINE_CURVE_WITH_KNOTS('',1,(#4245,#4246),.UNSPECIFIED.,.F.,.F.,
(2,2),(-4.,0.),.UNSPECIFIED.);
#1507=B_SPLINE_CURVE_WITH_KNOTS('',1,(#4252,#4253),.UNSPECIFIED.,.F.,.F.,
(2,2),(-4.,0.),.UNSPECIFIED.);
#1508=B_SPLINE_CURVE_WITH_KNOTS('',1,(#4269,#4270),.UNSPECIFIED.,.F.,.F.,
(2,2),(-4.,0.),.UNSPECIFIED.);
#1509=B_SPLINE_CURVE_WITH_KNOTS('',1,(#4276,#4277),.UNSPECIFIED.,.F.,.F.,
(2,2),(-4.,0.),.UNSPECIFIED.);
#1510=B_SPLINE_CURVE_WITH_KNOTS('',1,(#4294,#4295,#4296,#4297),
 .UNSPECIFIED.,.F.,.F.,(2,1,1,2),(0.,1.4599241273862,2.95992420846488,3.99999999999998),
 .UNSPECIFIED.);
#1511=B_SPLINE_CURVE_WITH_KNOTS('',1,(#4304,#4305),.UNSPECIFIED.,.F.,.F.,
(2,2),(0.,1.50000008107868),.UNSPECIFIED.);
#1512=B_SPLINE_CURVE_WITH_KNOTS('',1,(#4309,#4310),.UNSPECIFIED.,.F.,.F.,
(2,2),(0.,2.5400758726138),.UNSPECIFIED.);
#1513=B_SPLINE_CURVE_WITH_KNOTS('',1,(#4311,#4312),.UNSPECIFIED.,.F.,.F.,
(2,2),(0.,2.5400758726138),.UNSPECIFIED.);
#1514=B_SPLINE_CURVE_WITH_KNOTS('',1,(#4319,#4320),.UNSPECIFIED.,.F.,.F.,
(2,2),(0.,4.),.UNSPECIFIED.);
#1515=B_SPLINE_CURVE_WITH_KNOTS('',1,(#4333,#4334),.UNSPECIFIED.,.F.,.F.,
(2,2),(0.,4.),.UNSPECIFIED.);
#1516=B_SPLINE_CURVE_WITH_KNOTS('',1,(#4410,#4411),.UNSPECIFIED.,.F.,.F.,
(2,2),(0.,21.3981592668669),.UNSPECIFIED.);
#1517=B_SPLINE_CURVE_WITH_KNOTS('',1,(#4412,#4413),.UNSPECIFIED.,.F.,.F.,
(2,2),(0.,5.443275457647),.UNSPECIFIED.);
#1518=B_SPLINE_CURVE_WITH_KNOTS('',1,(#4416,#4417),.UNSPECIFIED.,.F.,.F.,
(2,2),(-19.3079570163801,0.),.UNSPECIFIED.);
#1519=B_SPLINE_CURVE_WITH_KNOTS('',3,(#4433,#4434,#4435,#4436,#4437,#4438,
#4439,#4440,#4441,#4442,#4443,#4444,#4445,#4446,#4447,#4448,#4449,#4450,
#4451),.UNSPECIFIED.,.F.,.F.,(4,2,2,2,3,2,2,2,4),(-4.76883289350578,-4.17214795092177,
-3.57660873614434,-2.9811713222936,-2.38441642934306,-1.78763874625033,
-1.19221956644784,-0.596700817131436,0.),.UNSPECIFIED.);
#1520=B_SPLINE_CURVE_WITH_KNOTS('',3,(#4452,#4453,#4454,#4455,#4456,#4457,
#4458,#4459,#4460,#4461,#4462,#4463,#4464,#4465,#4466,#4467,#4468,#4469,
#4470),.UNSPECIFIED.,.F.,.F.,(4,2,2,2,3,2,2,2,4),(-4.75282827674245,-4.15848299285359,
-3.56461976270276,-2.97077179054209,-2.37641413837127,-1.78205648620045,
-1.18820851403964,-0.594345283888853,0.),.UNSPECIFIED.);
#1521=B_SPLINE_CURVE_WITH_KNOTS('',3,(#4471,#4472,#4473,#4474,#4475,#4476,
#4477,#4478,#4479,#4480,#4481,#4482,#4483,#4484,#4485,#4486,#4487,#4488,
#4489,#4490,#4491,#4492,#4493),.UNSPECIFIED.,.F.,.F.,(4,2,2,2,2,3,2,2,2,
2,4),(-10.3756924319433,-9.73239383648509,-9.08937077338295,-7.80670993259317,
-6.50740328451028,-5.18784621597164,-3.86828914743313,-2.56898249935053,
-1.28632165856118,-0.643298595459599,0.),.UNSPECIFIED.);
#1522=B_SPLINE_CURVE_WITH_KNOTS('',3,(#4506,#4507,#4508,#4509,#4510,#4511,
#4512,#4513,#4514,#4515,#4516,#4517,#4518,#4519,#4520,#4521,#4522,#4523,
#4524),.UNSPECIFIED.,.F.,.F.,(4,2,2,2,3,2,2,2,4),(-4.76883289350576,-4.17213207637428,
-3.57661332705788,-2.98119414725542,-2.3844164641627,-1.78766157121197,
-1.1922241573614,-0.596684942584252,0.),.UNSPECIFIED.);
#1523=B_SPLINE_CURVE_WITH_KNOTS('',3,(#4525,#4526,#4527,#4528,#4529,#4530,
#4531,#4532,#4533,#4534,#4535,#4536,#4537,#4538,#4539,#4540,#4541,#4542,
#4543),.UNSPECIFIED.,.F.,.F.,(4,2,2,2,3,2,2,2,4),(-4.76883289350577,-4.17214795092171,
-3.57660873614437,-2.98117132229363,-2.38441642934312,-1.78763874625036,
-1.1922195664479,-0.596700817131544,0.),.UNSPECIFIED.);
#1524=B_SPLINE_CURVE_WITH_KNOTS('',3,(#4544,#4545,#4546,#4547,#4548,#4549,
#4550,#4551,#4552,#4553,#4554,#4555,#4556,#4557,#4558,#4559,#4560,#4561,
#4562),.UNSPECIFIED.,.F.,.F.,(4,2,2,2,3,2,2,2,4),(-4.75282827674243,-4.15848299285363,
-3.56461976270278,-2.97077179054214,-2.3764141383712,-1.78205648620039,
-1.18820851403981,-0.594345283888847,0.),.UNSPECIFIED.);
#1525=B_SPLINE_CURVE_WITH_KNOTS('',3,(#4563,#4564,#4565,#4566,#4567,#4568,
#4569,#4570,#4571,#4572,#4573,#4574,#4575,#4576,#4577,#4578,#4579,#4580,
#4581,#4582,#4583,#4584,#4585),.UNSPECIFIED.,.F.,.F.,(4,2,2,2,2,3,2,2,2,
2,4),(-10.3756924319433,-9.73239383648464,-9.08937077338262,-7.80670993259315,
-6.50740328451039,-5.18784621597167,-3.86828914743306,-2.5689824993504,
-1.28632165856126,-0.643298595459271,0.),.UNSPECIFIED.);
#1526=B_SPLINE_CURVE_WITH_KNOTS('',3,(#4598,#4599,#4600,#4601,#4602,#4603,
#4604,#4605,#4606,#4607,#4608,#4609,#4610,#4611,#4612,#4613,#4614,#4615,
#4616),.UNSPECIFIED.,.F.,.F.,(4,2,2,2,3,2,2,2,4),(-4.76883289350577,-4.1721320763744,
-3.5766133270579,-2.9811941472555,-2.38441646416266,-1.78766157121211,-1.19222415736145,
-0.596684942584217,0.),.UNSPECIFIED.);
#1527=B_SPLINE_CURVE_WITH_KNOTS('',1,(#4668,#4669),.UNSPECIFIED.,.F.,.F.,
(2,2),(0.699999999999999,0.80000008107868),.UNSPECIFIED.);
#1528=B_SPLINE_CURVE_WITH_KNOTS('',1,(#4670,#4671),.UNSPECIFIED.,.F.,.F.,
(2,2),(0.699999999999999,0.80000008107868),.UNSPECIFIED.);
#1529=B_SPLINE_CURVE_WITH_KNOTS('',1,(#4672,#4673),.UNSPECIFIED.,.F.,.F.,
(2,2),(-28.0019376735108,-27.3019381115692),.UNSPECIFIED.);
#1530=B_SPLINE_CURVE_WITH_KNOTS('',1,(#4674,#4675),.UNSPECIFIED.,.F.,.F.,
(2,2),(-27.3019381115692,-27.3019376735108),.UNSPECIFIED.);
#1531=B_SPLINE_CURVE_WITH_KNOTS('',1,(#4676,#4677),.UNSPECIFIED.,.F.,.F.,
(2,2),(-3.60812645013637,-3.60812600910291),.UNSPECIFIED.);
#1532=B_SPLINE_CURVE_WITH_KNOTS('',1,(#4678,#4679),.UNSPECIFIED.,.F.,.F.,
(2,2),(-0.699999558966536,0.),.UNSPECIFIED.);
#1533=B_SPLINE_CURVE_WITH_KNOTS('',1,(#4680,#4681),.UNSPECIFIED.,.F.,.F.,
(2,2),(0.,0.699999999999996),.UNSPECIFIED.);
#1534=B_SPLINE_CURVE_WITH_KNOTS('',1,(#4682,#4683),.UNSPECIFIED.,.F.,.F.,
(2,2),(-28.0019376735108,-27.3019376735108),.UNSPECIFIED.);
#1535=B_SPLINE_CURVE_WITH_KNOTS('',1,(#4684,#4685),.UNSPECIFIED.,.F.,.F.,
(2,2),(0.,94.5696431303166),.UNSPECIFIED.);
#1536=B_SPLINE_CURVE_WITH_KNOTS('',1,(#4686,#4687),.UNSPECIFIED.,.F.,.F.,
(2,2),(0.,94.5696431303166),.UNSPECIFIED.);
#1537=B_SPLINE_CURVE_WITH_KNOTS('',1,(#4688,#4689),.UNSPECIFIED.,.F.,.F.,
(2,2),(0.,94.5696431303166),.UNSPECIFIED.);
#1538=B_SPLINE_CURVE_WITH_KNOTS('',1,(#4690,#4691),.UNSPECIFIED.,.F.,.F.,
(2,2),(0.,94.5696431303166),.UNSPECIFIED.);
#1539=(
BOUNDED_CURVE()
B_SPLINE_CURVE(2,(#3066,#3067,#3068),.UNSPECIFIED.,.F.,.F.)
B_SPLINE_CURVE_WITH_KNOTS((3,3),(0.,30.1169952015526),.UNSPECIFIED.)
CURVE()
GEOMETRIC_REPRESENTATION_ITEM()
RATIONAL_B_SPLINE_CURVE((1.,0.707106781186627,1.))
REPRESENTATION_ITEM('')
);
#1540=(
BOUNDED_CURVE()
B_SPLINE_CURVE(1,(#3069,#3070),.UNSPECIFIED.,.F.,.F.)
B_SPLINE_CURVE_WITH_KNOTS((2,2),(0.,16.2538462474957),.UNSPECIFIED.)
CURVE()
GEOMETRIC_REPRESENTATION_ITEM()
RATIONAL_B_SPLINE_CURVE((1.,1.))
REPRESENTATION_ITEM('')
);
#1541=(
BOUNDED_CURVE()
B_SPLINE_CURVE(2,(#3071,#3072,#3073),.UNSPECIFIED.,.F.,.F.)
B_SPLINE_CURVE_WITH_KNOTS((3,3),(0.,30.1169952015526),.UNSPECIFIED.)
CURVE()
GEOMETRIC_REPRESENTATION_ITEM()
RATIONAL_B_SPLINE_CURVE((1.,0.707106781186627,1.))
REPRESENTATION_ITEM('')
);
#1542=(
BOUNDED_CURVE()
B_SPLINE_CURVE(1,(#3074,#3075),.UNSPECIFIED.,.F.,.F.)
B_SPLINE_CURVE_WITH_KNOTS((2,2),(0.,16.2538462474957),.UNSPECIFIED.)
CURVE()
GEOMETRIC_REPRESENTATION_ITEM()
RATIONAL_B_SPLINE_CURVE((1.,1.))
REPRESENTATION_ITEM('')
);
#1543=(
BOUNDED_CURVE()
B_SPLINE_CURVE(2,(#3095,#3096,#3097,#3098,#3099),.UNSPECIFIED.,.F.,.F.)
B_SPLINE_CURVE_WITH_KNOTS((3,2,3),(0.,16.3239011350152,22.489113636623),
 .UNSPECIFIED.)
CURVE()
GEOMETRIC_REPRESENTATION_ITEM()
RATIONAL_B_SPLINE_CURVE((1.,0.707106781186548,1.,0.936002491201716,1.))
REPRESENTATION_ITEM('')
);
#1544=(
BOUNDED_CURVE()
B_SPLINE_CURVE(2,(#3100,#3101,#3102),.UNSPECIFIED.,.F.,.F.)
B_SPLINE_CURVE_WITH_KNOTS((3,3),(0.,2.7900051302895),.UNSPECIFIED.)
CURVE()
GEOMETRIC_REPRESENTATION_ITEM()
RATIONAL_B_SPLINE_CURVE((1.,1.,1.))
REPRESENTATION_ITEM('')
);
#1545=(
BOUNDED_CURVE()
B_SPLINE_CURVE(2,(#3103,#3104,#3105),.UNSPECIFIED.,.F.,.F.)
B_SPLINE_CURVE_WITH_KNOTS((3,3),(0.,3.4326935525584),.UNSPECIFIED.)
CURVE()
GEOMETRIC_REPRESENTATION_ITEM()
RATIONAL_B_SPLINE_CURVE((1.,1.,1.))
REPRESENTATION_ITEM('')
);
#1546=(
BOUNDED_CURVE()
B_SPLINE_CURVE(2,(#3106,#3107,#3108),.UNSPECIFIED.,.F.,.F.)
B_SPLINE_CURVE_WITH_KNOTS((3,3),(0.,3.2836532237208),.UNSPECIFIED.)
CURVE()
GEOMETRIC_REPRESENTATION_ITEM()
RATIONAL_B_SPLINE_CURVE((1.,1.,1.))
REPRESENTATION_ITEM('')
);
#1547=(
BOUNDED_CURVE()
B_SPLINE_CURVE(2,(#3109,#3110,#3111),.UNSPECIFIED.,.F.,.F.)
B_SPLINE_CURVE_WITH_KNOTS((3,3),(0.,9.5063519065687),.UNSPECIFIED.)
CURVE()
GEOMETRIC_REPRESENTATION_ITEM()
RATIONAL_B_SPLINE_CURVE((1.,1.,1.))
REPRESENTATION_ITEM('')
);
#1548=(
BOUNDED_CURVE()
B_SPLINE_CURVE(2,(#3112,#3113,#3114,#3115,#3116),.UNSPECIFIED.,.F.,.F.)
B_SPLINE_CURVE_WITH_KNOTS((3,2,3),(0.,6.16521250160774,22.489113636623),
 .UNSPECIFIED.)
CURVE()
GEOMETRIC_REPRESENTATION_ITEM()
RATIONAL_B_SPLINE_CURVE((1.,0.936002491201715,1.,0.707106781186548,1.))
REPRESENTATION_ITEM('')
);
#1549=(
BOUNDED_CURVE()
B_SPLINE_CURVE(2,(#3117,#3118,#3119,#3120,#3121),.UNSPECIFIED.,.F.,.F.)
B_SPLINE_CURVE_WITH_KNOTS((3,2,3),(0.,10.2779857933988,20.5559715867976),
 .UNSPECIFIED.)
CURVE()
GEOMETRIC_REPRESENTATION_ITEM()
RATIONAL_B_SPLINE_CURVE((1.,0.707106781186548,1.,0.707106781186548,1.))
REPRESENTATION_ITEM('')
);
#1550=(
BOUNDED_CURVE()
B_SPLINE_CURVE(1,(#3122,#3123),.UNSPECIFIED.,.F.,.F.)
B_SPLINE_CURVE_WITH_KNOTS((2,2),(0.,16.2538462474957),.UNSPECIFIED.)
CURVE()
GEOMETRIC_REPRESENTATION_ITEM()
RATIONAL_B_SPLINE_CURVE((1.,1.))
REPRESENTATION_ITEM('')
);
#1551=(
BOUNDED_CURVE()
B_SPLINE_CURVE(2,(#3124,#3125,#3126,#3127,#3128),.UNSPECIFIED.,.F.,.F.)
B_SPLINE_CURVE_WITH_KNOTS((3,2,3),(0.,10.2779857933989,20.5559715867976),
 .UNSPECIFIED.)
CURVE()
GEOMETRIC_REPRESENTATION_ITEM()
RATIONAL_B_SPLINE_CURVE((1.,0.707106781186548,1.,0.707106781186548,1.))
REPRESENTATION_ITEM('')
);
#1552=(
BOUNDED_CURVE()
B_SPLINE_CURVE(1,(#3129,#3130),.UNSPECIFIED.,.F.,.F.)
B_SPLINE_CURVE_WITH_KNOTS((2,2),(0.,16.2538462474957),.UNSPECIFIED.)
CURVE()
GEOMETRIC_REPRESENTATION_ITEM()
RATIONAL_B_SPLINE_CURVE((1.,1.))
REPRESENTATION_ITEM('')
);
#1553=(
BOUNDED_CURVE()
B_SPLINE_CURVE(1,(#3131,#3132),.UNSPECIFIED.,.F.,.F.)
B_SPLINE_CURVE_WITH_KNOTS((2,2),(-35.4391580567113,-9.42808237532336),
 .UNSPECIFIED.)
CURVE()
GEOMETRIC_REPRESENTATION_ITEM()
RATIONAL_B_SPLINE_CURVE((1.,1.))
REPRESENTATION_ITEM('')
);
#1554=(
BOUNDED_CURVE()
B_SPLINE_CURVE(2,(#3159,#3160,#3161,#3162,#3163),.UNSPECIFIED.,.F.,.F.)
B_SPLINE_CURVE_WITH_KNOTS((3,2,3),(0.,16.323901135017,22.4891136366243),
 .UNSPECIFIED.)
CURVE()
GEOMETRIC_REPRESENTATION_ITEM()
RATIONAL_B_SPLINE_CURVE((1.,0.707106781186548,1.,0.936002491201716,1.))
REPRESENTATION_ITEM('')
);
#1555=(
BOUNDED_CURVE()
B_SPLINE_CURVE(2,(#3181,#3182,#3183,#3184,#3185),.UNSPECIFIED.,.F.,.F.)
B_SPLINE_CURVE_WITH_KNOTS((3,2,3),(0.,6.16521250160726,22.4891136366243),
 .UNSPECIFIED.)
CURVE()
GEOMETRIC_REPRESENTATION_ITEM()
RATIONAL_B_SPLINE_CURVE((1.,0.936002491201716,1.,0.707106781186548,1.))
REPRESENTATION_ITEM('')
);
#1556=(
BOUNDED_CURVE()
B_SPLINE_CURVE(1,(#3194,#3195),.UNSPECIFIED.,.F.,.F.)
B_SPLINE_CURVE_WITH_KNOTS((2,2),(0.,11.3857175593919),.UNSPECIFIED.)
CURVE()
GEOMETRIC_REPRESENTATION_ITEM()
RATIONAL_B_SPLINE_CURVE((1.,1.))
REPRESENTATION_ITEM('')
);
#1557=(
BOUNDED_CURVE()
B_SPLINE_CURVE(2,(#3196,#3197,#3198),.UNSPECIFIED.,.F.,.F.)
B_SPLINE_CURVE_WITH_KNOTS((3,3),(0.,15.302371783812),.UNSPECIFIED.)
CURVE()
GEOMETRIC_REPRESENTATION_ITEM()
RATIONAL_B_SPLINE_CURVE((1.,0.726960889590293,1.))
REPRESENTATION_ITEM('')
);
#1558=(
BOUNDED_CURVE()
B_SPLINE_CURVE(2,(#3260,#3261,#3262,#3263,#3264),.UNSPECIFIED.,.F.,.F.)
B_SPLINE_CURVE_WITH_KNOTS((3,2,3),(-20.5559715867977,-10.2779857933988,
0.),.UNSPECIFIED.)
CURVE()
GEOMETRIC_REPRESENTATION_ITEM()
RATIONAL_B_SPLINE_CURVE((1.,0.707106781186548,1.,0.707106781186548,1.))
REPRESENTATION_ITEM('')
);
#1559=(
BOUNDED_CURVE()
B_SPLINE_CURVE(2,(#3265,#3266,#3267,#3268,#3269),.UNSPECIFIED.,.F.,.F.)
B_SPLINE_CURVE_WITH_KNOTS((3,2,3),(-20.5559715867977,-10.2779857933988,
0.),.UNSPECIFIED.)
CURVE()
GEOMETRIC_REPRESENTATION_ITEM()
RATIONAL_B_SPLINE_CURVE((1.,0.707106781186548,1.,0.707106781186548,1.))
REPRESENTATION_ITEM('')
);
#1560=(
BOUNDED_CURVE()
B_SPLINE_CURVE(1,(#3339,#3340),.UNSPECIFIED.,.F.,.F.)
B_SPLINE_CURVE_WITH_KNOTS((2,2),(0.,13.903477788397),.UNSPECIFIED.)
CURVE()
GEOMETRIC_REPRESENTATION_ITEM()
RATIONAL_B_SPLINE_CURVE((1.,1.))
REPRESENTATION_ITEM('')
);
#1561=(
BOUNDED_CURVE()
B_SPLINE_CURVE(2,(#3380,#3381,#3382),.UNSPECIFIED.,.F.,.F.)
B_SPLINE_CURVE_WITH_KNOTS((3,3),(0.,1.31525376635712),.UNSPECIFIED.)
CURVE()
GEOMETRIC_REPRESENTATION_ITEM()
RATIONAL_B_SPLINE_CURVE((1.,0.996720434261145,1.))
REPRESENTATION_ITEM('')
);
#1562=(
BOUNDED_CURVE()
B_SPLINE_CURVE(1,(#3402,#3403),.UNSPECIFIED.,.F.,.F.)
B_SPLINE_CURVE_WITH_KNOTS((2,2),(-3.00002051589254,0.),.UNSPECIFIED.)
CURVE()
GEOMETRIC_REPRESENTATION_ITEM()
RATIONAL_B_SPLINE_CURVE((1.,1.))
REPRESENTATION_ITEM('')
);
#1563=(
BOUNDED_CURVE()
B_SPLINE_CURVE(1,(#3423,#3424),.UNSPECIFIED.,.F.,.F.)
B_SPLINE_CURVE_WITH_KNOTS((2,2),(-3.00002051589254,0.),.UNSPECIFIED.)
CURVE()
GEOMETRIC_REPRESENTATION_ITEM()
RATIONAL_B_SPLINE_CURVE((1.,1.))
REPRESENTATION_ITEM('')
);
#1564=(
BOUNDED_CURVE()
B_SPLINE_CURVE(2,(#3425,#3426,#3427,#3428,#3429),.UNSPECIFIED.,.F.,.F.)
B_SPLINE_CURVE_WITH_KNOTS((3,2,3),(-12.,-5.99999999999999,0.),
 .UNSPECIFIED.)
CURVE()
GEOMETRIC_REPRESENTATION_ITEM()
RATIONAL_B_SPLINE_CURVE((1.,0.707106781186548,1.,0.707106781186548,1.))
REPRESENTATION_ITEM('')
);
#1565=(
BOUNDED_CURVE()
B_SPLINE_CURVE(1,(#3430,#3431),.UNSPECIFIED.,.F.,.F.)
B_SPLINE_CURVE_WITH_KNOTS((2,2),(-3.3961471324199,0.),.UNSPECIFIED.)
CURVE()
GEOMETRIC_REPRESENTATION_ITEM()
RATIONAL_B_SPLINE_CURVE((1.,1.))
REPRESENTATION_ITEM('')
);
#1566=(
BOUNDED_CURVE()
B_SPLINE_CURVE(1,(#3432,#3433),.UNSPECIFIED.,.F.,.F.)
B_SPLINE_CURVE_WITH_KNOTS((2,2),(-3.3961471324199,0.),.UNSPECIFIED.)
CURVE()
GEOMETRIC_REPRESENTATION_ITEM()
RATIONAL_B_SPLINE_CURVE((1.,1.))
REPRESENTATION_ITEM('')
);
#1567=(
BOUNDED_CURVE()
B_SPLINE_CURVE(2,(#3453,#3454,#3455,#3456,#3457),.UNSPECIFIED.,.F.,.F.)
B_SPLINE_CURVE_WITH_KNOTS((3,2,3),(-6.00000000000001,-3.,0.),
 .UNSPECIFIED.)
CURVE()
GEOMETRIC_REPRESENTATION_ITEM()
RATIONAL_B_SPLINE_CURVE((1.,0.707106781186547,1.,0.707106781186547,1.))
REPRESENTATION_ITEM('')
);
#1568=(
BOUNDED_CURVE()
B_SPLINE_CURVE(1,(#3458,#3459),.UNSPECIFIED.,.F.,.F.)
B_SPLINE_CURVE_WITH_KNOTS((2,2),(-6.0869580444336,0.),.UNSPECIFIED.)
CURVE()
GEOMETRIC_REPRESENTATION_ITEM()
RATIONAL_B_SPLINE_CURVE((1.,1.))
REPRESENTATION_ITEM('')
);
#1569=(
BOUNDED_CURVE()
B_SPLINE_CURVE(2,(#3460,#3461,#3462),.UNSPECIFIED.,.F.,.F.)
B_SPLINE_CURVE_WITH_KNOTS((3,3),(0.,30.1169952015526),.UNSPECIFIED.)
CURVE()
GEOMETRIC_REPRESENTATION_ITEM()
RATIONAL_B_SPLINE_CURVE((1.,0.707106781186627,1.))
REPRESENTATION_ITEM('')
);
#1570=(
BOUNDED_CURVE()
B_SPLINE_CURVE(1,(#3463,#3464),.UNSPECIFIED.,.F.,.F.)
B_SPLINE_CURVE_WITH_KNOTS((2,2),(0.,16.2538462474957),.UNSPECIFIED.)
CURVE()
GEOMETRIC_REPRESENTATION_ITEM()
RATIONAL_B_SPLINE_CURVE((1.,1.))
REPRESENTATION_ITEM('')
);
#1571=(
BOUNDED_CURVE()
B_SPLINE_CURVE(2,(#3465,#3466,#3467),.UNSPECIFIED.,.F.,.F.)
B_SPLINE_CURVE_WITH_KNOTS((3,3),(0.,30.1169952015526),.UNSPECIFIED.)
CURVE()
GEOMETRIC_REPRESENTATION_ITEM()
RATIONAL_B_SPLINE_CURVE((1.,0.707106781186627,1.))
REPRESENTATION_ITEM('')
);
#1572=(
BOUNDED_CURVE()
B_SPLINE_CURVE(1,(#3468,#3469),.UNSPECIFIED.,.F.,.F.)
B_SPLINE_CURVE_WITH_KNOTS((2,2),(0.,16.2538462474957),.UNSPECIFIED.)
CURVE()
GEOMETRIC_REPRESENTATION_ITEM()
RATIONAL_B_SPLINE_CURVE((1.,1.))
REPRESENTATION_ITEM('')
);
#1573=(
BOUNDED_CURVE()
B_SPLINE_CURVE(2,(#3489,#3490,#3491,#3492,#3493),.UNSPECIFIED.,.F.,.F.)
B_SPLINE_CURVE_WITH_KNOTS((3,2,3),(0.,16.3239011350152,22.489113636623),
 .UNSPECIFIED.)
CURVE()
GEOMETRIC_REPRESENTATION_ITEM()
RATIONAL_B_SPLINE_CURVE((1.,0.707106781186548,1.,0.936002491201716,1.))
REPRESENTATION_ITEM('')
);
#1574=(
BOUNDED_CURVE()
B_SPLINE_CURVE(2,(#3494,#3495,#3496),.UNSPECIFIED.,.F.,.F.)
B_SPLINE_CURVE_WITH_KNOTS((3,3),(0.,9.5063519065687),.UNSPECIFIED.)
CURVE()
GEOMETRIC_REPRESENTATION_ITEM()
RATIONAL_B_SPLINE_CURVE((1.,1.,1.))
REPRESENTATION_ITEM('')
);
#1575=(
BOUNDED_CURVE()
B_SPLINE_CURVE(2,(#3497,#3498,#3499),.UNSPECIFIED.,.F.,.F.)
B_SPLINE_CURVE_WITH_KNOTS((3,3),(0.,3.2836532237208),.UNSPECIFIED.)
CURVE()
GEOMETRIC_REPRESENTATION_ITEM()
RATIONAL_B_SPLINE_CURVE((1.,1.,1.))
REPRESENTATION_ITEM('')
);
#1576=(
BOUNDED_CURVE()
B_SPLINE_CURVE(2,(#3500,#3501,#3502),.UNSPECIFIED.,.F.,.F.)
B_SPLINE_CURVE_WITH_KNOTS((3,3),(0.,3.4326935525584),.UNSPECIFIED.)
CURVE()
GEOMETRIC_REPRESENTATION_ITEM()
RATIONAL_B_SPLINE_CURVE((1.,1.,1.))
REPRESENTATION_ITEM('')
);
#1577=(
BOUNDED_CURVE()
B_SPLINE_CURVE(2,(#3503,#3504,#3505),.UNSPECIFIED.,.F.,.F.)
B_SPLINE_CURVE_WITH_KNOTS((3,3),(0.,2.7900051302895),.UNSPECIFIED.)
CURVE()
GEOMETRIC_REPRESENTATION_ITEM()
RATIONAL_B_SPLINE_CURVE((1.,1.,1.))
REPRESENTATION_ITEM('')
);
#1578=(
BOUNDED_CURVE()
B_SPLINE_CURVE(2,(#3506,#3507,#3508,#3509,#3510),.UNSPECIFIED.,.F.,.F.)
B_SPLINE_CURVE_WITH_KNOTS((3,2,3),(0.,6.16521250160774,22.489113636623),
 .UNSPECIFIED.)
CURVE()
GEOMETRIC_REPRESENTATION_ITEM()
RATIONAL_B_SPLINE_CURVE((1.,0.936002491201715,1.,0.707106781186548,1.))
REPRESENTATION_ITEM('')
);
#1579=(
BOUNDED_CURVE()
B_SPLINE_CURVE(2,(#3511,#3512,#3513,#3514,#3515),.UNSPECIFIED.,.F.,.F.)
B_SPLINE_CURVE_WITH_KNOTS((3,2,3),(0.,16.323901135017,22.4891136366243),
 .UNSPECIFIED.)
CURVE()
GEOMETRIC_REPRESENTATION_ITEM()
RATIONAL_B_SPLINE_CURVE((1.,0.707106781186548,1.,0.936002491201716,1.))
REPRESENTATION_ITEM('')
);
#1580=(
BOUNDED_CURVE()
B_SPLINE_CURVE(2,(#3533,#3534,#3535,#3536,#3537),.UNSPECIFIED.,.F.,.F.)
B_SPLINE_CURVE_WITH_KNOTS((3,2,3),(0.,6.16521250160727,22.4891136366243),
 .UNSPECIFIED.)
CURVE()
GEOMETRIC_REPRESENTATION_ITEM()
RATIONAL_B_SPLINE_CURVE((1.,0.936002491201716,1.,0.707106781186548,1.))
REPRESENTATION_ITEM('')
);
#1581=(
BOUNDED_CURVE()
B_SPLINE_CURVE(2,(#3538,#3539,#3540,#3541,#3542),.UNSPECIFIED.,.F.,.F.)
B_SPLINE_CURVE_WITH_KNOTS((3,2,3),(0.,10.2779857933988,20.5559715867976),
 .UNSPECIFIED.)
CURVE()
GEOMETRIC_REPRESENTATION_ITEM()
RATIONAL_B_SPLINE_CURVE((1.,0.707106781186548,1.,0.707106781186548,1.))
REPRESENTATION_ITEM('')
);
#1582=(
BOUNDED_CURVE()
B_SPLINE_CURVE(1,(#3543,#3544),.UNSPECIFIED.,.F.,.F.)
B_SPLINE_CURVE_WITH_KNOTS((2,2),(0.,16.2538462474957),.UNSPECIFIED.)
CURVE()
GEOMETRIC_REPRESENTATION_ITEM()
RATIONAL_B_SPLINE_CURVE((1.,1.))
REPRESENTATION_ITEM('')
);
#1583=(
BOUNDED_CURVE()
B_SPLINE_CURVE(2,(#3545,#3546,#3547,#3548,#3549),.UNSPECIFIED.,.F.,.F.)
B_SPLINE_CURVE_WITH_KNOTS((3,2,3),(0.,10.2779857933989,20.5559715867976),
 .UNSPECIFIED.)
CURVE()
GEOMETRIC_REPRESENTATION_ITEM()
RATIONAL_B_SPLINE_CURVE((1.,0.707106781186548,1.,0.707106781186548,1.))
REPRESENTATION_ITEM('')
);
#1584=(
BOUNDED_CURVE()
B_SPLINE_CURVE(1,(#3550,#3551),.UNSPECIFIED.,.F.,.F.)
B_SPLINE_CURVE_WITH_KNOTS((2,2),(0.,16.2538462474956),.UNSPECIFIED.)
CURVE()
GEOMETRIC_REPRESENTATION_ITEM()
RATIONAL_B_SPLINE_CURVE((1.,1.))
REPRESENTATION_ITEM('')
);
#1585=(
BOUNDED_CURVE()
B_SPLINE_CURVE(1,(#3560,#3561),.UNSPECIFIED.,.F.,.F.)
B_SPLINE_CURVE_WITH_KNOTS((2,2),(0.,27.9161974370257),.UNSPECIFIED.)
CURVE()
GEOMETRIC_REPRESENTATION_ITEM()
RATIONAL_B_SPLINE_CURVE((1.,1.))
REPRESENTATION_ITEM('')
);
#1586=(
BOUNDED_CURVE()
B_SPLINE_CURVE(2,(#3562,#3563,#3564),.UNSPECIFIED.,.F.,.F.)
B_SPLINE_CURVE_WITH_KNOTS((3,3),(0.,15.3023717838121),.UNSPECIFIED.)
CURVE()
GEOMETRIC_REPRESENTATION_ITEM()
RATIONAL_B_SPLINE_CURVE((1.,0.726960889590282,1.))
REPRESENTATION_ITEM('')
);
#1587=(
BOUNDED_CURVE()
B_SPLINE_CURVE(1,(#3565,#3566),.UNSPECIFIED.,.F.,.F.)
B_SPLINE_CURVE_WITH_KNOTS((2,2),(-35.4391580567113,-9.42808237532335),
 .UNSPECIFIED.)
CURVE()
GEOMETRIC_REPRESENTATION_ITEM()
RATIONAL_B_SPLINE_CURVE((1.,1.))
REPRESENTATION_ITEM('')
);
#1588=(
BOUNDED_CURVE()
B_SPLINE_CURVE(1,(#3637,#3638),.UNSPECIFIED.,.F.,.F.)
B_SPLINE_CURVE_WITH_KNOTS((2,2),(-4.81400581151592,0.),.UNSPECIFIED.)
CURVE()
GEOMETRIC_REPRESENTATION_ITEM()
RATIONAL_B_SPLINE_CURVE((1.,1.))
REPRESENTATION_ITEM('')
);
#1589=(
BOUNDED_CURVE()
B_SPLINE_CURVE(1,(#3639,#3640),.UNSPECIFIED.,.F.,.F.)
B_SPLINE_CURVE_WITH_KNOTS((2,2),(-3.71297790325997,0.),.UNSPECIFIED.)
CURVE()
GEOMETRIC_REPRESENTATION_ITEM()
RATIONAL_B_SPLINE_CURVE((1.,1.))
REPRESENTATION_ITEM('')
);
#1590=(
BOUNDED_CURVE()
B_SPLINE_CURVE(2,(#3707,#3708,#3709,#3710,#3711),.UNSPECIFIED.,.F.,.F.)
B_SPLINE_CURVE_WITH_KNOTS((3,2,3),(-20.5559715867977,-10.2779857933988,
0.),.UNSPECIFIED.)
CURVE()
GEOMETRIC_REPRESENTATION_ITEM()
RATIONAL_B_SPLINE_CURVE((1.,0.707106781186548,1.,0.707106781186548,1.))
REPRESENTATION_ITEM('')
);
#1591=(
BOUNDED_CURVE()
B_SPLINE_CURVE(2,(#3712,#3713,#3714,#3715,#3716),.UNSPECIFIED.,.F.,.F.)
B_SPLINE_CURVE_WITH_KNOTS((3,2,3),(-20.5559715867977,-10.2779857933988,
0.),.UNSPECIFIED.)
CURVE()
GEOMETRIC_REPRESENTATION_ITEM()
RATIONAL_B_SPLINE_CURVE((1.,0.707106781186548,1.,0.707106781186548,1.))
REPRESENTATION_ITEM('')
);
#1592=(
BOUNDED_CURVE()
B_SPLINE_CURVE(2,(#3756,#3757,#3758),.UNSPECIFIED.,.F.,.F.)
B_SPLINE_CURVE_WITH_KNOTS((3,3),(0.,1.31525376635714),.UNSPECIFIED.)
CURVE()
GEOMETRIC_REPRESENTATION_ITEM()
RATIONAL_B_SPLINE_CURVE((1.,0.99672043426113,1.))
REPRESENTATION_ITEM('')
);
#1593=(
BOUNDED_CURVE()
B_SPLINE_CURVE(1,(#3804,#3805),.UNSPECIFIED.,.F.,.F.)
B_SPLINE_CURVE_WITH_KNOTS((2,2),(-3.00002051589254,0.),.UNSPECIFIED.)
CURVE()
GEOMETRIC_REPRESENTATION_ITEM()
RATIONAL_B_SPLINE_CURVE((1.,1.))
REPRESENTATION_ITEM('')
);
#1594=(
BOUNDED_CURVE()
B_SPLINE_CURVE(1,(#3825,#3826),.UNSPECIFIED.,.F.,.F.)
B_SPLINE_CURVE_WITH_KNOTS((2,2),(-3.00002051589254,0.),.UNSPECIFIED.)
CURVE()
GEOMETRIC_REPRESENTATION_ITEM()
RATIONAL_B_SPLINE_CURVE((1.,1.))
REPRESENTATION_ITEM('')
);
#1595=(
BOUNDED_CURVE()
B_SPLINE_CURVE(2,(#3827,#3828,#3829,#3830,#3831),.UNSPECIFIED.,.F.,.F.)
B_SPLINE_CURVE_WITH_KNOTS((3,2,3),(-12.,-5.99999999999999,0.),
 .UNSPECIFIED.)
CURVE()
GEOMETRIC_REPRESENTATION_ITEM()
RATIONAL_B_SPLINE_CURVE((1.,0.707106781186548,1.,0.707106781186548,1.))
REPRESENTATION_ITEM('')
);
#1596=(
BOUNDED_CURVE()
B_SPLINE_CURVE(1,(#3832,#3833),.UNSPECIFIED.,.F.,.F.)
B_SPLINE_CURVE_WITH_KNOTS((2,2),(-3.3961471324199,0.),.UNSPECIFIED.)
CURVE()
GEOMETRIC_REPRESENTATION_ITEM()
RATIONAL_B_SPLINE_CURVE((1.,1.))
REPRESENTATION_ITEM('')
);
#1597=(
BOUNDED_CURVE()
B_SPLINE_CURVE(1,(#3834,#3835),.UNSPECIFIED.,.F.,.F.)
B_SPLINE_CURVE_WITH_KNOTS((2,2),(-3.3961471324199,0.),.UNSPECIFIED.)
CURVE()
GEOMETRIC_REPRESENTATION_ITEM()
RATIONAL_B_SPLINE_CURVE((1.,1.))
REPRESENTATION_ITEM('')
);
#1598=(
BOUNDED_CURVE()
B_SPLINE_CURVE(2,(#3855,#3856,#3857,#3858,#3859),.UNSPECIFIED.,.F.,.F.)
B_SPLINE_CURVE_WITH_KNOTS((3,2,3),(-6.,-3.,0.),.UNSPECIFIED.)
CURVE()
GEOMETRIC_REPRESENTATION_ITEM()
RATIONAL_B_SPLINE_CURVE((1.,0.707106781186548,1.,0.707106781186548,1.))
REPRESENTATION_ITEM('')
);
#1599=(
BOUNDED_CURVE()
B_SPLINE_CURVE(1,(#3860,#3861),.UNSPECIFIED.,.F.,.F.)
B_SPLINE_CURVE_WITH_KNOTS((2,2),(-6.0869580444336,0.),.UNSPECIFIED.)
CURVE()
GEOMETRIC_REPRESENTATION_ITEM()
RATIONAL_B_SPLINE_CURVE((1.,1.))
REPRESENTATION_ITEM('')
);
#1600=(
BOUNDED_CURVE()
B_SPLINE_CURVE(2,(#3866,#3867,#3868),.UNSPECIFIED.,.F.,.F.)
B_SPLINE_CURVE_WITH_KNOTS((3,3),(334.579426583113,342.504043689198),
 .UNSPECIFIED.)
CURVE()
GEOMETRIC_REPRESENTATION_ITEM()
RATIONAL_B_SPLINE_CURVE((1.,0.707106781186548,1.))
REPRESENTATION_ITEM('')
);
#1601=(
BOUNDED_CURVE()
B_SPLINE_CURVE(2,(#3871,#3872,#3873),.UNSPECIFIED.,.F.,.F.)
B_SPLINE_CURVE_WITH_KNOTS((3,3),(-342.504043689198,-334.579426583113),
 .UNSPECIFIED.)
CURVE()
GEOMETRIC_REPRESENTATION_ITEM()
RATIONAL_B_SPLINE_CURVE((1.,0.707106781186548,1.))
REPRESENTATION_ITEM('')
);
#1602=(
BOUNDED_CURVE()
B_SPLINE_CURVE(2,(#3878,#3879,#3880,#3881,#3882),.UNSPECIFIED.,.F.,.F.)
B_SPLINE_CURVE_WITH_KNOTS((3,2,3),(-7.00000000000001,-3.50000000000001,
0.),.UNSPECIFIED.)
CURVE()
GEOMETRIC_REPRESENTATION_ITEM()
RATIONAL_B_SPLINE_CURVE((1.,0.707106781186548,1.,0.707106781186548,1.))
REPRESENTATION_ITEM('')
);
#1603=(
BOUNDED_CURVE()
B_SPLINE_CURVE(2,(#3887,#3888,#3889,#3890,#3891),.UNSPECIFIED.,.F.,.F.)
B_SPLINE_CURVE_WITH_KNOTS((3,2,3),(-7.00000000000001,-3.50000000000001,
0.),.UNSPECIFIED.)
CURVE()
GEOMETRIC_REPRESENTATION_ITEM()
RATIONAL_B_SPLINE_CURVE((1.,0.707106781186548,1.,0.707106781186548,1.))
REPRESENTATION_ITEM('')
);
#1604=(
BOUNDED_CURVE()
B_SPLINE_CURVE(2,(#3898,#3899,#3900),.UNSPECIFIED.,.F.,.F.)
B_SPLINE_CURVE_WITH_KNOTS((3,3),(0.,11.8469056116872),.UNSPECIFIED.)
CURVE()
GEOMETRIC_REPRESENTATION_ITEM()
RATIONAL_B_SPLINE_CURVE((1.,1.,1.))
REPRESENTATION_ITEM('')
);
#1605=(
BOUNDED_CURVE()
B_SPLINE_CURVE(2,(#3903,#3904,#3905),.UNSPECIFIED.,.F.,.F.)
B_SPLINE_CURVE_WITH_KNOTS((3,3),(0.,2.90812645013639),.UNSPECIFIED.)
CURVE()
GEOMETRIC_REPRESENTATION_ITEM()
RATIONAL_B_SPLINE_CURVE((1.,1.,1.))
REPRESENTATION_ITEM('')
);
#1606=(
BOUNDED_CURVE()
B_SPLINE_CURVE(2,(#3908,#3909,#3910),.UNSPECIFIED.,.F.,.F.)
B_SPLINE_CURVE_WITH_KNOTS((3,3),(0.,15.4550320618236),.UNSPECIFIED.)
CURVE()
GEOMETRIC_REPRESENTATION_ITEM()
RATIONAL_B_SPLINE_CURVE((1.,1.,1.))
REPRESENTATION_ITEM('')
);
#1607=(
BOUNDED_CURVE()
B_SPLINE_CURVE(2,(#3915,#3916,#3917),.UNSPECIFIED.,.F.,.F.)
B_SPLINE_CURVE_WITH_KNOTS((3,3),(0.,2.90812645013637),.UNSPECIFIED.)
CURVE()
GEOMETRIC_REPRESENTATION_ITEM()
RATIONAL_B_SPLINE_CURVE((1.,1.,1.))
REPRESENTATION_ITEM('')
);
#1608=(
BOUNDED_CURVE()
B_SPLINE_CURVE(2,(#3920,#3921,#3922),.UNSPECIFIED.,.F.,.F.)
B_SPLINE_CURVE_WITH_KNOTS((3,3),(0.,15.4550320618236),.UNSPECIFIED.)
CURVE()
GEOMETRIC_REPRESENTATION_ITEM()
RATIONAL_B_SPLINE_CURVE((1.,1.,1.))
REPRESENTATION_ITEM('')
);
#1609=(
BOUNDED_CURVE()
B_SPLINE_CURVE(1,(#3925,#3926),.UNSPECIFIED.,.F.,.F.)
B_SPLINE_CURVE_WITH_KNOTS((2,2),(-2.12740269205195,0.),.UNSPECIFIED.)
CURVE()
GEOMETRIC_REPRESENTATION_ITEM()
RATIONAL_B_SPLINE_CURVE((1.,1.))
REPRESENTATION_ITEM('')
);
#1610=(
BOUNDED_CURVE()
B_SPLINE_CURVE(2,(#3929,#3930,#3931),.UNSPECIFIED.,.F.,.F.)
B_SPLINE_CURVE_WITH_KNOTS((3,3),(0.,4.4726072057066),.UNSPECIFIED.)
CURVE()
GEOMETRIC_REPRESENTATION_ITEM()
RATIONAL_B_SPLINE_CURVE((1.,1.,1.))
REPRESENTATION_ITEM('')
);
#1611=(
BOUNDED_CURVE()
B_SPLINE_CURVE(2,(#3934,#3935,#3936),.UNSPECIFIED.,.F.,.F.)
B_SPLINE_CURVE_WITH_KNOTS((3,3),(0.,3.02209659229206),.UNSPECIFIED.)
CURVE()
GEOMETRIC_REPRESENTATION_ITEM()
RATIONAL_B_SPLINE_CURVE((1.,0.89310863959505,1.))
REPRESENTATION_ITEM('')
);
#1612=(
BOUNDED_CURVE()
B_SPLINE_CURVE(2,(#3937,#3938,#3939),.UNSPECIFIED.,.F.,.F.)
B_SPLINE_CURVE_WITH_KNOTS((3,3),(0.,3.0220965922921),.UNSPECIFIED.)
CURVE()
GEOMETRIC_REPRESENTATION_ITEM()
RATIONAL_B_SPLINE_CURVE((1.,0.893108639595043,1.))
REPRESENTATION_ITEM('')
);
#1613=(
BOUNDED_CURVE()
B_SPLINE_CURVE(2,(#3942,#3943,#3944),.UNSPECIFIED.,.F.,.F.)
B_SPLINE_CURVE_WITH_KNOTS((3,3),(0.,15.4550320618236),.UNSPECIFIED.)
CURVE()
GEOMETRIC_REPRESENTATION_ITEM()
RATIONAL_B_SPLINE_CURVE((1.,1.,1.))
REPRESENTATION_ITEM('')
);
#1614=(
BOUNDED_CURVE()
B_SPLINE_CURVE(2,(#3945,#3946,#3947),.UNSPECIFIED.,.F.,.F.)
B_SPLINE_CURVE_WITH_KNOTS((3,3),(0.,39.6362677875759),.UNSPECIFIED.)
CURVE()
GEOMETRIC_REPRESENTATION_ITEM()
RATIONAL_B_SPLINE_CURVE((1.,1.,1.))
REPRESENTATION_ITEM('')
);
#1615=(
BOUNDED_CURVE()
B_SPLINE_CURVE(2,(#3948,#3949,#3950),.UNSPECIFIED.,.F.,.F.)
B_SPLINE_CURVE_WITH_KNOTS((3,3),(0.,19.2464064444739),.UNSPECIFIED.)
CURVE()
GEOMETRIC_REPRESENTATION_ITEM()
RATIONAL_B_SPLINE_CURVE((1.,1.,1.))
REPRESENTATION_ITEM('')
);
#1616=(
BOUNDED_CURVE()
B_SPLINE_CURVE(2,(#3951,#3952,#3953),.UNSPECIFIED.,.F.,.F.)
B_SPLINE_CURVE_WITH_KNOTS((3,3),(0.,15.4550320618236),.UNSPECIFIED.)
CURVE()
GEOMETRIC_REPRESENTATION_ITEM()
RATIONAL_B_SPLINE_CURVE((1.,1.,1.))
REPRESENTATION_ITEM('')
);
#1617=(
BOUNDED_CURVE()
B_SPLINE_CURVE(2,(#3956,#3957,#3958),.UNSPECIFIED.,.F.,.F.)
B_SPLINE_CURVE_WITH_KNOTS((3,3),(-342.504043689198,-334.579426583113),
 .UNSPECIFIED.)
CURVE()
GEOMETRIC_REPRESENTATION_ITEM()
RATIONAL_B_SPLINE_CURVE((1.,0.707106781186548,1.))
REPRESENTATION_ITEM('')
);
#1618=(
BOUNDED_CURVE()
B_SPLINE_CURVE(2,(#3959,#3960,#3961),.UNSPECIFIED.,.F.,.F.)
B_SPLINE_CURVE_WITH_KNOTS((3,3),(-342.504043689198,-334.579426583113),
 .UNSPECIFIED.)
CURVE()
GEOMETRIC_REPRESENTATION_ITEM()
RATIONAL_B_SPLINE_CURVE((1.,0.707106781186548,1.))
REPRESENTATION_ITEM('')
);
#1619=(
BOUNDED_CURVE()
B_SPLINE_CURVE(1,(#3964,#3965),.UNSPECIFIED.,.F.,.F.)
B_SPLINE_CURVE_WITH_KNOTS((2,2),(0.,4.),.UNSPECIFIED.)
CURVE()
GEOMETRIC_REPRESENTATION_ITEM()
RATIONAL_B_SPLINE_CURVE((1.,1.))
REPRESENTATION_ITEM('')
);
#1620=(
BOUNDED_CURVE()
B_SPLINE_CURVE(2,(#3966,#3967,#3968),.UNSPECIFIED.,.F.,.F.)
B_SPLINE_CURVE_WITH_KNOTS((3,3),(0.,21.0372033390386),.UNSPECIFIED.)
CURVE()
GEOMETRIC_REPRESENTATION_ITEM()
RATIONAL_B_SPLINE_CURVE((1.,1.,1.))
REPRESENTATION_ITEM('')
);
#1621=(
BOUNDED_CURVE()
B_SPLINE_CURVE(2,(#3969,#3970,#3971),.UNSPECIFIED.,.F.,.F.)
B_SPLINE_CURVE_WITH_KNOTS((3,3),(0.,2.3452182010416),.UNSPECIFIED.)
CURVE()
GEOMETRIC_REPRESENTATION_ITEM()
RATIONAL_B_SPLINE_CURVE((1.,1.,1.))
REPRESENTATION_ITEM('')
);
#1622=(
BOUNDED_CURVE()
B_SPLINE_CURVE(2,(#3974,#3975,#3976),.UNSPECIFIED.,.F.,.F.)
B_SPLINE_CURVE_WITH_KNOTS((3,3),(0.,39.6362677875759),.UNSPECIFIED.)
CURVE()
GEOMETRIC_REPRESENTATION_ITEM()
RATIONAL_B_SPLINE_CURVE((1.,1.,1.))
REPRESENTATION_ITEM('')
);
#1623=(
BOUNDED_CURVE()
B_SPLINE_CURVE(2,(#3977,#3978,#3979),.UNSPECIFIED.,.F.,.F.)
B_SPLINE_CURVE_WITH_KNOTS((3,3),(182.74474535338,190.669362459465),
 .UNSPECIFIED.)
CURVE()
GEOMETRIC_REPRESENTATION_ITEM()
RATIONAL_B_SPLINE_CURVE((1.,0.707106781186548,1.))
REPRESENTATION_ITEM('')
);
#1624=(
BOUNDED_CURVE()
B_SPLINE_CURVE(2,(#3980,#3981,#3982),.UNSPECIFIED.,.F.,.F.)
B_SPLINE_CURVE_WITH_KNOTS((3,3),(-190.669362459465,-182.74474535338),
 .UNSPECIFIED.)
CURVE()
GEOMETRIC_REPRESENTATION_ITEM()
RATIONAL_B_SPLINE_CURVE((1.,0.707106781186548,1.))
REPRESENTATION_ITEM('')
);
#1625=(
BOUNDED_CURVE()
B_SPLINE_CURVE(2,(#3985,#3986,#3987),.UNSPECIFIED.,.F.,.F.)
B_SPLINE_CURVE_WITH_KNOTS((3,3),(0.,15.4550320618236),.UNSPECIFIED.)
CURVE()
GEOMETRIC_REPRESENTATION_ITEM()
RATIONAL_B_SPLINE_CURVE((1.,1.,1.))
REPRESENTATION_ITEM('')
);
#1626=(
BOUNDED_CURVE()
B_SPLINE_CURVE(2,(#3988,#3989,#3990),.UNSPECIFIED.,.F.,.F.)
B_SPLINE_CURVE_WITH_KNOTS((3,3),(0.,15.4550320618236),.UNSPECIFIED.)
CURVE()
GEOMETRIC_REPRESENTATION_ITEM()
RATIONAL_B_SPLINE_CURVE((1.,1.,1.))
REPRESENTATION_ITEM('')
);
#1627=(
BOUNDED_CURVE()
B_SPLINE_CURVE(2,(#3991,#3992,#3993,#3994,#3995),.UNSPECIFIED.,.F.,.F.)
B_SPLINE_CURVE_WITH_KNOTS((3,2,3),(-7.00000000000001,-3.50000000000001,
0.),.UNSPECIFIED.)
CURVE()
GEOMETRIC_REPRESENTATION_ITEM()
RATIONAL_B_SPLINE_CURVE((1.,0.707106781186548,1.,0.707106781186548,1.))
REPRESENTATION_ITEM('')
);
#1628=(
BOUNDED_CURVE()
B_SPLINE_CURVE(2,(#3998,#3999,#4000,#4001,#4002),.UNSPECIFIED.,.F.,.F.)
B_SPLINE_CURVE_WITH_KNOTS((3,2,3),(-3.31092566749416,-1.65546283374708,
0.),.UNSPECIFIED.)
CURVE()
GEOMETRIC_REPRESENTATION_ITEM()
RATIONAL_B_SPLINE_CURVE((1.,0.903980696056813,1.,0.903980696056813,1.))
REPRESENTATION_ITEM('')
);
#1629=(
BOUNDED_CURVE()
B_SPLINE_CURVE(2,(#4003,#4004,#4005),.UNSPECIFIED.,.F.,.F.)
B_SPLINE_CURVE_WITH_KNOTS((3,3),(-2.87214022937556,0.),.UNSPECIFIED.)
CURVE()
GEOMETRIC_REPRESENTATION_ITEM()
RATIONAL_B_SPLINE_CURVE((1.,0.773035964329023,1.))
REPRESENTATION_ITEM('')
);
#1630=(
BOUNDED_CURVE()
B_SPLINE_CURVE(2,(#4008,#4009,#4010,#4011,#4012),.UNSPECIFIED.,.F.,.F.)
B_SPLINE_CURVE_WITH_KNOTS((3,2,3),(-6.99999999999998,-3.49999999999999,
0.),.UNSPECIFIED.)
CURVE()
GEOMETRIC_REPRESENTATION_ITEM()
RATIONAL_B_SPLINE_CURVE((1.,0.707106781186549,1.,0.707106781186549,1.))
REPRESENTATION_ITEM('')
);
#1631=(
BOUNDED_CURVE()
B_SPLINE_CURVE(2,(#4013,#4014,#4015),.UNSPECIFIED.,.F.,.F.)
B_SPLINE_CURVE_WITH_KNOTS((3,3),(-2.87214022937562,0.),.UNSPECIFIED.)
CURVE()
GEOMETRIC_REPRESENTATION_ITEM()
RATIONAL_B_SPLINE_CURVE((1.,0.773035964329009,1.))
REPRESENTATION_ITEM('')
);
#1632=(
BOUNDED_CURVE()
B_SPLINE_CURVE(2,(#4016,#4017,#4018,#4019,#4020),.UNSPECIFIED.,.F.,.F.)
B_SPLINE_CURVE_WITH_KNOTS((3,2,3),(-3.31092566749414,-1.65546283374706,
0.),.UNSPECIFIED.)
CURVE()
GEOMETRIC_REPRESENTATION_ITEM()
RATIONAL_B_SPLINE_CURVE((1.,0.903980696056817,1.,0.903980696056817,1.))
REPRESENTATION_ITEM('')
);
#1633=(
BOUNDED_CURVE()
B_SPLINE_CURVE(2,(#4021,#4022,#4023,#4024,#4025),.UNSPECIFIED.,.F.,.F.)
B_SPLINE_CURVE_WITH_KNOTS((3,2,3),(-6.99999999999998,-3.49999999999999,
0.),.UNSPECIFIED.)
CURVE()
GEOMETRIC_REPRESENTATION_ITEM()
RATIONAL_B_SPLINE_CURVE((1.,0.707106781186549,1.,0.707106781186549,1.))
REPRESENTATION_ITEM('')
);
#1634=(
BOUNDED_CURVE()
B_SPLINE_CURVE(2,(#4028,#4029,#4030),.UNSPECIFIED.,.F.,.F.)
B_SPLINE_CURVE_WITH_KNOTS((3,3),(-2.87214022937554,0.),.UNSPECIFIED.)
CURVE()
GEOMETRIC_REPRESENTATION_ITEM()
RATIONAL_B_SPLINE_CURVE((1.,0.773035964329026,1.))
REPRESENTATION_ITEM('')
);
#1635=(
BOUNDED_CURVE()
B_SPLINE_CURVE(2,(#4031,#4032,#4033,#4034,#4035),.UNSPECIFIED.,.F.,.F.)
B_SPLINE_CURVE_WITH_KNOTS((3,2,3),(-3.31092566749412,-1.65546283374706,
0.),.UNSPECIFIED.)
CURVE()
GEOMETRIC_REPRESENTATION_ITEM()
RATIONAL_B_SPLINE_CURVE((1.,0.903980696056819,1.,0.903980696056819,1.))
REPRESENTATION_ITEM('')
);
#1636=(
BOUNDED_CURVE()
B_SPLINE_CURVE(2,(#4038,#4039,#4040,#4041,#4042),.UNSPECIFIED.,.F.,.F.)
B_SPLINE_CURVE_WITH_KNOTS((3,2,3),(-7.00000000000001,-3.50000000000001,
0.),.UNSPECIFIED.)
CURVE()
GEOMETRIC_REPRESENTATION_ITEM()
RATIONAL_B_SPLINE_CURVE((1.,0.707106781186548,1.,0.707106781186548,1.))
REPRESENTATION_ITEM('')
);
#1637=(
BOUNDED_CURVE()
B_SPLINE_CURVE(2,(#4043,#4044,#4045,#4046,#4047),.UNSPECIFIED.,.F.,.F.)
B_SPLINE_CURVE_WITH_KNOTS((3,2,3),(-3.31092566749412,-1.65546283374706,
0.),.UNSPECIFIED.)
CURVE()
GEOMETRIC_REPRESENTATION_ITEM()
RATIONAL_B_SPLINE_CURVE((1.,0.903980696056819,1.,0.903980696056819,1.))
REPRESENTATION_ITEM('')
);
#1638=(
BOUNDED_CURVE()
B_SPLINE_CURVE(2,(#4048,#4049,#4050),.UNSPECIFIED.,.F.,.F.)
B_SPLINE_CURVE_WITH_KNOTS((3,3),(-2.87214022937555,0.),.UNSPECIFIED.)
CURVE()
GEOMETRIC_REPRESENTATION_ITEM()
RATIONAL_B_SPLINE_CURVE((1.,0.773035964329029,1.))
REPRESENTATION_ITEM('')
);
#1639=(
BOUNDED_CURVE()
B_SPLINE_CURVE(2,(#4051,#4052,#4053),.UNSPECIFIED.,.F.,.F.)
B_SPLINE_CURVE_WITH_KNOTS((3,3),(0.,19.2464064444739),.UNSPECIFIED.)
CURVE()
GEOMETRIC_REPRESENTATION_ITEM()
RATIONAL_B_SPLINE_CURVE((1.,1.,1.))
REPRESENTATION_ITEM('')
);
#1640=(
BOUNDED_CURVE()
B_SPLINE_CURVE(2,(#4060,#4061,#4062,#4063,#4064),.UNSPECIFIED.,.F.,.F.)
B_SPLINE_CURVE_WITH_KNOTS((3,2,3),(-7.00000000000002,-3.50000000000001,
0.),.UNSPECIFIED.)
CURVE()
GEOMETRIC_REPRESENTATION_ITEM()
RATIONAL_B_SPLINE_CURVE((1.,0.707106781186547,1.,0.707106781186547,1.))
REPRESENTATION_ITEM('')
);
#1641=(
BOUNDED_CURVE()
B_SPLINE_CURVE(2,(#4069,#4070,#4071,#4072,#4073),.UNSPECIFIED.,.F.,.F.)
B_SPLINE_CURVE_WITH_KNOTS((3,2,3),(-7.00000000000002,-3.5,0.),
 .UNSPECIFIED.)
CURVE()
GEOMETRIC_REPRESENTATION_ITEM()
RATIONAL_B_SPLINE_CURVE((1.,0.707106781186547,1.,0.707106781186547,1.))
REPRESENTATION_ITEM('')
);
#1642=(
BOUNDED_CURVE()
B_SPLINE_CURVE(2,(#4074,#4075,#4076,#4077,#4078),.UNSPECIFIED.,.F.,.F.)
B_SPLINE_CURVE_WITH_KNOTS((3,2,3),(-7.00000000000007,-3.50000000000003,
0.),.UNSPECIFIED.)
CURVE()
GEOMETRIC_REPRESENTATION_ITEM()
RATIONAL_B_SPLINE_CURVE((1.,0.707106781186544,1.,0.707106781186544,1.))
REPRESENTATION_ITEM('')
);
#1643=(
BOUNDED_CURVE()
B_SPLINE_CURVE(2,(#4079,#4080,#4081,#4082,#4083),.UNSPECIFIED.,.F.,.F.)
B_SPLINE_CURVE_WITH_KNOTS((3,2,3),(-7.00000000000007,-3.50000000000004,
0.),.UNSPECIFIED.)
CURVE()
GEOMETRIC_REPRESENTATION_ITEM()
RATIONAL_B_SPLINE_CURVE((1.,0.707106781186544,1.,0.707106781186544,1.))
REPRESENTATION_ITEM('')
);
#1644=(
BOUNDED_CURVE()
B_SPLINE_CURVE(2,(#4086,#4087,#4088),.UNSPECIFIED.,.F.,.F.)
B_SPLINE_CURVE_WITH_KNOTS((3,3),(-8.14302519478179,0.),.UNSPECIFIED.)
CURVE()
GEOMETRIC_REPRESENTATION_ITEM()
RATIONAL_B_SPLINE_CURVE((1.,0.707106781186548,1.))
REPRESENTATION_ITEM('')
);
#1645=(
BOUNDED_CURVE()
B_SPLINE_CURVE(2,(#4089,#4090,#4091),.UNSPECIFIED.,.F.,.F.)
B_SPLINE_CURVE_WITH_KNOTS((3,3),(0.,8.14302519478179),.UNSPECIFIED.)
CURVE()
GEOMETRIC_REPRESENTATION_ITEM()
RATIONAL_B_SPLINE_CURVE((1.,0.707106781186548,1.))
REPRESENTATION_ITEM('')
);
#1646=(
BOUNDED_CURVE()
B_SPLINE_CURVE(2,(#4092,#4093,#4094),.UNSPECIFIED.,.F.,.F.)
B_SPLINE_CURVE_WITH_KNOTS((3,3),(0.,8.14302519478179),.UNSPECIFIED.)
CURVE()
GEOMETRIC_REPRESENTATION_ITEM()
RATIONAL_B_SPLINE_CURVE((1.,0.707106781186548,1.))
REPRESENTATION_ITEM('')
);
#1647=(
BOUNDED_CURVE()
B_SPLINE_CURVE(2,(#4099,#4100,#4101,#4102,#4103),.UNSPECIFIED.,.F.,.F.)
B_SPLINE_CURVE_WITH_KNOTS((3,2,3),(-7.00000000000002,-3.50000000000001,
0.),.UNSPECIFIED.)
CURVE()
GEOMETRIC_REPRESENTATION_ITEM()
RATIONAL_B_SPLINE_CURVE((1.,0.707106781186547,1.,0.707106781186547,1.))
REPRESENTATION_ITEM('')
);
#1648=(
BOUNDED_CURVE()
B_SPLINE_CURVE(2,(#4106,#4107,#4108,#4109,#4110),.UNSPECIFIED.,.F.,.F.)
B_SPLINE_CURVE_WITH_KNOTS((3,2,3),(-7.,-3.5,0.),.UNSPECIFIED.)
CURVE()
GEOMETRIC_REPRESENTATION_ITEM()
RATIONAL_B_SPLINE_CURVE((1.,0.707106781186548,1.,0.707106781186548,1.))
REPRESENTATION_ITEM('')
);
#1649=(
BOUNDED_CURVE()
B_SPLINE_CURVE(2,(#4111,#4112,#4113,#4114,#4115),.UNSPECIFIED.,.F.,.F.)
B_SPLINE_CURVE_WITH_KNOTS((3,2,3),(-6.99999999999999,-3.49999999999999,
0.),.UNSPECIFIED.)
CURVE()
GEOMETRIC_REPRESENTATION_ITEM()
RATIONAL_B_SPLINE_CURVE((1.,0.707106781186548,1.,0.707106781186548,1.))
REPRESENTATION_ITEM('')
);
#1650=(
BOUNDED_CURVE()
B_SPLINE_CURVE(2,(#4118,#4119,#4120,#4121,#4122),.UNSPECIFIED.,.F.,.F.)
B_SPLINE_CURVE_WITH_KNOTS((3,2,3),(-7.00000000000007,-3.50000000000003,
0.),.UNSPECIFIED.)
CURVE()
GEOMETRIC_REPRESENTATION_ITEM()
RATIONAL_B_SPLINE_CURVE((1.,0.707106781186544,1.,0.707106781186544,1.))
REPRESENTATION_ITEM('')
);
#1651=(
BOUNDED_CURVE()
B_SPLINE_CURVE(2,(#4125,#4126,#4127,#4128,#4129),.UNSPECIFIED.,.F.,.F.)
B_SPLINE_CURVE_WITH_KNOTS((3,2,3),(-7.00000000000001,-3.50000000000001,
0.),.UNSPECIFIED.)
CURVE()
GEOMETRIC_REPRESENTATION_ITEM()
RATIONAL_B_SPLINE_CURVE((1.,0.707106781186548,1.,0.707106781186548,1.))
REPRESENTATION_ITEM('')
);
#1652=(
BOUNDED_CURVE()
B_SPLINE_CURVE(2,(#4134,#4135,#4136),.UNSPECIFIED.,.F.,.F.)
B_SPLINE_CURVE_WITH_KNOTS((3,3),(0.,88.3735286171058),.UNSPECIFIED.)
CURVE()
GEOMETRIC_REPRESENTATION_ITEM()
RATIONAL_B_SPLINE_CURVE((1.,1.,1.))
REPRESENTATION_ITEM('')
);
#1653=(
BOUNDED_CURVE()
B_SPLINE_CURVE(2,(#4141,#4142,#4143),.UNSPECIFIED.,.F.,.F.)
B_SPLINE_CURVE_WITH_KNOTS((3,3),(0.,2.90812645013639),.UNSPECIFIED.)
CURVE()
GEOMETRIC_REPRESENTATION_ITEM()
RATIONAL_B_SPLINE_CURVE((1.,1.,1.))
REPRESENTATION_ITEM('')
);
#1654=(
BOUNDED_CURVE()
B_SPLINE_CURVE(2,(#4148,#4149,#4150),.UNSPECIFIED.,.F.,.F.)
B_SPLINE_CURVE_WITH_KNOTS((3,3),(0.,2.90812645013637),.UNSPECIFIED.)
CURVE()
GEOMETRIC_REPRESENTATION_ITEM()
RATIONAL_B_SPLINE_CURVE((1.,1.,1.))
REPRESENTATION_ITEM('')
);
#1655=(
BOUNDED_CURVE()
B_SPLINE_CURVE(2,(#4157,#4158,#4159),.UNSPECIFIED.,.F.,.F.)
B_SPLINE_CURVE_WITH_KNOTS((3,3),(0.,11.8469056116872),.UNSPECIFIED.)
CURVE()
GEOMETRIC_REPRESENTATION_ITEM()
RATIONAL_B_SPLINE_CURVE((1.,1.,1.))
REPRESENTATION_ITEM('')
);
#1656=(
BOUNDED_CURVE()
B_SPLINE_CURVE(2,(#4162,#4163,#4164,#4165,#4166),.UNSPECIFIED.,.F.,.F.)
B_SPLINE_CURVE_WITH_KNOTS((3,2,3),(-7.00000000000002,-3.5,0.),
 .UNSPECIFIED.)
CURVE()
GEOMETRIC_REPRESENTATION_ITEM()
RATIONAL_B_SPLINE_CURVE((1.,0.707106781186547,1.,0.707106781186547,1.))
REPRESENTATION_ITEM('')
);
#1657=(
BOUNDED_CURVE()
B_SPLINE_CURVE(2,(#4169,#4170,#4171,#4172,#4173),.UNSPECIFIED.,.F.,.F.)
B_SPLINE_CURVE_WITH_KNOTS((3,2,3),(-6.99999999999999,-3.5,0.),
 .UNSPECIFIED.)
CURVE()
GEOMETRIC_REPRESENTATION_ITEM()
RATIONAL_B_SPLINE_CURVE((1.,0.707106781186548,1.,0.707106781186548,1.))
REPRESENTATION_ITEM('')
);
#1658=(
BOUNDED_CURVE()
B_SPLINE_CURVE(2,(#4174,#4175,#4176,#4177,#4178),.UNSPECIFIED.,.F.,.F.)
B_SPLINE_CURVE_WITH_KNOTS((3,2,3),(-7.,-3.5,0.),.UNSPECIFIED.)
CURVE()
GEOMETRIC_REPRESENTATION_ITEM()
RATIONAL_B_SPLINE_CURVE((1.,0.707106781186548,1.,0.707106781186548,1.))
REPRESENTATION_ITEM('')
);
#1659=(
BOUNDED_CURVE()
B_SPLINE_CURVE(2,(#4181,#4182,#4183,#4184,#4185),.UNSPECIFIED.,.F.,.F.)
B_SPLINE_CURVE_WITH_KNOTS((3,2,3),(-7.00000000000007,-3.50000000000004,
0.),.UNSPECIFIED.)
CURVE()
GEOMETRIC_REPRESENTATION_ITEM()
RATIONAL_B_SPLINE_CURVE((1.,0.707106781186544,1.,0.707106781186544,1.))
REPRESENTATION_ITEM('')
);
#1660=(
BOUNDED_CURVE()
B_SPLINE_CURVE(2,(#4188,#4189,#4190,#4191,#4192),.UNSPECIFIED.,.F.,.F.)
B_SPLINE_CURVE_WITH_KNOTS((3,2,3),(-7.00000000000001,-3.50000000000001,
0.),.UNSPECIFIED.)
CURVE()
GEOMETRIC_REPRESENTATION_ITEM()
RATIONAL_B_SPLINE_CURVE((1.,0.707106781186548,1.,0.707106781186548,1.))
REPRESENTATION_ITEM('')
);
#1661=(
BOUNDED_CURVE()
B_SPLINE_CURVE(2,(#4197,#4198,#4199),.UNSPECIFIED.,.F.,.F.)
B_SPLINE_CURVE_WITH_KNOTS((3,3),(0.,18.0469056116872),.UNSPECIFIED.)
CURVE()
GEOMETRIC_REPRESENTATION_ITEM()
RATIONAL_B_SPLINE_CURVE((1.,1.,1.))
REPRESENTATION_ITEM('')
);
#1662=(
BOUNDED_CURVE()
B_SPLINE_CURVE(2,(#4200,#4201,#4202),.UNSPECIFIED.,.F.,.F.)
B_SPLINE_CURVE_WITH_KNOTS((3,3),(0.,41.1867643085529),.UNSPECIFIED.)
CURVE()
GEOMETRIC_REPRESENTATION_ITEM()
RATIONAL_B_SPLINE_CURVE((1.,1.,1.))
REPRESENTATION_ITEM('')
);
#1663=(
BOUNDED_CURVE()
B_SPLINE_CURVE(2,(#4203,#4204,#4205),.UNSPECIFIED.,.F.,.F.)
B_SPLINE_CURVE_WITH_KNOTS((3,3),(0.,15.4550320618236),.UNSPECIFIED.)
CURVE()
GEOMETRIC_REPRESENTATION_ITEM()
RATIONAL_B_SPLINE_CURVE((1.,1.,1.))
REPRESENTATION_ITEM('')
);
#1664=(
BOUNDED_CURVE()
B_SPLINE_CURVE(2,(#4206,#4207,#4208),.UNSPECIFIED.,.F.,.F.)
B_SPLINE_CURVE_WITH_KNOTS((3,3),(0.,15.4550320618236),.UNSPECIFIED.)
CURVE()
GEOMETRIC_REPRESENTATION_ITEM()
RATIONAL_B_SPLINE_CURVE((1.,1.,1.))
REPRESENTATION_ITEM('')
);
#1665=(
BOUNDED_CURVE()
B_SPLINE_CURVE(2,(#4211,#4212,#4213),.UNSPECIFIED.,.F.,.F.)
B_SPLINE_CURVE_WITH_KNOTS((3,3),(0.,15.4550320618236),.UNSPECIFIED.)
CURVE()
GEOMETRIC_REPRESENTATION_ITEM()
RATIONAL_B_SPLINE_CURVE((1.,1.,1.))
REPRESENTATION_ITEM('')
);
#1666=(
BOUNDED_CURVE()
B_SPLINE_CURVE(2,(#4214,#4215,#4216),.UNSPECIFIED.,.F.,.F.)
B_SPLINE_CURVE_WITH_KNOTS((3,3),(334.579426583113,342.504043689198),
 .UNSPECIFIED.)
CURVE()
GEOMETRIC_REPRESENTATION_ITEM()
RATIONAL_B_SPLINE_CURVE((1.,0.707106781186548,1.))
REPRESENTATION_ITEM('')
);
#1667=(
BOUNDED_CURVE()
B_SPLINE_CURVE(2,(#4217,#4218,#4219),.UNSPECIFIED.,.F.,.F.)
B_SPLINE_CURVE_WITH_KNOTS((3,3),(-342.504043689198,-334.579426583113),
 .UNSPECIFIED.)
CURVE()
GEOMETRIC_REPRESENTATION_ITEM()
RATIONAL_B_SPLINE_CURVE((1.,0.707106781186548,1.))
REPRESENTATION_ITEM('')
);
#1668=(
BOUNDED_CURVE()
B_SPLINE_CURVE(1,(#4222,#4223),.UNSPECIFIED.,.F.,.F.)
B_SPLINE_CURVE_WITH_KNOTS((2,2),(0.,4.),.UNSPECIFIED.)
CURVE()
GEOMETRIC_REPRESENTATION_ITEM()
RATIONAL_B_SPLINE_CURVE((1.,1.))
REPRESENTATION_ITEM('')
);
#1669=(
BOUNDED_CURVE()
B_SPLINE_CURVE(2,(#4224,#4225,#4226),.UNSPECIFIED.,.F.,.F.)
B_SPLINE_CURVE_WITH_KNOTS((3,3),(0.,41.1867643085529),.UNSPECIFIED.)
CURVE()
GEOMETRIC_REPRESENTATION_ITEM()
RATIONAL_B_SPLINE_CURVE((1.,1.,1.))
REPRESENTATION_ITEM('')
);
#1670=(
BOUNDED_CURVE()
B_SPLINE_CURVE(2,(#4229,#4230,#4231),.UNSPECIFIED.,.F.,.F.)
B_SPLINE_CURVE_WITH_KNOTS((3,3),(-190.669362459465,-182.74474535338),
 .UNSPECIFIED.)
CURVE()
GEOMETRIC_REPRESENTATION_ITEM()
RATIONAL_B_SPLINE_CURVE((1.,0.707106781186548,1.))
REPRESENTATION_ITEM('')
);
#1671=(
BOUNDED_CURVE()
B_SPLINE_CURVE(2,(#4232,#4233,#4234),.UNSPECIFIED.,.F.,.F.)
B_SPLINE_CURVE_WITH_KNOTS((3,3),(-190.669362459465,-182.74474535338),
 .UNSPECIFIED.)
CURVE()
GEOMETRIC_REPRESENTATION_ITEM()
RATIONAL_B_SPLINE_CURVE((1.,0.707106781186548,1.))
REPRESENTATION_ITEM('')
);
#1672=(
BOUNDED_CURVE()
B_SPLINE_CURVE(2,(#4237,#4238,#4239),.UNSPECIFIED.,.F.,.F.)
B_SPLINE_CURVE_WITH_KNOTS((3,3),(0.,15.4550320618236),.UNSPECIFIED.)
CURVE()
GEOMETRIC_REPRESENTATION_ITEM()
RATIONAL_B_SPLINE_CURVE((1.,1.,1.))
REPRESENTATION_ITEM('')
);
#1673=(
BOUNDED_CURVE()
B_SPLINE_CURVE(2,(#4240,#4241,#4242,#4243,#4244),.UNSPECIFIED.,.F.,.F.)
B_SPLINE_CURVE_WITH_KNOTS((3,2,3),(-7.00000000000004,-3.50000000000002,
0.),.UNSPECIFIED.)
CURVE()
GEOMETRIC_REPRESENTATION_ITEM()
RATIONAL_B_SPLINE_CURVE((1.,0.707106781186545,1.,0.707106781186545,1.))
REPRESENTATION_ITEM('')
);
#1674=(
BOUNDED_CURVE()
B_SPLINE_CURVE(2,(#4247,#4248,#4249,#4250,#4251),.UNSPECIFIED.,.F.,.F.)
B_SPLINE_CURVE_WITH_KNOTS((3,2,3),(-7.00000000000001,-3.50000000000001,
0.),.UNSPECIFIED.)
CURVE()
GEOMETRIC_REPRESENTATION_ITEM()
RATIONAL_B_SPLINE_CURVE((1.,0.707106781186548,1.,0.707106781186548,1.))
REPRESENTATION_ITEM('')
);
#1675=(
BOUNDED_CURVE()
B_SPLINE_CURVE(2,(#4254,#4255,#4256,#4257,#4258),.UNSPECIFIED.,.F.,.F.)
B_SPLINE_CURVE_WITH_KNOTS((3,2,3),(-7.00000000000001,-3.50000000000001,
0.),.UNSPECIFIED.)
CURVE()
GEOMETRIC_REPRESENTATION_ITEM()
RATIONAL_B_SPLINE_CURVE((1.,0.707106781186548,1.,0.707106781186548,1.))
REPRESENTATION_ITEM('')
);
#1676=(
BOUNDED_CURVE()
B_SPLINE_CURVE(2,(#4259,#4260,#4261,#4262,#4263),.UNSPECIFIED.,.F.,.F.)
B_SPLINE_CURVE_WITH_KNOTS((3,2,3),(-6.99999999999998,-3.49999999999998,
0.),.UNSPECIFIED.)
CURVE()
GEOMETRIC_REPRESENTATION_ITEM()
RATIONAL_B_SPLINE_CURVE((1.,0.707106781186549,1.,0.707106781186549,1.))
REPRESENTATION_ITEM('')
);
#1677=(
BOUNDED_CURVE()
B_SPLINE_CURVE(2,(#4264,#4265,#4266,#4267,#4268),.UNSPECIFIED.,.F.,.F.)
B_SPLINE_CURVE_WITH_KNOTS((3,2,3),(-7.00000000000001,-3.50000000000001,
0.),.UNSPECIFIED.)
CURVE()
GEOMETRIC_REPRESENTATION_ITEM()
RATIONAL_B_SPLINE_CURVE((1.,0.707106781186548,1.,0.707106781186548,1.))
REPRESENTATION_ITEM('')
);
#1678=(
BOUNDED_CURVE()
B_SPLINE_CURVE(2,(#4271,#4272,#4273,#4274,#4275),.UNSPECIFIED.,.F.,.F.)
B_SPLINE_CURVE_WITH_KNOTS((3,2,3),(-6.99999999999998,-3.49999999999998,
0.),.UNSPECIFIED.)
CURVE()
GEOMETRIC_REPRESENTATION_ITEM()
RATIONAL_B_SPLINE_CURVE((1.,0.707106781186549,1.,0.707106781186549,1.))
REPRESENTATION_ITEM('')
);
#1679=(
BOUNDED_CURVE()
B_SPLINE_CURVE(2,(#4278,#4279,#4280,#4281,#4282),.UNSPECIFIED.,.F.,.F.)
B_SPLINE_CURVE_WITH_KNOTS((3,2,3),(-7.00000000000001,-3.50000000000001,
0.),.UNSPECIFIED.)
CURVE()
GEOMETRIC_REPRESENTATION_ITEM()
RATIONAL_B_SPLINE_CURVE((1.,0.707106781186548,1.,0.707106781186548,1.))
REPRESENTATION_ITEM('')
);
#1680=(
BOUNDED_CURVE()
B_SPLINE_CURVE(2,(#4283,#4284,#4285,#4286,#4287),.UNSPECIFIED.,.F.,.F.)
B_SPLINE_CURVE_WITH_KNOTS((3,2,3),(-7.00000000000001,-3.50000000000001,
0.),.UNSPECIFIED.)
CURVE()
GEOMETRIC_REPRESENTATION_ITEM()
RATIONAL_B_SPLINE_CURVE((1.,0.707106781186548,1.,0.707106781186548,1.))
REPRESENTATION_ITEM('')
);
#1681=(
BOUNDED_CURVE()
B_SPLINE_CURVE(2,(#4288,#4289,#4290),.UNSPECIFIED.,.F.,.F.)
B_SPLINE_CURVE_WITH_KNOTS((3,3),(0.,18.0469056116872),.UNSPECIFIED.)
CURVE()
GEOMETRIC_REPRESENTATION_ITEM()
RATIONAL_B_SPLINE_CURVE((1.,1.,1.))
REPRESENTATION_ITEM('')
);
#1682=(
BOUNDED_CURVE()
B_SPLINE_CURVE(2,(#4291,#4292,#4293),.UNSPECIFIED.,.F.,.F.)
B_SPLINE_CURVE_WITH_KNOTS((3,3),(0.,88.3735286171058),.UNSPECIFIED.)
CURVE()
GEOMETRIC_REPRESENTATION_ITEM()
RATIONAL_B_SPLINE_CURVE((1.,1.,1.))
REPRESENTATION_ITEM('')
);
#1683=(
BOUNDED_CURVE()
B_SPLINE_CURVE(2,(#4298,#4299,#4300),.UNSPECIFIED.,.F.,.F.)
B_SPLINE_CURVE_WITH_KNOTS((3,3),(0.,88.3735286171058),.UNSPECIFIED.)
CURVE()
GEOMETRIC_REPRESENTATION_ITEM()
RATIONAL_B_SPLINE_CURVE((1.,1.,1.))
REPRESENTATION_ITEM('')
);
#1684=(
BOUNDED_CURVE()
B_SPLINE_CURVE(2,(#4301,#4302,#4303),.UNSPECIFIED.,.F.,.F.)
B_SPLINE_CURVE_WITH_KNOTS((3,3),(-190.669362459465,-182.74474535338),
 .UNSPECIFIED.)
CURVE()
GEOMETRIC_REPRESENTATION_ITEM()
RATIONAL_B_SPLINE_CURVE((1.,0.707106781186548,1.))
REPRESENTATION_ITEM('')
);
#1685=(
BOUNDED_CURVE()
B_SPLINE_CURVE(2,(#4306,#4307,#4308),.UNSPECIFIED.,.F.,.F.)
B_SPLINE_CURVE_WITH_KNOTS((3,3),(-8.14302519478179,0.),.UNSPECIFIED.)
CURVE()
GEOMETRIC_REPRESENTATION_ITEM()
RATIONAL_B_SPLINE_CURVE((1.,0.707106781186548,1.))
REPRESENTATION_ITEM('')
);
#1686=(
BOUNDED_CURVE()
B_SPLINE_CURVE(2,(#4313,#4314,#4315),.UNSPECIFIED.,.F.,.F.)
B_SPLINE_CURVE_WITH_KNOTS((3,3),(-8.14302519478179,0.),.UNSPECIFIED.)
CURVE()
GEOMETRIC_REPRESENTATION_ITEM()
RATIONAL_B_SPLINE_CURVE((1.,0.707106781186548,1.))
REPRESENTATION_ITEM('')
);
#1687=(
BOUNDED_CURVE()
B_SPLINE_CURVE(2,(#4316,#4317,#4318),.UNSPECIFIED.,.F.,.F.)
B_SPLINE_CURVE_WITH_KNOTS((3,3),(0.,19.2464064444739),.UNSPECIFIED.)
CURVE()
GEOMETRIC_REPRESENTATION_ITEM()
RATIONAL_B_SPLINE_CURVE((1.,1.,1.))
REPRESENTATION_ITEM('')
);
#1688=(
BOUNDED_CURVE()
B_SPLINE_CURVE(2,(#4321,#4322,#4323),.UNSPECIFIED.,.F.,.F.)
B_SPLINE_CURVE_WITH_KNOTS((3,3),(0.,2.3452182010416),.UNSPECIFIED.)
CURVE()
GEOMETRIC_REPRESENTATION_ITEM()
RATIONAL_B_SPLINE_CURVE((1.,1.,1.))
REPRESENTATION_ITEM('')
);
#1689=(
BOUNDED_CURVE()
B_SPLINE_CURVE(2,(#4324,#4325,#4326),.UNSPECIFIED.,.F.,.F.)
B_SPLINE_CURVE_WITH_KNOTS((3,3),(0.,21.0372033390386),.UNSPECIFIED.)
CURVE()
GEOMETRIC_REPRESENTATION_ITEM()
RATIONAL_B_SPLINE_CURVE((1.,1.,1.))
REPRESENTATION_ITEM('')
);
#1690=(
BOUNDED_CURVE()
B_SPLINE_CURVE(2,(#4327,#4328,#4329),.UNSPECIFIED.,.F.,.F.)
B_SPLINE_CURVE_WITH_KNOTS((3,3),(0.,41.1867643085529),.UNSPECIFIED.)
CURVE()
GEOMETRIC_REPRESENTATION_ITEM()
RATIONAL_B_SPLINE_CURVE((1.,1.,1.))
REPRESENTATION_ITEM('')
);
#1691=(
BOUNDED_CURVE()
B_SPLINE_CURVE(2,(#4330,#4331,#4332),.UNSPECIFIED.,.F.,.F.)
B_SPLINE_CURVE_WITH_KNOTS((3,3),(0.,18.0469056116872),.UNSPECIFIED.)
CURVE()
GEOMETRIC_REPRESENTATION_ITEM()
RATIONAL_B_SPLINE_CURVE((1.,1.,1.))
REPRESENTATION_ITEM('')
);
#1692=(
BOUNDED_CURVE()
B_SPLINE_CURVE(2,(#4335,#4336,#4337),.UNSPECIFIED.,.F.,.F.)
B_SPLINE_CURVE_WITH_KNOTS((3,3),(0.,41.1867643085529),.UNSPECIFIED.)
CURVE()
GEOMETRIC_REPRESENTATION_ITEM()
RATIONAL_B_SPLINE_CURVE((1.,1.,1.))
REPRESENTATION_ITEM('')
);
#1693=(
BOUNDED_CURVE()
B_SPLINE_CURVE(2,(#4338,#4339,#4340),.UNSPECIFIED.,.F.,.F.)
B_SPLINE_CURVE_WITH_KNOTS((3,3),(0.,18.0469056116872),.UNSPECIFIED.)
CURVE()
GEOMETRIC_REPRESENTATION_ITEM()
RATIONAL_B_SPLINE_CURVE((1.,1.,1.))
REPRESENTATION_ITEM('')
);
#1694=(
BOUNDED_CURVE()
B_SPLINE_CURVE(2,(#4341,#4342,#4343),.UNSPECIFIED.,.F.,.F.)
B_SPLINE_CURVE_WITH_KNOTS((3,3),(-1.90014145371849,0.),.UNSPECIFIED.)
CURVE()
GEOMETRIC_REPRESENTATION_ITEM()
RATIONAL_B_SPLINE_CURVE((1.,0.953335756551069,1.))
REPRESENTATION_ITEM('')
);
#1695=(
BOUNDED_CURVE()
B_SPLINE_CURVE(2,(#4344,#4345,#4346),.UNSPECIFIED.,.F.,.F.)
B_SPLINE_CURVE_WITH_KNOTS((3,3),(-3.11376086387801,0.),.UNSPECIFIED.)
CURVE()
GEOMETRIC_REPRESENTATION_ITEM()
RATIONAL_B_SPLINE_CURVE((1.,0.88759429386831,1.))
REPRESENTATION_ITEM('')
);
#1696=(
BOUNDED_CURVE()
B_SPLINE_CURVE(1,(#4347,#4348),.UNSPECIFIED.,.F.,.F.)
B_SPLINE_CURVE_WITH_KNOTS((2,2),(-4.,0.),.UNSPECIFIED.)
CURVE()
GEOMETRIC_REPRESENTATION_ITEM()
RATIONAL_B_SPLINE_CURVE((1.,1.))
REPRESENTATION_ITEM('')
);
#1697=(
BOUNDED_CURVE()
B_SPLINE_CURVE(2,(#4349,#4350,#4351),.UNSPECIFIED.,.F.,.F.)
B_SPLINE_CURVE_WITH_KNOTS((3,3),(-3.11376086387801,0.),.UNSPECIFIED.)
CURVE()
GEOMETRIC_REPRESENTATION_ITEM()
RATIONAL_B_SPLINE_CURVE((1.,0.88759429386831,1.))
REPRESENTATION_ITEM('')
);
#1698=(
BOUNDED_CURVE()
B_SPLINE_CURVE(2,(#4352,#4353,#4354),.UNSPECIFIED.,.F.,.F.)
B_SPLINE_CURVE_WITH_KNOTS((3,3),(-1.90014145371849,0.),.UNSPECIFIED.)
CURVE()
GEOMETRIC_REPRESENTATION_ITEM()
RATIONAL_B_SPLINE_CURVE((1.,0.953335756551069,1.))
REPRESENTATION_ITEM('')
);
#1699=(
BOUNDED_CURVE()
B_SPLINE_CURVE(1,(#4355,#4356),.UNSPECIFIED.,.F.,.F.)
B_SPLINE_CURVE_WITH_KNOTS((2,2),(-4.,0.),.UNSPECIFIED.)
CURVE()
GEOMETRIC_REPRESENTATION_ITEM()
RATIONAL_B_SPLINE_CURVE((1.,1.))
REPRESENTATION_ITEM('')
);
#1700=(
BOUNDED_CURVE()
B_SPLINE_CURVE(2,(#4357,#4358,#4359),.UNSPECIFIED.,.F.,.F.)
B_SPLINE_CURVE_WITH_KNOTS((3,3),(-1.90014145371849,0.),.UNSPECIFIED.)
CURVE()
GEOMETRIC_REPRESENTATION_ITEM()
RATIONAL_B_SPLINE_CURVE((1.,0.953335756551068,1.))
REPRESENTATION_ITEM('')
);
#1701=(
BOUNDED_CURVE()
B_SPLINE_CURVE(2,(#4360,#4361,#4362),.UNSPECIFIED.,.F.,.F.)
B_SPLINE_CURVE_WITH_KNOTS((3,3),(-1.90014145371849,0.),.UNSPECIFIED.)
CURVE()
GEOMETRIC_REPRESENTATION_ITEM()
RATIONAL_B_SPLINE_CURVE((1.,0.953335756551068,1.))
REPRESENTATION_ITEM('')
);
#1702=(
BOUNDED_CURVE()
B_SPLINE_CURVE(2,(#4363,#4364,#4365),.UNSPECIFIED.,.F.,.F.)
B_SPLINE_CURVE_WITH_KNOTS((3,3),(-3.11376086387802,0.),.UNSPECIFIED.)
CURVE()
GEOMETRIC_REPRESENTATION_ITEM()
RATIONAL_B_SPLINE_CURVE((1.,0.887594293868309,1.))
REPRESENTATION_ITEM('')
);
#1703=(
BOUNDED_CURVE()
B_SPLINE_CURVE(1,(#4366,#4367),.UNSPECIFIED.,.F.,.F.)
B_SPLINE_CURVE_WITH_KNOTS((2,2),(-4.,0.),.UNSPECIFIED.)
CURVE()
GEOMETRIC_REPRESENTATION_ITEM()
RATIONAL_B_SPLINE_CURVE((1.,1.))
REPRESENTATION_ITEM('')
);
#1704=(
BOUNDED_CURVE()
B_SPLINE_CURVE(2,(#4368,#4369,#4370),.UNSPECIFIED.,.F.,.F.)
B_SPLINE_CURVE_WITH_KNOTS((3,3),(-3.11376086387802,0.),.UNSPECIFIED.)
CURVE()
GEOMETRIC_REPRESENTATION_ITEM()
RATIONAL_B_SPLINE_CURVE((1.,0.887594293868309,1.))
REPRESENTATION_ITEM('')
);
#1705=(
BOUNDED_CURVE()
B_SPLINE_CURVE(2,(#4371,#4372,#4373),.UNSPECIFIED.,.F.,.F.)
B_SPLINE_CURVE_WITH_KNOTS((3,3),(0.,19.2464064444739),.UNSPECIFIED.)
CURVE()
GEOMETRIC_REPRESENTATION_ITEM()
RATIONAL_B_SPLINE_CURVE((1.,1.,1.))
REPRESENTATION_ITEM('')
);
#1706=(
BOUNDED_CURVE()
B_SPLINE_CURVE(1,(#4374,#4375),.UNSPECIFIED.,.F.,.F.)
B_SPLINE_CURVE_WITH_KNOTS((2,2),(0.,4.),.UNSPECIFIED.)
CURVE()
GEOMETRIC_REPRESENTATION_ITEM()
RATIONAL_B_SPLINE_CURVE((1.,1.))
REPRESENTATION_ITEM('')
);
#1707=(
BOUNDED_CURVE()
B_SPLINE_CURVE(2,(#4376,#4377,#4378),.UNSPECIFIED.,.F.,.F.)
B_SPLINE_CURVE_WITH_KNOTS((3,3),(0.,1.35366992243545),.UNSPECIFIED.)
CURVE()
GEOMETRIC_REPRESENTATION_ITEM()
RATIONAL_B_SPLINE_CURVE((1.,0.979968796170984,1.))
REPRESENTATION_ITEM('')
);
#1708=(
BOUNDED_CURVE()
B_SPLINE_CURVE(2,(#4379,#4380,#4381),.UNSPECIFIED.,.F.,.F.)
B_SPLINE_CURVE_WITH_KNOTS((3,3),(0.,5.29754073824601),.UNSPECIFIED.)
CURVE()
GEOMETRIC_REPRESENTATION_ITEM()
RATIONAL_B_SPLINE_CURVE((1.,0.83376367068629,1.))
REPRESENTATION_ITEM('')
);
#1709=(
BOUNDED_CURVE()
B_SPLINE_CURVE(1,(#4382,#4383),.UNSPECIFIED.,.F.,.F.)
B_SPLINE_CURVE_WITH_KNOTS((2,2),(0.,4.),.UNSPECIFIED.)
CURVE()
GEOMETRIC_REPRESENTATION_ITEM()
RATIONAL_B_SPLINE_CURVE((1.,1.))
REPRESENTATION_ITEM('')
);
#1710=(
BOUNDED_CURVE()
B_SPLINE_CURVE(2,(#4384,#4385,#4386),.UNSPECIFIED.,.F.,.F.)
B_SPLINE_CURVE_WITH_KNOTS((3,3),(-5.29754073824589,0.),.UNSPECIFIED.)
CURVE()
GEOMETRIC_REPRESENTATION_ITEM()
RATIONAL_B_SPLINE_CURVE((1.,0.83376367068631,1.))
REPRESENTATION_ITEM('')
);
#1711=(
BOUNDED_CURVE()
B_SPLINE_CURVE(2,(#4387,#4388,#4389),.UNSPECIFIED.,.F.,.F.)
B_SPLINE_CURVE_WITH_KNOTS((3,3),(-1.35366992243115,0.),.UNSPECIFIED.)
CURVE()
GEOMETRIC_REPRESENTATION_ITEM()
RATIONAL_B_SPLINE_CURVE((1.,0.979968796172776,1.))
REPRESENTATION_ITEM('')
);
#1712=(
BOUNDED_CURVE()
B_SPLINE_CURVE(1,(#4390,#4391),.UNSPECIFIED.,.F.,.F.)
B_SPLINE_CURVE_WITH_KNOTS((2,2),(0.,4.),.UNSPECIFIED.)
CURVE()
GEOMETRIC_REPRESENTATION_ITEM()
RATIONAL_B_SPLINE_CURVE((1.,1.))
REPRESENTATION_ITEM('')
);
#1713=(
BOUNDED_CURVE()
B_SPLINE_CURVE(2,(#4392,#4393,#4394),.UNSPECIFIED.,.F.,.F.)
B_SPLINE_CURVE_WITH_KNOTS((3,3),(-5.29754073826063,0.),.UNSPECIFIED.)
CURVE()
GEOMETRIC_REPRESENTATION_ITEM()
RATIONAL_B_SPLINE_CURVE((1.,0.833763670683747,1.))
REPRESENTATION_ITEM('')
);
#1714=(
BOUNDED_CURVE()
B_SPLINE_CURVE(2,(#4395,#4396,#4397),.UNSPECIFIED.,.F.,.F.)
B_SPLINE_CURVE_WITH_KNOTS((3,3),(0.,5.29754073824599),.UNSPECIFIED.)
CURVE()
GEOMETRIC_REPRESENTATION_ITEM()
RATIONAL_B_SPLINE_CURVE((1.,0.833763670686291,1.))
REPRESENTATION_ITEM('')
);
#1715=(
BOUNDED_CURVE()
B_SPLINE_CURVE(2,(#4398,#4399,#4400),.UNSPECIFIED.,.F.,.F.)
B_SPLINE_CURVE_WITH_KNOTS((3,3),(-1.35366992243545,0.),.UNSPECIFIED.)
CURVE()
GEOMETRIC_REPRESENTATION_ITEM()
RATIONAL_B_SPLINE_CURVE((1.,0.979968796170983,1.))
REPRESENTATION_ITEM('')
);
#1716=(
BOUNDED_CURVE()
B_SPLINE_CURVE(2,(#4401,#4402,#4403),.UNSPECIFIED.,.F.,.F.)
B_SPLINE_CURVE_WITH_KNOTS((3,3),(-1.35366992243544,0.),.UNSPECIFIED.)
CURVE()
GEOMETRIC_REPRESENTATION_ITEM()
RATIONAL_B_SPLINE_CURVE((1.,0.979968796170983,1.))
REPRESENTATION_ITEM('')
);
#1717=(
BOUNDED_CURVE()
B_SPLINE_CURVE(2,(#4404,#4405,#4406),.UNSPECIFIED.,.F.,.F.)
B_SPLINE_CURVE_WITH_KNOTS((3,3),(0.,55.3885004621024),.UNSPECIFIED.)
CURVE()
GEOMETRIC_REPRESENTATION_ITEM()
RATIONAL_B_SPLINE_CURVE((1.,1.,1.))
REPRESENTATION_ITEM('')
);
#1718=(
BOUNDED_CURVE()
B_SPLINE_CURVE(2,(#4407,#4408,#4409),.UNSPECIFIED.,.F.,.F.)
B_SPLINE_CURVE_WITH_KNOTS((3,3),(0.,4.4309299384477),.UNSPECIFIED.)
CURVE()
GEOMETRIC_REPRESENTATION_ITEM()
RATIONAL_B_SPLINE_CURVE((1.,1.,1.))
REPRESENTATION_ITEM('')
);
#1719=(
BOUNDED_CURVE()
B_SPLINE_CURVE(1,(#4414,#4415),.UNSPECIFIED.,.F.,.F.)
B_SPLINE_CURVE_WITH_KNOTS((2,2),(-2.0857104766384,0.),.UNSPECIFIED.)
CURVE()
GEOMETRIC_REPRESENTATION_ITEM()
RATIONAL_B_SPLINE_CURVE((1.,1.))
REPRESENTATION_ITEM('')
);
#1720=(
BOUNDED_CURVE()
B_SPLINE_CURVE(1,(#4418,#4419),.UNSPECIFIED.,.F.,.F.)
B_SPLINE_CURVE_WITH_KNOTS((2,2),(-19.3080119623307,0.),.UNSPECIFIED.)
CURVE()
GEOMETRIC_REPRESENTATION_ITEM()
RATIONAL_B_SPLINE_CURVE((1.,1.))
REPRESENTATION_ITEM('')
);
#1721=(
BOUNDED_CURVE()
B_SPLINE_CURVE(1,(#4420,#4421),.UNSPECIFIED.,.F.,.F.)
B_SPLINE_CURVE_WITH_KNOTS((2,2),(-2.12740269205196,0.),.UNSPECIFIED.)
CURVE()
GEOMETRIC_REPRESENTATION_ITEM()
RATIONAL_B_SPLINE_CURVE((1.,1.))
REPRESENTATION_ITEM('')
);
#1722=(
BOUNDED_CURVE()
B_SPLINE_CURVE(1,(#4422,#4423),.UNSPECIFIED.,.F.,.F.)
B_SPLINE_CURVE_WITH_KNOTS((2,2),(-11.8670785672527,0.),.UNSPECIFIED.)
CURVE()
GEOMETRIC_REPRESENTATION_ITEM()
RATIONAL_B_SPLINE_CURVE((1.,1.))
REPRESENTATION_ITEM('')
);
#1723=(
BOUNDED_CURVE()
B_SPLINE_CURVE(2,(#4424,#4425,#4426,#4427,#4428),.UNSPECIFIED.,.F.,.F.)
B_SPLINE_CURVE_WITH_KNOTS((3,2,3),(0.,3.0870047997781,6.17400959955621),
 .UNSPECIFIED.)
CURVE()
GEOMETRIC_REPRESENTATION_ITEM()
RATIONAL_B_SPLINE_CURVE((1.,0.889210176097475,1.,0.889210176097475,1.))
REPRESENTATION_ITEM('')
);
#1724=(
BOUNDED_CURVE()
B_SPLINE_CURVE(1,(#4429,#4430),.UNSPECIFIED.,.F.,.F.)
B_SPLINE_CURVE_WITH_KNOTS((2,2),(-2.55912155087336,0.),.UNSPECIFIED.)
CURVE()
GEOMETRIC_REPRESENTATION_ITEM()
RATIONAL_B_SPLINE_CURVE((1.,1.))
REPRESENTATION_ITEM('')
);
#1725=(
BOUNDED_CURVE()
B_SPLINE_CURVE(1,(#4431,#4432),.UNSPECIFIED.,.F.,.F.)
B_SPLINE_CURVE_WITH_KNOTS((2,2),(-2.08571047663849,0.),.UNSPECIFIED.)
CURVE()
GEOMETRIC_REPRESENTATION_ITEM()
RATIONAL_B_SPLINE_CURVE((1.,1.))
REPRESENTATION_ITEM('')
);
#1726=(
BOUNDED_CURVE()
B_SPLINE_CURVE(2,(#4494,#4495,#4496,#4497,#4498),.UNSPECIFIED.,.F.,.F.)
B_SPLINE_CURVE_WITH_KNOTS((3,2,3),(-12.0000000000001,-6.00000000000004,
0.),.UNSPECIFIED.)
CURVE()
GEOMETRIC_REPRESENTATION_ITEM()
RATIONAL_B_SPLINE_CURVE((1.,0.707106781186546,1.,0.707106781186546,1.))
REPRESENTATION_ITEM('')
);
#1727=(
BOUNDED_CURVE()
B_SPLINE_CURVE(2,(#4499,#4500,#4501,#4502,#4503),.UNSPECIFIED.,.F.,.F.)
B_SPLINE_CURVE_WITH_KNOTS((3,2,3),(-5.99999999999999,-3.,0.),
 .UNSPECIFIED.)
CURVE()
GEOMETRIC_REPRESENTATION_ITEM()
RATIONAL_B_SPLINE_CURVE((1.,0.707106781186548,1.,0.707106781186548,1.))
REPRESENTATION_ITEM('')
);
#1728=(
BOUNDED_CURVE()
B_SPLINE_CURVE(1,(#4504,#4505),.UNSPECIFIED.,.F.,.F.)
B_SPLINE_CURVE_WITH_KNOTS((2,2),(-6.0869580444336,0.),.UNSPECIFIED.)
CURVE()
GEOMETRIC_REPRESENTATION_ITEM()
RATIONAL_B_SPLINE_CURVE((1.,1.))
REPRESENTATION_ITEM('')
);
#1729=(
BOUNDED_CURVE()
B_SPLINE_CURVE(2,(#4586,#4587,#4588,#4589,#4590),.UNSPECIFIED.,.F.,.F.)
B_SPLINE_CURVE_WITH_KNOTS((3,2,3),(-12.,-6.,0.),.UNSPECIFIED.)
CURVE()
GEOMETRIC_REPRESENTATION_ITEM()
RATIONAL_B_SPLINE_CURVE((1.,0.707106781186547,1.,0.707106781186547,1.))
REPRESENTATION_ITEM('')
);
#1730=(
BOUNDED_CURVE()
B_SPLINE_CURVE(2,(#4591,#4592,#4593,#4594,#4595),.UNSPECIFIED.,.F.,.F.)
B_SPLINE_CURVE_WITH_KNOTS((3,2,3),(-5.99999999999999,-3.,0.),
 .UNSPECIFIED.)
CURVE()
GEOMETRIC_REPRESENTATION_ITEM()
RATIONAL_B_SPLINE_CURVE((1.,0.707106781186548,1.,0.707106781186548,1.))
REPRESENTATION_ITEM('')
);
#1731=(
BOUNDED_CURVE()
B_SPLINE_CURVE(1,(#4596,#4597),.UNSPECIFIED.,.F.,.F.)
B_SPLINE_CURVE_WITH_KNOTS((2,2),(-6.0869580444336,0.),.UNSPECIFIED.)
CURVE()
GEOMETRIC_REPRESENTATION_ITEM()
RATIONAL_B_SPLINE_CURVE((1.,1.))
REPRESENTATION_ITEM('')
);
#1732=(
BOUNDED_CURVE()
B_SPLINE_CURVE(2,(#4617,#4618,#4619,#4620,#4621),.UNSPECIFIED.,.F.,.F.)
B_SPLINE_CURVE_WITH_KNOTS((3,2,3),(-5.38828898340846,-3.81749265661357,
-2.24669632981868),.UNSPECIFIED.)
CURVE()
GEOMETRIC_REPRESENTATION_ITEM()
RATIONAL_B_SPLINE_CURVE((1.,0.707106781186549,1.,0.707106781186549,1.))
REPRESENTATION_ITEM('')
);
#1733=(
BOUNDED_CURVE()
B_SPLINE_CURVE(2,(#4622,#4623,#4624,#4625,#4626),.UNSPECIFIED.,.F.,.F.)
B_SPLINE_CURVE_WITH_KNOTS((3,2,3),(0.894896323771118,2.46569265056602,4.03648897736091),
 .UNSPECIFIED.)
CURVE()
GEOMETRIC_REPRESENTATION_ITEM()
RATIONAL_B_SPLINE_CURVE((1.,0.707106781186548,1.,0.707106781186548,1.))
REPRESENTATION_ITEM('')
);
#1734=(
BOUNDED_CURVE()
B_SPLINE_CURVE(2,(#4627,#4628,#4629,#4630,#4631),.UNSPECIFIED.,.F.,.F.)
B_SPLINE_CURVE_WITH_KNOTS((3,2,3),(-5.38828898340847,-3.81749265661357,
-2.24669632981866),.UNSPECIFIED.)
CURVE()
GEOMETRIC_REPRESENTATION_ITEM()
RATIONAL_B_SPLINE_CURVE((1.,0.707106781186544,1.,0.707106781186544,1.))
REPRESENTATION_ITEM('')
);
#1735=(
BOUNDED_CURVE()
B_SPLINE_CURVE(2,(#4632,#4633,#4634,#4635,#4636),.UNSPECIFIED.,.F.,.F.)
B_SPLINE_CURVE_WITH_KNOTS((3,2,3),(0.894896323771118,2.46569265056601,4.03648897736091),
 .UNSPECIFIED.)
CURVE()
GEOMETRIC_REPRESENTATION_ITEM()
RATIONAL_B_SPLINE_CURVE((1.,0.707106781186547,1.,0.707106781186547,1.))
REPRESENTATION_ITEM('')
);
#1736=(
BOUNDED_CURVE()
B_SPLINE_CURVE(2,(#4637,#4638,#4639,#4640,#4641),.UNSPECIFIED.,.F.,.F.)
B_SPLINE_CURVE_WITH_KNOTS((3,2,3),(0.894896323771127,2.46569265057391,4.03648897737669),
 .UNSPECIFIED.)
CURVE()
GEOMETRIC_REPRESENTATION_ITEM()
RATIONAL_B_SPLINE_CURVE((1.,0.707106781183759,1.,0.707106781183759,1.))
REPRESENTATION_ITEM('')
);
#1737=(
BOUNDED_CURVE()
B_SPLINE_CURVE(2,(#4642,#4643,#4644,#4645,#4646),.UNSPECIFIED.,.F.,.F.)
B_SPLINE_CURVE_WITH_KNOTS((3,2,3),(-5.38828898340847,-3.81749265661357,
-2.24669632981866),.UNSPECIFIED.)
CURVE()
GEOMETRIC_REPRESENTATION_ITEM()
RATIONAL_B_SPLINE_CURVE((1.,0.707106781186545,1.,0.707106781186545,1.))
REPRESENTATION_ITEM('')
);
#1738=(
BOUNDED_CURVE()
B_SPLINE_CURVE(2,(#4647,#4648,#4649,#4650,#4651),.UNSPECIFIED.,.F.,.F.)
B_SPLINE_CURVE_WITH_KNOTS((3,2,3),(0.8948963237869,2.46569265057391,4.03648897736092),
 .UNSPECIFIED.)
CURVE()
GEOMETRIC_REPRESENTATION_ITEM()
RATIONAL_B_SPLINE_CURVE((1.,0.707106781189335,1.,0.707106781189335,1.))
REPRESENTATION_ITEM('')
);
#1739=(
BOUNDED_CURVE()
B_SPLINE_CURVE(2,(#4652,#4653,#4654,#4655,#4656),.UNSPECIFIED.,.F.,.F.)
B_SPLINE_CURVE_WITH_KNOTS((3,2,3),(-5.38828898340847,-3.81749265661357,
-2.24669632981867),.UNSPECIFIED.)
CURVE()
GEOMETRIC_REPRESENTATION_ITEM()
RATIONAL_B_SPLINE_CURVE((1.,0.707106781186546,1.,0.707106781186546,1.))
REPRESENTATION_ITEM('')
);
#1740=(
BOUNDED_CURVE()
B_SPLINE_CURVE(1,(#4657,#4658),.UNSPECIFIED.,.F.,.F.)
B_SPLINE_CURVE_WITH_KNOTS((2,2),(-26.0110756813879,0.),.UNSPECIFIED.)
CURVE()
GEOMETRIC_REPRESENTATION_ITEM()
RATIONAL_B_SPLINE_CURVE((1.,1.))
REPRESENTATION_ITEM('')
);
#1741=(
BOUNDED_CURVE()
B_SPLINE_CURVE(1,(#4659,#4660),.UNSPECIFIED.,.F.,.F.)
B_SPLINE_CURVE_WITH_KNOTS((2,2),(9.42808237532336,17.1273009791464),
 .UNSPECIFIED.)
CURVE()
GEOMETRIC_REPRESENTATION_ITEM()
RATIONAL_B_SPLINE_CURVE((1.,1.))
REPRESENTATION_ITEM('')
);
#1742=(
BOUNDED_CURVE()
B_SPLINE_CURVE(1,(#4661,#4662),.UNSPECIFIED.,.F.,.F.)
B_SPLINE_CURVE_WITH_KNOTS((2,2),(9.42808237532335,17.1273009791464),
 .UNSPECIFIED.)
CURVE()
GEOMETRIC_REPRESENTATION_ITEM()
RATIONAL_B_SPLINE_CURVE((1.,1.))
REPRESENTATION_ITEM('')
);
#1743=(
BOUNDED_CURVE()
B_SPLINE_CURVE(1,(#4663,#4664),.UNSPECIFIED.,.F.,.F.)
B_SPLINE_CURVE_WITH_KNOTS((2,2),(-26.011075681388,0.),.UNSPECIFIED.)
CURVE()
GEOMETRIC_REPRESENTATION_ITEM()
RATIONAL_B_SPLINE_CURVE((1.,1.))
REPRESENTATION_ITEM('')
);
#1744=(
BOUNDED_CURVE()
B_SPLINE_CURVE(2,(#4665,#4666,#4667),.UNSPECIFIED.,.F.,.F.)
B_SPLINE_CURVE_WITH_KNOTS((3,3),(0.699999999999989,12.5469056116872),
 .UNSPECIFIED.)
CURVE()
GEOMETRIC_REPRESENTATION_ITEM()
RATIONAL_B_SPLINE_CURVE((1.,1.,1.))
REPRESENTATION_ITEM('')
);
#1745=(
BOUNDED_CURVE()
B_SPLINE_CURVE(2,(#4692,#4693,#4694),.UNSPECIFIED.,.F.,.F.)
B_SPLINE_CURVE_WITH_KNOTS((3,3),(0.699999999999996,12.5469056116872),
 .UNSPECIFIED.)
CURVE()
GEOMETRIC_REPRESENTATION_ITEM()
RATIONAL_B_SPLINE_CURVE((1.,1.,1.))
REPRESENTATION_ITEM('')
);
#1746=(
BOUNDED_CURVE()
B_SPLINE_CURVE(2,(#4695,#4696,#4697),.UNSPECIFIED.,.F.,.F.)
B_SPLINE_CURVE_WITH_KNOTS((3,3),(-28.3019376690634,-27.3019381115692),
 .UNSPECIFIED.)
CURVE()
GEOMETRIC_REPRESENTATION_ITEM()
RATIONAL_B_SPLINE_CURVE((1.,0.707107002439439,1.))
REPRESENTATION_ITEM('')
);
#1747=(
BOUNDED_CURVE()
B_SPLINE_CURVE(2,(#4698,#4699,#4700),.UNSPECIFIED.,.F.,.F.)
B_SPLINE_CURVE_WITH_KNOTS((3,3),(-3.60812600910291,-2.60812645461393),
 .UNSPECIFIED.)
CURVE()
GEOMETRIC_REPRESENTATION_ITEM()
RATIONAL_B_SPLINE_CURVE((1.,0.707107003942047,1.))
REPRESENTATION_ITEM('')
);
#1748=(
BOUNDED_CURVE()
B_SPLINE_CURVE(2,(#4701,#4702,#4703),.UNSPECIFIED.,.F.,.F.)
B_SPLINE_CURVE_WITH_KNOTS((3,3),(0.,1.),.UNSPECIFIED.)
CURVE()
GEOMETRIC_REPRESENTATION_ITEM()
RATIONAL_B_SPLINE_CURVE((1.,0.707106781186547,1.))
REPRESENTATION_ITEM('')
);
#1749=(
BOUNDED_CURVE()
B_SPLINE_CURVE(2,(#4704,#4705,#4706),.UNSPECIFIED.,.F.,.F.)
B_SPLINE_CURVE_WITH_KNOTS((3,3),(0.,1.),.UNSPECIFIED.)
CURVE()
GEOMETRIC_REPRESENTATION_ITEM()
RATIONAL_B_SPLINE_CURVE((1.,0.707106781186547,1.))
REPRESENTATION_ITEM('')
);
#1750=VERTEX_POINT('',#2857);
#1751=VERTEX_POINT('',#2858);
#1752=VERTEX_POINT('',#2859);
#1753=VERTEX_POINT('',#2860);
#1754=VERTEX_POINT('',#2861);
#1755=VERTEX_POINT('',#2862);
#1756=VERTEX_POINT('',#2863);
#1757=VERTEX_POINT('',#2864);
#1758=VERTEX_POINT('',#2865);
#1759=VERTEX_POINT('',#2866);
#1760=VERTEX_POINT('',#2867);
#1761=VERTEX_POINT('',#2868);
#1762=VERTEX_POINT('',#2869);
#1763=VERTEX_POINT('',#2870);
#1764=VERTEX_POINT('',#2871);
#1765=VERTEX_POINT('',#2872);
#1766=VERTEX_POINT('',#2873);
#1767=VERTEX_POINT('',#2874);
#1768=VERTEX_POINT('',#2875);
#1769=VERTEX_POINT('',#2876);
#1770=VERTEX_POINT('',#2877);
#1771=VERTEX_POINT('',#2878);
#1772=VERTEX_POINT('',#2879);
#1773=VERTEX_POINT('',#2880);
#1774=VERTEX_POINT('',#2881);
#1775=VERTEX_POINT('',#2882);
#1776=VERTEX_POINT('',#2883);
#1777=VERTEX_POINT('',#2884);
#1778=VERTEX_POINT('',#2885);
#1779=VERTEX_POINT('',#2886);
#1780=VERTEX_POINT('',#2887);
#1781=VERTEX_POINT('',#2888);
#1782=VERTEX_POINT('',#2889);
#1783=VERTEX_POINT('',#2890);
#1784=VERTEX_POINT('',#2891);
#1785=VERTEX_POINT('',#2892);
#1786=VERTEX_POINT('',#2893);
#1787=VERTEX_POINT('',#2894);
#1788=VERTEX_POINT('',#2895);
#1789=VERTEX_POINT('',#2896);
#1790=VERTEX_POINT('',#2897);
#1791=VERTEX_POINT('',#2898);
#1792=VERTEX_POINT('',#2899);
#1793=VERTEX_POINT('',#2900);
#1794=VERTEX_POINT('',#2901);
#1795=VERTEX_POINT('',#2902);
#1796=VERTEX_POINT('',#2903);
#1797=VERTEX_POINT('',#2904);
#1798=VERTEX_POINT('',#2905);
#1799=VERTEX_POINT('',#2906);
#1800=VERTEX_POINT('',#2907);
#1801=VERTEX_POINT('',#2908);
#1802=VERTEX_POINT('',#2909);
#1803=VERTEX_POINT('',#2910);
#1804=VERTEX_POINT('',#2911);
#1805=VERTEX_POINT('',#2912);
#1806=VERTEX_POINT('',#2913);
#1807=VERTEX_POINT('',#2914);
#1808=VERTEX_POINT('',#2915);
#1809=VERTEX_POINT('',#2916);
#1810=VERTEX_POINT('',#2917);
#1811=VERTEX_POINT('',#2918);
#1812=VERTEX_POINT('',#2919);
#1813=VERTEX_POINT('',#2920);
#1814=VERTEX_POINT('',#2921);
#1815=VERTEX_POINT('',#2922);
#1816=VERTEX_POINT('',#2923);
#1817=VERTEX_POINT('',#2924);
#1818=VERTEX_POINT('',#2925);
#1819=VERTEX_POINT('',#2926);
#1820=VERTEX_POINT('',#2927);
#1821=VERTEX_POINT('',#2928);
#1822=VERTEX_POINT('',#2929);
#1823=VERTEX_POINT('',#2930);
#1824=VERTEX_POINT('',#2931);
#1825=VERTEX_POINT('',#2932);
#1826=VERTEX_POINT('',#2933);
#1827=VERTEX_POINT('',#2934);
#1828=VERTEX_POINT('',#2935);
#1829=VERTEX_POINT('',#2936);
#1830=VERTEX_POINT('',#2937);
#1831=VERTEX_POINT('',#2938);
#1832=VERTEX_POINT('',#2939);
#1833=VERTEX_POINT('',#2940);
#1834=VERTEX_POINT('',#2941);
#1835=VERTEX_POINT('',#2942);
#1836=VERTEX_POINT('',#2943);
#1837=VERTEX_POINT('',#2944);
#1838=VERTEX_POINT('',#2945);
#1839=VERTEX_POINT('',#2946);
#1840=VERTEX_POINT('',#2947);
#1841=VERTEX_POINT('',#2948);
#1842=VERTEX_POINT('',#2949);
#1843=VERTEX_POINT('',#2950);
#1844=VERTEX_POINT('',#2951);
#1845=VERTEX_POINT('',#2952);
#1846=VERTEX_POINT('',#2953);
#1847=VERTEX_POINT('',#2954);
#1848=VERTEX_POINT('',#2955);
#1849=VERTEX_POINT('',#2956);
#1850=VERTEX_POINT('',#2957);
#1851=VERTEX_POINT('',#2958);
#1852=VERTEX_POINT('',#2959);
#1853=VERTEX_POINT('',#2960);
#1854=VERTEX_POINT('',#2961);
#1855=VERTEX_POINT('',#2962);
#1856=VERTEX_POINT('',#2963);
#1857=VERTEX_POINT('',#2964);
#1858=VERTEX_POINT('',#2965);
#1859=VERTEX_POINT('',#2966);
#1860=VERTEX_POINT('',#2967);
#1861=VERTEX_POINT('',#2968);
#1862=VERTEX_POINT('',#2969);
#1863=VERTEX_POINT('',#2970);
#1864=VERTEX_POINT('',#2971);
#1865=VERTEX_POINT('',#2972);
#1866=VERTEX_POINT('',#2973);
#1867=VERTEX_POINT('',#2974);
#1868=VERTEX_POINT('',#2975);
#1869=VERTEX_POINT('',#2976);
#1870=VERTEX_POINT('',#2977);
#1871=VERTEX_POINT('',#2978);
#1872=VERTEX_POINT('',#2979);
#1873=VERTEX_POINT('',#2980);
#1874=VERTEX_POINT('',#2981);
#1875=VERTEX_POINT('',#2982);
#1876=VERTEX_POINT('',#2983);
#1877=VERTEX_POINT('',#2984);
#1878=VERTEX_POINT('',#2985);
#1879=VERTEX_POINT('',#2986);
#1880=VERTEX_POINT('',#2987);
#1881=VERTEX_POINT('',#2988);
#1882=VERTEX_POINT('',#2989);
#1883=VERTEX_POINT('',#2990);
#1884=VERTEX_POINT('',#2991);
#1885=VERTEX_POINT('',#2992);
#1886=VERTEX_POINT('',#2993);
#1887=VERTEX_POINT('',#2994);
#1888=VERTEX_POINT('',#2995);
#1889=VERTEX_POINT('',#2996);
#1890=VERTEX_POINT('',#2997);
#1891=VERTEX_POINT('',#2998);
#1892=VERTEX_POINT('',#2999);
#1893=VERTEX_POINT('',#3000);
#1894=VERTEX_POINT('',#3001);
#1895=VERTEX_POINT('',#3002);
#1896=VERTEX_POINT('',#3003);
#1897=VERTEX_POINT('',#3004);
#1898=VERTEX_POINT('',#3005);
#1899=VERTEX_POINT('',#3006);
#1900=VERTEX_POINT('',#3007);
#1901=VERTEX_POINT('',#3008);
#1902=VERTEX_POINT('',#3009);
#1903=VERTEX_POINT('',#3010);
#1904=VERTEX_POINT('',#3011);
#1905=VERTEX_POINT('',#3012);
#1906=VERTEX_POINT('',#3013);
#1907=VERTEX_POINT('',#3014);
#1908=VERTEX_POINT('',#3015);
#1909=VERTEX_POINT('',#3016);
#1910=VERTEX_POINT('',#3017);
#1911=VERTEX_POINT('',#3018);
#1912=VERTEX_POINT('',#3019);
#1913=VERTEX_POINT('',#3020);
#1914=VERTEX_POINT('',#3021);
#1915=VERTEX_POINT('',#3022);
#1916=VERTEX_POINT('',#3023);
#1917=VERTEX_POINT('',#3024);
#1918=VERTEX_POINT('',#3025);
#1919=VERTEX_POINT('',#3026);
#1920=VERTEX_POINT('',#3027);
#1921=VERTEX_POINT('',#3028);
#1922=VERTEX_POINT('',#3029);
#1923=VERTEX_POINT('',#3030);
#1924=VERTEX_POINT('',#3031);
#1925=VERTEX_POINT('',#3032);
#1926=VERTEX_POINT('',#3033);
#1927=VERTEX_POINT('',#3034);
#1928=VERTEX_POINT('',#3035);
#1929=VERTEX_POINT('',#3036);
#1930=VERTEX_POINT('',#3037);
#1931=VERTEX_POINT('',#3038);
#1932=VERTEX_POINT('',#3039);
#1933=VERTEX_POINT('',#3040);
#1934=VERTEX_POINT('',#3041);
#1935=VERTEX_POINT('',#3042);
#1936=VERTEX_POINT('',#3043);
#1937=VERTEX_POINT('',#3044);
#1938=VERTEX_POINT('',#3045);
#1939=VERTEX_POINT('',#3046);
#1940=VERTEX_POINT('',#3047);
#1941=VERTEX_POINT('',#3048);
#1942=VERTEX_POINT('',#3049);
#1943=VERTEX_POINT('',#3050);
#1944=VERTEX_POINT('',#3051);
#1945=VERTEX_POINT('',#3052);
#1946=VERTEX_POINT('',#3053);
#1947=VERTEX_POINT('',#3054);
#1948=VERTEX_POINT('',#3055);
#1949=VERTEX_POINT('',#3056);
#1950=VERTEX_POINT('',#3057);
#1951=VERTEX_POINT('',#3058);
#1952=VERTEX_POINT('',#3059);
#1953=VERTEX_POINT('',#3060);
#1954=VERTEX_POINT('',#3061);
#1955=VERTEX_POINT('',#3062);
#1956=VERTEX_POINT('',#3063);
#1957=VERTEX_POINT('',#3064);
#1958=VERTEX_POINT('',#3065);
#1959=B_SPLINE_SURFACE_WITH_KNOTS('',3,3,((#2537,#2538,#2539,#2540,#2541,
#2542,#2543,#2544,#2545,#2546,#2547,#2548,#2549),(#2550,#2551,#2552,#2553,
#2554,#2555,#2556,#2557,#2558,#2559,#2560,#2561,#2562),(#2563,#2564,#2565,
#2566,#2567,#2568,#2569,#2570,#2571,#2572,#2573,#2574,#2575),(#2576,#2577,
#2578,#2579,#2580,#2581,#2582,#2583,#2584,#2585,#2586,#2587,#2588),(#2589,
#2590,#2591,#2592,#2593,#2594,#2595,#2596,#2597,#2598,#2599,#2600,#2601),
(#2602,#2603,#2604,#2605,#2606,#2607,#2608,#2609,#2610,#2611,#2612,#2613,
#2614),(#2615,#2616,#2617,#2618,#2619,#2620,#2621,#2622,#2623,#2624,#2625,
#2626,#2627),(#2628,#2629,#2630,#2631,#2632,#2633,#2634,#2635,#2636,#2637,
#2638,#2639,#2640),(#2641,#2642,#2643,#2644,#2645,#2646,#2647,#2648,#2649,
#2650,#2651,#2652,#2653),(#2654,#2655,#2656,#2657,#2658,#2659,#2660,#2661,
#2662,#2663,#2664,#2665,#2666),(#2667,#2668,#2669,#2670,#2671,#2672,#2673,
#2674,#2675,#2676,#2677,#2678,#2679),(#2680,#2681,#2682,#2683,#2684,#2685,
#2686,#2687,#2688,#2689,#2690,#2691,#2692),(#2693,#2694,#2695,#2696,#2697,
#2698,#2699,#2700,#2701,#2702,#2703,#2704,#2705),(#2706,#2707,#2708,#2709,
#2710,#2711,#2712,#2713,#2714,#2715,#2716,#2717,#2718),(#2719,#2720,#2721,
#2722,#2723,#2724,#2725,#2726,#2727,#2728,#2729,#2730,#2731),(#2732,#2733,
#2734,#2735,#2736,#2737,#2738,#2739,#2740,#2741,#2742,#2743,#2744),(#2745,
#2746,#2747,#2748,#2749,#2750,#2751,#2752,#2753,#2754,#2755,#2756,#2757)),
 .UNSPECIFIED.,.F.,.F.,.F.,(4,1,1,1,1,1,1,1,1,1,1,1,1,1,4),(4,1,1,1,1,1,
1,1,1,1,4),(-45.112,-43.83075,-42.5495,-41.26825,-39.987,-38.70575,-37.4245,
-36.14325,-34.862,-33.58075,-32.2995,-29.737,-27.1745,-25.89325,-24.612),
(9.4689643130317,15.3795670086765,21.2901697043213,33.1113750956108,44.9325804869004,
56.75378587819,68.5749912694796,80.3961966607691,92.2174020520587,98.1280047477035,
104.038607443348),.UNSPECIFIED.);
#1960=CYLINDRICAL_SURFACE('',#2173,3.00000000000001);
#1961=CYLINDRICAL_SURFACE('',#2175,8.1000205158925);
#1962=CYLINDRICAL_SURFACE('',#2176,1.5);
#1963=CYLINDRICAL_SURFACE('',#2177,3.);
#1964=CYLINDRICAL_SURFACE('',#2179,1.5);
#1965=CYLINDRICAL_SURFACE('',#2184,3.);
#1966=CYLINDRICAL_SURFACE('',#2185,3.00000000000001);
#1967=CYLINDRICAL_SURFACE('',#2187,1.5);
#1968=CYLINDRICAL_SURFACE('',#2188,3.);
#1969=CYLINDRICAL_SURFACE('',#2190,1.5);
#1970=CYLINDRICAL_SURFACE('',#2191,1.75);
#1971=CYLINDRICAL_SURFACE('',#2200,1.75);
#1972=CYLINDRICAL_SURFACE('',#2201,1.75000000000001);
#1973=CYLINDRICAL_SURFACE('',#2202,1.75);
#1974=CYLINDRICAL_SURFACE('',#2203,1.75000000000001);
#1975=CYLINDRICAL_SURFACE('',#2205,1.75);
#1976=CYLINDRICAL_SURFACE('',#2206,1.75);
#1977=CYLINDRICAL_SURFACE('',#2207,1.75000000000001);
#1978=CYLINDRICAL_SURFACE('',#2208,1.75000000000001);
#1979=CYLINDRICAL_SURFACE('',#2209,1.75);
#1980=CYLINDRICAL_SURFACE('',#2210,1.75);
#1981=CYLINDRICAL_SURFACE('',#2213,1.75);
#1982=CYLINDRICAL_SURFACE('',#2214,1.75);
#1983=CYLINDRICAL_SURFACE('',#2215,1.75);
#1984=CYLINDRICAL_SURFACE('',#2216,1.75);
#1985=CYLINDRICAL_SURFACE('',#2221,1.74999999999998);
#1986=CYLINDRICAL_SURFACE('',#2222,1.75000000000001);
#1987=CYLINDRICAL_SURFACE('',#2223,1.74999999999999);
#1988=CYLINDRICAL_SURFACE('',#2224,1.74999999999999);
#1989=CYLINDRICAL_SURFACE('',#2227,1.75);
#1990=CYLINDRICAL_SURFACE('',#2237,3.);
#1991=CYLINDRICAL_SURFACE('',#2240,3.00000000000001);
#1992=CYLINDRICAL_SURFACE('',#2248,1.5);
#1993=CYLINDRICAL_SURFACE('',#2249,3.);
#1994=CYLINDRICAL_SURFACE('',#2250,1.5);
#1995=CYLINDRICAL_SURFACE('',#2251,1.50000000000001);
#1996=CYLINDRICAL_SURFACE('',#2252,3.00000000000001);
#1997=CYLINDRICAL_SURFACE('',#2253,1.50000000000001);
#1998=CYLINDRICAL_SURFACE('',#2254,5.10001799216723);
#1999=CYLINDRICAL_SURFACE('',#2255,8.10002051589249);
#2000=CYLINDRICAL_SURFACE('',#2256,5.10001799216724);
#2001=CYLINDRICAL_SURFACE('',#2257,8.10002051589249);
#2002=CYLINDRICAL_SURFACE('',#2258,8.1000205158925);
#2003=CYLINDRICAL_SURFACE('',#2259,5.10001799216723);
#2004=CYLINDRICAL_SURFACE('',#2260,8.10002051589251);
#2005=CYLINDRICAL_SURFACE('',#2261,5.10001799216724);
#2006=CYLINDRICAL_SURFACE('',#2266,0.699999999999996);
#2007=CYLINDRICAL_SURFACE('',#2267,0.700000000000001);
#2008=PLANE('',#2169);
#2009=PLANE('',#2170);
#2010=PLANE('',#2171);
#2011=PLANE('',#2172);
#2012=PLANE('',#2174);
#2013=PLANE('',#2178);
#2014=PLANE('',#2180);
#2015=PLANE('',#2181);
#2016=PLANE('',#2182);
#2017=PLANE('',#2183);
#2018=PLANE('',#2186);
#2019=PLANE('',#2189);
#2020=PLANE('',#2192);
#2021=PLANE('',#2193);
#2022=PLANE('',#2194);
#2023=PLANE('',#2195);
#2024=PLANE('',#2196);
#2025=PLANE('',#2197);
#2026=PLANE('',#2198);
#2027=PLANE('',#2199);
#2028=PLANE('',#2204);
#2029=PLANE('',#2211);
#2030=PLANE('',#2212);
#2031=PLANE('',#2217);
#2032=PLANE('',#2218);
#2033=PLANE('',#2219);
#2034=PLANE('',#2220);
#2035=PLANE('',#2225);
#2036=PLANE('',#2226);
#2037=PLANE('',#2228);
#2038=PLANE('',#2229);
#2039=PLANE('',#2230);
#2040=PLANE('',#2231);
#2041=PLANE('',#2232);
#2042=PLANE('',#2233);
#2043=PLANE('',#2234);
#2044=PLANE('',#2235);
#2045=PLANE('',#2236);
#2046=PLANE('',#2238);
#2047=PLANE('',#2239);
#2048=PLANE('',#2241);
#2049=PLANE('',#2242);
#2050=PLANE('',#2243);
#2051=PLANE('',#2244);
#2052=PLANE('',#2245);
#2053=PLANE('',#2246);
#2054=PLANE('',#2247);
#2055=PLANE('',#2262);
#2056=PLANE('',#2263);
#2057=PLANE('',#2264);
#2058=PLANE('',#2265);
#2059=(
BOUNDED_SURFACE()
B_SPLINE_SURFACE(2,1,((#2373,#2374),(#2375,#2376),(#2377,#2378)),
 .UNSPECIFIED.,.F.,.F.,.F.)
B_SPLINE_SURFACE_WITH_KNOTS((3,3),(2,2),(-55.0781508742163,-29.2420679371818),
(0.,16.2538462474957),.UNSPECIFIED.)
GEOMETRIC_REPRESENTATION_ITEM()
RATIONAL_B_SPLINE_SURFACE(((1.,1.),(0.707106781186627,0.707106781186627),
(1.,1.)))
REPRESENTATION_ITEM('')
SURFACE()
);
#2060=(
BOUNDED_SURFACE()
B_SPLINE_SURFACE(2,1,((#2381,#2382),(#2383,#2384),(#2385,#2386),(#2387,
#2388),(#2389,#2390)),.UNSPECIFIED.,.F.,.F.,.F.)
B_SPLINE_SURFACE_WITH_KNOTS((3,2,3),(2,2),(50.893929893309,58.904991159963,
66.916052426617),(-2.22044604925031E-15,15.3547063175961),.UNSPECIFIED.)
GEOMETRIC_REPRESENTATION_ITEM()
RATIONAL_B_SPLINE_SURFACE(((1.,1.),(0.707106781186548,0.707106781186548),
(1.,1.),(0.707106781186548,0.707106781186548),(1.,1.)))
REPRESENTATION_ITEM('')
SURFACE()
);
#2061=(
BOUNDED_SURFACE()
B_SPLINE_SURFACE(2,1,((#2391,#2392),(#2393,#2394),(#2395,#2396),(#2397,
#2398),(#2399,#2400)),.UNSPECIFIED.,.F.,.F.,.F.)
B_SPLINE_SURFACE_WITH_KNOTS((3,2,3),(2,2),(7.14782498294785,12.7234824733273,
18.2991399637066),(2.74298092178906,12.5723536563962),.UNSPECIFIED.)
GEOMETRIC_REPRESENTATION_ITEM()
RATIONAL_B_SPLINE_SURFACE(((0.855789355349231,0.855789355349231),(0.871648955167578,
0.871648955167578),(1.,1.),(0.871648955167581,0.871648955167581),(0.855789355349232,
0.855789355349232)))
REPRESENTATION_ITEM('')
SURFACE()
);
#2062=(
BOUNDED_SURFACE()
B_SPLINE_SURFACE(2,1,((#2401,#2402),(#2403,#2404),(#2405,#2406),(#2407,
#2408),(#2409,#2410)),.UNSPECIFIED.,.F.,.F.,.F.)
B_SPLINE_SURFACE_WITH_KNOTS((3,2,3),(2,2),(6.68292914219829,12.7234824733273,
25.4469649466586),(1.04360964314765E-14,15.3547063175962),.UNSPECIFIED.)
GEOMETRIC_REPRESENTATION_ITEM()
RATIONAL_B_SPLINE_SURFACE(((0.853926680018761,0.853926680018761),(0.860947102157164,
0.860947102157164),(1.,1.),(0.707106781186453,0.707106781186453),(1.00000000000019,
1.00000000000019)))
REPRESENTATION_ITEM('')
SURFACE()
);
#2063=(
BOUNDED_SURFACE()
B_SPLINE_SURFACE(2,1,((#2415,#2416),(#2417,#2418),(#2419,#2420),(#2421,
#2422),(#2423,#2424)),.UNSPECIFIED.,.F.,.F.,.F.)
B_SPLINE_SURFACE_WITH_KNOTS((3,2,3),(2,2),(66.916052426617,74.9271136932709,
82.9381749599249),(-1.55431223447522E-14,15.3547063175961),
 .UNSPECIFIED.)
GEOMETRIC_REPRESENTATION_ITEM()
RATIONAL_B_SPLINE_SURFACE(((1.,1.),(0.707106781186548,0.707106781186548),
(1.,1.),(0.707106781186548,0.707106781186548),(1.,1.)))
REPRESENTATION_ITEM('')
SURFACE()
);
#2064=(
BOUNDED_SURFACE()
B_SPLINE_SURFACE(2,1,((#2430,#2431),(#2432,#2433),(#2434,#2435)),
 .UNSPECIFIED.,.F.,.F.,.F.)
B_SPLINE_SURFACE_WITH_KNOTS((3,3),(2,2),(-55.0781508742163,-29.2420679371818),
(-7.54951656745106E-15,16.2538462474957),.UNSPECIFIED.)
GEOMETRIC_REPRESENTATION_ITEM()
RATIONAL_B_SPLINE_SURFACE(((1.,1.),(0.707106781186627,0.707106781186627),
(1.,1.)))
REPRESENTATION_ITEM('')
SURFACE()
);
#2065=(
BOUNDED_SURFACE()
B_SPLINE_SURFACE(2,1,((#2438,#2439),(#2440,#2441),(#2442,#2443),(#2444,
#2445),(#2446,#2447)),.UNSPECIFIED.,.F.,.F.,.F.)
B_SPLINE_SURFACE_WITH_KNOTS((3,2,3),(2,2),(6.68292914219829,12.7234824733273,
25.4469649466586),(8.88178419700125E-16,15.3547063175961),.UNSPECIFIED.)
GEOMETRIC_REPRESENTATION_ITEM()
RATIONAL_B_SPLINE_SURFACE(((0.853926680018761,0.853926680018761),(0.860947102157164,
0.860947102157164),(1.,1.),(0.707106781186453,0.707106781186453),(1.00000000000019,
1.00000000000019)))
REPRESENTATION_ITEM('')
SURFACE()
);
#2066=(
BOUNDED_SURFACE()
B_SPLINE_SURFACE(2,1,((#2448,#2449),(#2450,#2451),(#2452,#2453),(#2454,
#2455),(#2456,#2457)),.UNSPECIFIED.,.F.,.F.,.F.)
B_SPLINE_SURFACE_WITH_KNOTS((3,2,3),(2,2),(50.893929893309,58.904991159963,
66.916052426617),(-4.44089209850063E-16,15.3547063175961),.UNSPECIFIED.)
GEOMETRIC_REPRESENTATION_ITEM()
RATIONAL_B_SPLINE_SURFACE(((1.,1.),(0.707106781186548,0.707106781186548),
(1.,1.),(0.707106781186548,0.707106781186548),(1.,1.)))
REPRESENTATION_ITEM('')
SURFACE()
);
#2067=(
BOUNDED_SURFACE()
B_SPLINE_SURFACE(2,1,((#2460,#2461),(#2462,#2463),(#2464,#2465),(#2466,
#2467),(#2468,#2469)),.UNSPECIFIED.,.F.,.F.,.F.)
B_SPLINE_SURFACE_WITH_KNOTS((3,2,3),(2,2),(7.14782498294788,12.7234824733273,
18.2991399637066),(2.74298092178906,12.5723536563963),.UNSPECIFIED.)
GEOMETRIC_REPRESENTATION_ITEM()
RATIONAL_B_SPLINE_SURFACE(((0.855789355349231,0.855789355349231),(0.871648955167578,
0.871648955167578),(1.,1.),(0.87164895516758,0.87164895516758),(0.855789355349232,
0.855789355349232)))
REPRESENTATION_ITEM('')
SURFACE()
);
#2068=(
BOUNDED_SURFACE()
B_SPLINE_SURFACE(2,1,((#2473,#2474),(#2475,#2476),(#2477,#2478),(#2479,
#2480),(#2481,#2482)),.UNSPECIFIED.,.F.,.F.,.F.)
B_SPLINE_SURFACE_WITH_KNOTS((3,2,3),(2,2),(66.916052426617,74.9271136932709,
82.9381749599249),(-2.88657986402541E-15,15.3547063175961),
 .UNSPECIFIED.)
GEOMETRIC_REPRESENTATION_ITEM()
RATIONAL_B_SPLINE_SURFACE(((1.,1.),(0.707106781186548,0.707106781186548),
(1.,1.),(0.707106781186548,0.707106781186548),(1.,1.)))
REPRESENTATION_ITEM('')
SURFACE()
);
#2069=(
BOUNDED_SURFACE()
B_SPLINE_SURFACE(1,2,((#2487,#2488,#2489),(#2490,#2491,#2492)),
 .UNSPECIFIED.,.F.,.F.,.F.)
B_SPLINE_SURFACE_WITH_KNOTS((2,2),(3,3),(0.,4.),(334.579426583113,342.504043689198),
 .UNSPECIFIED.)
GEOMETRIC_REPRESENTATION_ITEM()
RATIONAL_B_SPLINE_SURFACE(((1.,0.707106781186548,1.),(1.,0.707106781186548,
1.)))
REPRESENTATION_ITEM('')
SURFACE()
);
#2070=(
BOUNDED_SURFACE()
B_SPLINE_SURFACE(2,1,((#2500,#2501),(#2502,#2503),(#2504,#2505)),
 .UNSPECIFIED.,.F.,.F.,.F.)
B_SPLINE_SURFACE_WITH_KNOTS((3,3),(2,2),(334.579426583113,342.504043689198),
(0.,4.),.UNSPECIFIED.)
GEOMETRIC_REPRESENTATION_ITEM()
RATIONAL_B_SPLINE_SURFACE(((1.,1.),(0.707106781186548,0.707106781186548),
(1.,1.)))
REPRESENTATION_ITEM('')
SURFACE()
);
#2071=(
BOUNDED_SURFACE()
B_SPLINE_SURFACE(2,1,((#2507,#2508),(#2509,#2510),(#2511,#2512)),
 .UNSPECIFIED.,.F.,.F.,.F.)
B_SPLINE_SURFACE_WITH_KNOTS((3,3),(2,2),(182.74474535338,190.669362459465),
(0.,4.),.UNSPECIFIED.)
GEOMETRIC_REPRESENTATION_ITEM()
RATIONAL_B_SPLINE_SURFACE(((1.,1.),(0.707106781186548,0.707106781186548),
(1.,1.)))
REPRESENTATION_ITEM('')
SURFACE()
);
#2072=(
BOUNDED_SURFACE()
B_SPLINE_SURFACE(1,2,((#2521,#2522,#2523),(#2524,#2525,#2526)),
 .UNSPECIFIED.,.F.,.F.,.F.)
B_SPLINE_SURFACE_WITH_KNOTS((2,2),(3,3),(1.0400757915351,4.),(334.579426583113,
342.504043689198),.UNSPECIFIED.)
GEOMETRIC_REPRESENTATION_ITEM()
RATIONAL_B_SPLINE_SURFACE(((1.,0.707106781186548,1.),(1.,0.707106781186548,
1.)))
REPRESENTATION_ITEM('')
SURFACE()
);
#2073=(
BOUNDED_SURFACE()
B_SPLINE_SURFACE(1,2,((#2527,#2528,#2529),(#2530,#2531,#2532)),
 .UNSPECIFIED.,.F.,.F.,.F.)
B_SPLINE_SURFACE_WITH_KNOTS((2,2),(3,3),(1.0400757915351,4.),(182.74474535338,
190.669362459465),.UNSPECIFIED.)
GEOMETRIC_REPRESENTATION_ITEM()
RATIONAL_B_SPLINE_SURFACE(((1.,0.707106781186547,1.),(1.,0.707106781186547,
1.)))
REPRESENTATION_ITEM('')
SURFACE()
);
#2074=(
BOUNDED_SURFACE()
B_SPLINE_SURFACE(2,1,((#2766,#2767),(#2768,#2769),(#2770,#2771)),
 .UNSPECIFIED.,.F.,.F.,.F.)
B_SPLINE_SURFACE_WITH_KNOTS((3,3),(2,2),(334.579426583113,342.504043689198),
(0.,4.),.UNSPECIFIED.)
GEOMETRIC_REPRESENTATION_ITEM()
RATIONAL_B_SPLINE_SURFACE(((1.,1.),(0.707106781186548,0.707106781186548),
(1.,1.)))
REPRESENTATION_ITEM('')
SURFACE()
);
#2075=(
BOUNDED_SURFACE()
B_SPLINE_SURFACE(2,1,((#2773,#2774),(#2775,#2776),(#2777,#2778)),
 .UNSPECIFIED.,.F.,.F.,.F.)
B_SPLINE_SURFACE_WITH_KNOTS((3,3),(2,2),(182.74474535338,190.669362459465),
(0.,4.),.UNSPECIFIED.)
GEOMETRIC_REPRESENTATION_ITEM()
RATIONAL_B_SPLINE_SURFACE(((1.,1.),(0.707106781186548,0.707106781186548),
(1.,1.)))
REPRESENTATION_ITEM('')
SURFACE()
);
#2076=(
BOUNDED_SURFACE()
B_SPLINE_SURFACE(1,2,((#2786,#2787,#2788),(#2789,#2790,#2791)),
 .UNSPECIFIED.,.F.,.F.,.F.)
B_SPLINE_SURFACE_WITH_KNOTS((2,2),(3,3),(0.,4.),(182.74474535338,190.669362459465),
 .UNSPECIFIED.)
GEOMETRIC_REPRESENTATION_ITEM()
RATIONAL_B_SPLINE_SURFACE(((1.,0.707106781186548,1.),(1.,0.707106781186548,
1.)))
REPRESENTATION_ITEM('')
SURFACE()
);
#2077=(
BOUNDED_SURFACE()
B_SPLINE_SURFACE(1,2,((#2795,#2796,#2797),(#2798,#2799,#2800)),
 .UNSPECIFIED.,.F.,.F.,.F.)
B_SPLINE_SURFACE_WITH_KNOTS((2,2),(3,3),(-4.44089209850063E-16,2.5400758726138),
(334.579426583113,342.504043689198),.UNSPECIFIED.)
GEOMETRIC_REPRESENTATION_ITEM()
RATIONAL_B_SPLINE_SURFACE(((1.,0.707106781186548,1.),(1.,0.707106781186548,
1.)))
REPRESENTATION_ITEM('')
SURFACE()
);
#2078=(
BOUNDED_SURFACE()
B_SPLINE_SURFACE(1,2,((#2802,#2803,#2804),(#2805,#2806,#2807)),
 .UNSPECIFIED.,.F.,.F.,.F.)
B_SPLINE_SURFACE_WITH_KNOTS((2,2),(3,3),(7.49400541621981E-16,2.5400758726138),
(182.74474535338,190.669362459465),.UNSPECIFIED.)
GEOMETRIC_REPRESENTATION_ITEM()
RATIONAL_B_SPLINE_SURFACE(((1.,0.707106781186548,1.),(1.,0.707106781186547,
1.)))
REPRESENTATION_ITEM('')
SURFACE()
);
#2079=(
BOUNDED_SURFACE()
B_SPLINE_SURFACE(1,2,((#2819,#2820,#2821),(#2822,#2823,#2824)),
 .UNSPECIFIED.,.F.,.F.,.F.)
B_SPLINE_SURFACE_WITH_KNOTS((2,2),(3,3),(34.3103930505568,38.3103930505568),
(-86.8495559215388,-82.1371669411541),.UNSPECIFIED.)
GEOMETRIC_REPRESENTATION_ITEM()
RATIONAL_B_SPLINE_SURFACE(((1.,0.707106781186548,1.),(1.,0.707106781186548,
1.)))
REPRESENTATION_ITEM('')
SURFACE()
);
#2080=(
BOUNDED_SURFACE()
B_SPLINE_SURFACE(1,2,((#2826,#2827,#2828),(#2829,#2830,#2831)),
 .UNSPECIFIED.,.F.,.F.,.F.)
B_SPLINE_SURFACE_WITH_KNOTS((2,2),(3,3),(34.3103930505568,38.3103930505568),
(-4.7123889803847,-1.83186799063151E-15),.UNSPECIFIED.)
GEOMETRIC_REPRESENTATION_ITEM()
RATIONAL_B_SPLINE_SURFACE(((1.,0.707106781186548,1.),(1.,0.707106781186548,
1.)))
REPRESENTATION_ITEM('')
SURFACE()
);
#2081=SHAPE_DEFINITION_REPRESENTATION(#2082,#2167);
#2082=PRODUCT_DEFINITION_SHAPE('Document','',#2084);
#2083=PRODUCT_DEFINITION_CONTEXT('3D Mechanical Parts',#2156,'design');
#2084=PRODUCT_DEFINITION('A','First version',#2126,#2083);
#2085=DATE_TIME_ROLE('classification_date');
#2086=DATE_TIME_ROLE('creation_date');
#2087=APPLIED_DATE_AND_TIME_ASSIGNMENT(#2111,#2085,(#2090));
#2088=APPLIED_DATE_AND_TIME_ASSIGNMENT(#2113,#2086,(#2084));
#2089=SECURITY_CLASSIFICATION_LEVEL('unclassified');
#2090=SECURITY_CLASSIFICATION('A','Security for version',#2089);
#2091=APPLIED_SECURITY_CLASSIFICATION_ASSIGNMENT(#2090,(#2126));
#2092=APPROVAL_ROLE('Version approval');
#2093=APPROVAL_ROLE('Version Security approval');
#2094=APPROVAL_ROLE('Definition approval');
#2095=APPROVAL_PERSON_ORGANIZATION(#2144,#2120,#2092);
#2096=APPROVAL_PERSON_ORGANIZATION(#2145,#2121,#2093);
#2097=APPROVAL_PERSON_ORGANIZATION(#2148,#2122,#2094);
#2098=COORDINATED_UNIVERSAL_TIME_OFFSET(5,0,.BEHIND.);
#2099=LOCAL_TIME(0,0,0.,#2098);
#2100=LOCAL_TIME(0,0,0.,#2098);
#2101=LOCAL_TIME(0,0,0.,#2098);
#2102=LOCAL_TIME(0,0,0.,#2098);
#2103=LOCAL_TIME(0,0,0.,#2098);
#2104=CALENDAR_DATE(1999,1,1);
#2105=CALENDAR_DATE(1999,1,1);
#2106=CALENDAR_DATE(1999,1,1);
#2107=CALENDAR_DATE(1999,1,1);
#2108=CALENDAR_DATE(1999,1,1);
#2109=DATE_AND_TIME(#2104,#2099);
#2110=DATE_AND_TIME(#2105,#2100);
#2111=DATE_AND_TIME(#2106,#2101);
#2112=DATE_AND_TIME(#2107,#2102);
#2113=DATE_AND_TIME(#2108,#2103);
#2114=APPROVAL_DATE_TIME(#2109,#2120);
#2115=APPROVAL_DATE_TIME(#2110,#2121);
#2116=APPROVAL_DATE_TIME(#2112,#2122);
#2117=APPROVAL_STATUS('not_yet_approved');
#2118=APPROVAL_STATUS('not_yet_approved');
#2119=APPROVAL_STATUS('approved');
#2120=APPROVAL(#2117,'Version approval');
#2121=APPROVAL(#2118,'Version Security approval');
#2122=APPROVAL(#2119,'Definition approval');
#2123=APPLIED_APPROVAL_ASSIGNMENT(#2120,(#2126));
#2124=APPLIED_APPROVAL_ASSIGNMENT(#2121,(#2090));
#2125=APPLIED_APPROVAL_ASSIGNMENT(#2122,(#2084));
#2126=PRODUCT_DEFINITION_FORMATION_WITH_SPECIFIED_SOURCE('A',
'First version',#2158,.MADE.);
#2127=PERSON_AND_ORGANIZATION_ROLE('design_owner');
#2128=PERSON_AND_ORGANIZATION_ROLE('creator');
#2129=PERSON_AND_ORGANIZATION_ROLE('design_supplier');
#2130=PERSON_AND_ORGANIZATION_ROLE('classification_officer');
#2131=PERSON_AND_ORGANIZATION_ROLE('creator');
#2132=ORGANIZATION('STI','lab','lab');
#2133=ORGANIZATION('STI','unknown','unknown');
#2134=ORGANIZATION('STI','unknown','unknown');
#2135=ORGANIZATION('STI','unknown','unknown');
#2136=ORGANIZATION('STI','unknown','unknown');
#2137=ORGANIZATION('STI','unknown','unknown');
#2138=ORGANIZATION('STI','unknown','unknown');
#2139=PERSON('1','Box','vc60',$,$,$);
#2140=PERSON('2','last','first',$,$,$);
#2141=PERSON('3','President','Mr.',$,$,$);
#2142=PERSON_AND_ORGANIZATION(#2139,#2132);
#2143=PERSON_AND_ORGANIZATION(#2140,#2133);
#2144=PERSON_AND_ORGANIZATION(#2141,#2134);
#2145=PERSON_AND_ORGANIZATION(#2141,#2135);
#2146=PERSON_AND_ORGANIZATION(#2141,#2136);
#2147=PERSON_AND_ORGANIZATION(#2140,#2137);
#2148=PERSON_AND_ORGANIZATION(#2141,#2138);
#2149=APPLIED_PERSON_AND_ORGANIZATION_ASSIGNMENT(#2142,#2127,(#2158));
#2150=APPLIED_PERSON_AND_ORGANIZATION_ASSIGNMENT(#2143,#2128,(#2126));
#2151=APPLIED_PERSON_AND_ORGANIZATION_ASSIGNMENT(#2143,#2129,(#2126));
#2152=APPLIED_PERSON_AND_ORGANIZATION_ASSIGNMENT(#2146,#2130,(#2090));
#2153=APPLIED_PERSON_AND_ORGANIZATION_ASSIGNMENT(#2147,#2131,(#2084));
#2154=PRODUCT_RELATED_PRODUCT_CATEGORY('detail','detail',(#2158));
#2155=APPLICATION_PROTOCOL_DEFINITION('International Standard',
'config_control_design',1994,#2156);
#2156=APPLICATION_CONTEXT(
'configuration controlled 3d designs of mechanical parts and assemblie
s');
#2157=PRODUCT_CONTEXT('3D Mechanical Parts',#2156,'mechanical');
#2158=PRODUCT('Document','Document','',(#2157));
#2159=(
LENGTH_UNIT()
NAMED_UNIT(*)
SI_UNIT(.MILLI.,.METRE.)
);
#2160=(
NAMED_UNIT(*)
PLANE_ANGLE_UNIT()
SI_UNIT($,.RADIAN.)
);
#2161=DIMENSIONAL_EXPONENTS(0.,0.,0.,0.,0.,0.,0.);
#2162=PLANE_ANGLE_MEASURE_WITH_UNIT(PLANE_ANGLE_MEASURE(0.01745329252),
#2160);
#2163=(
CONVERSION_BASED_UNIT('DEGREES',#2162)
NAMED_UNIT(#2161)
PLANE_ANGLE_UNIT()
);
#2164=(
NAMED_UNIT(*)
SI_UNIT($,.STERADIAN.)
SOLID_ANGLE_UNIT()
);
#2165=UNCERTAINTY_MEASURE_WITH_UNIT(LENGTH_MEASURE(0.001),#2159,
'DISTANCE_ACCURACY_VALUE',
'Maximum model space distance between geometric entities at asserted c
onnectivities');
#2166=(
GEOMETRIC_REPRESENTATION_CONTEXT(3)
GLOBAL_UNCERTAINTY_ASSIGNED_CONTEXT((#2165))
GLOBAL_UNIT_ASSIGNED_CONTEXT((#2164,#2163,#2159))
REPRESENTATION_CONTEXT('ID1','3D')
);
#2167=SHAPE_REPRESENTATION('Document',(#2168,#2268),#2166);
#2168=AXIS2_PLACEMENT_3D('',#2372,#2269,#2270);
#2169=AXIS2_PLACEMENT_3D('',#2379,#2271,$);
#2170=AXIS2_PLACEMENT_3D('',#2380,#2272,$);
#2171=AXIS2_PLACEMENT_3D('',#2411,#2273,$);
#2172=AXIS2_PLACEMENT_3D('',#2412,#2274,$);
#2173=AXIS2_PLACEMENT_3D('',#2413,#2275,$);
#2174=AXIS2_PLACEMENT_3D('',#2414,#2276,$);
#2175=AXIS2_PLACEMENT_3D('',#2425,#2277,$);
#2176=AXIS2_PLACEMENT_3D('',#2426,#2278,$);
#2177=AXIS2_PLACEMENT_3D('',#2427,#2279,$);
#2178=AXIS2_PLACEMENT_3D('',#2428,#2280,$);
#2179=AXIS2_PLACEMENT_3D('',#2429,#2281,$);
#2180=AXIS2_PLACEMENT_3D('',#2436,#2282,$);
#2181=AXIS2_PLACEMENT_3D('',#2437,#2283,$);
#2182=AXIS2_PLACEMENT_3D('',#2458,#2284,$);
#2183=AXIS2_PLACEMENT_3D('',#2459,#2285,$);
#2184=AXIS2_PLACEMENT_3D('',#2470,#2286,$);
#2185=AXIS2_PLACEMENT_3D('',#2471,#2287,$);
#2186=AXIS2_PLACEMENT_3D('',#2472,#2288,$);
#2187=AXIS2_PLACEMENT_3D('',#2483,#2289,$);
#2188=AXIS2_PLACEMENT_3D('',#2484,#2290,$);
#2189=AXIS2_PLACEMENT_3D('',#2485,#2291,$);
#2190=AXIS2_PLACEMENT_3D('',#2486,#2292,$);
#2191=AXIS2_PLACEMENT_3D('',#2493,#2293,$);
#2192=AXIS2_PLACEMENT_3D('',#2494,#2294,$);
#2193=AXIS2_PLACEMENT_3D('',#2495,#2295,$);
#2194=AXIS2_PLACEMENT_3D('',#2496,#2296,$);
#2195=AXIS2_PLACEMENT_3D('',#2497,#2297,$);
#2196=AXIS2_PLACEMENT_3D('',#2498,#2298,$);
#2197=AXIS2_PLACEMENT_3D('',#2499,#2299,$);
#2198=AXIS2_PLACEMENT_3D('',#2506,#2300,$);
#2199=AXIS2_PLACEMENT_3D('',#2513,#2301,$);
#2200=AXIS2_PLACEMENT_3D('',#2514,#2302,$);
#2201=AXIS2_PLACEMENT_3D('',#2515,#2303,$);
#2202=AXIS2_PLACEMENT_3D('',#2516,#2304,$);
#2203=AXIS2_PLACEMENT_3D('',#2517,#2305,$);
#2204=AXIS2_PLACEMENT_3D('',#2518,#2306,$);
#2205=AXIS2_PLACEMENT_3D('',#2519,#2307,$);
#2206=AXIS2_PLACEMENT_3D('',#2520,#2308,$);
#2207=AXIS2_PLACEMENT_3D('',#2533,#2309,$);
#2208=AXIS2_PLACEMENT_3D('',#2534,#2310,$);
#2209=AXIS2_PLACEMENT_3D('',#2535,#2311,$);
#2210=AXIS2_PLACEMENT_3D('',#2536,#2312,$);
#2211=AXIS2_PLACEMENT_3D('',#2758,#2313,$);
#2212=AXIS2_PLACEMENT_3D('',#2759,#2314,$);
#2213=AXIS2_PLACEMENT_3D('',#2760,#2315,$);
#2214=AXIS2_PLACEMENT_3D('',#2761,#2316,$);
#2215=AXIS2_PLACEMENT_3D('',#2762,#2317,$);
#2216=AXIS2_PLACEMENT_3D('',#2763,#2318,$);
#2217=AXIS2_PLACEMENT_3D('',#2764,#2319,$);
#2218=AXIS2_PLACEMENT_3D('',#2765,#2320,$);
#2219=AXIS2_PLACEMENT_3D('',#2772,#2321,$);
#2220=AXIS2_PLACEMENT_3D('',#2779,#2322,$);
#2221=AXIS2_PLACEMENT_3D('',#2780,#2323,$);
#2222=AXIS2_PLACEMENT_3D('',#2781,#2324,$);
#2223=AXIS2_PLACEMENT_3D('',#2782,#2325,$);
#2224=AXIS2_PLACEMENT_3D('',#2783,#2326,$);
#2225=AXIS2_PLACEMENT_3D('',#2784,#2327,$);
#2226=AXIS2_PLACEMENT_3D('',#2785,#2328,$);
#2227=AXIS2_PLACEMENT_3D('',#2792,#2329,$);
#2228=AXIS2_PLACEMENT_3D('',#2793,#2330,$);
#2229=AXIS2_PLACEMENT_3D('',#2794,#2331,$);
#2230=AXIS2_PLACEMENT_3D('',#2801,#2332,$);
#2231=AXIS2_PLACEMENT_3D('',#2808,#2333,$);
#2232=AXIS2_PLACEMENT_3D('',#2809,#2334,$);
#2233=AXIS2_PLACEMENT_3D('',#2810,#2335,$);
#2234=AXIS2_PLACEMENT_3D('',#2811,#2336,$);
#2235=AXIS2_PLACEMENT_3D('',#2812,#2337,$);
#2236=AXIS2_PLACEMENT_3D('',#2813,#2338,$);
#2237=AXIS2_PLACEMENT_3D('',#2814,#2339,$);
#2238=AXIS2_PLACEMENT_3D('',#2815,#2340,$);
#2239=AXIS2_PLACEMENT_3D('',#2816,#2341,$);
#2240=AXIS2_PLACEMENT_3D('',#2817,#2342,$);
#2241=AXIS2_PLACEMENT_3D('',#2818,#2343,$);
#2242=AXIS2_PLACEMENT_3D('',#2825,#2344,$);
#2243=AXIS2_PLACEMENT_3D('',#2832,#2345,$);
#2244=AXIS2_PLACEMENT_3D('',#2833,#2346,$);
#2245=AXIS2_PLACEMENT_3D('',#2834,#2347,$);
#2246=AXIS2_PLACEMENT_3D('',#2835,#2348,$);
#2247=AXIS2_PLACEMENT_3D('',#2836,#2349,$);
#2248=AXIS2_PLACEMENT_3D('',#2837,#2350,$);
#2249=AXIS2_PLACEMENT_3D('',#2838,#2351,$);
#2250=AXIS2_PLACEMENT_3D('',#2839,#2352,$);
#2251=AXIS2_PLACEMENT_3D('',#2840,#2353,$);
#2252=AXIS2_PLACEMENT_3D('',#2841,#2354,$);
#2253=AXIS2_PLACEMENT_3D('',#2842,#2355,$);
#2254=AXIS2_PLACEMENT_3D('',#2843,#2356,$);
#2255=AXIS2_PLACEMENT_3D('',#2844,#2357,$);
#2256=AXIS2_PLACEMENT_3D('',#2845,#2358,$);
#2257=AXIS2_PLACEMENT_3D('',#2846,#2359,$);
#2258=AXIS2_PLACEMENT_3D('',#2847,#2360,$);
#2259=AXIS2_PLACEMENT_3D('',#2848,#2361,$);
#2260=AXIS2_PLACEMENT_3D('',#2849,#2362,$);
#2261=AXIS2_PLACEMENT_3D('',#2850,#2363,$);
#2262=AXIS2_PLACEMENT_3D('',#2851,#2364,$);
#2263=AXIS2_PLACEMENT_3D('',#2852,#2365,$);
#2264=AXIS2_PLACEMENT_3D('',#2853,#2366,$);
#2265=AXIS2_PLACEMENT_3D('',#2854,#2367,$);
#2266=AXIS2_PLACEMENT_3D('',#2855,#2368,$);
#2267=AXIS2_PLACEMENT_3D('',#2856,#2369,$);
#2268=AXIS2_PLACEMENT_3D('',#4707,#2370,#2371);
#2269=DIRECTION('',(0.,0.,1.));
#2270=DIRECTION('',(1.,0.,0.));
#2271=DIRECTION('',(1.,0.,0.));
#2272=DIRECTION('',(-1.,0.,0.));
#2273=DIRECTION('',(1.,0.,0.));
#2274=DIRECTION('',(-1.,0.,0.));
#2275=DIRECTION('',(0.,-1.,0.));
#2276=DIRECTION('',(0.,1.,0.));
#2277=DIRECTION('',(2.44117652061279E-17,3.00681263043009E-16,-1.));
#2278=DIRECTION('',(0.,0.,1.));
#2279=DIRECTION('',(0.,0.,1.));
#2280=DIRECTION('',(0.,0.,1.));
#2281=DIRECTION('',(0.,0.,1.));
#2282=DIRECTION('',(1.,0.,0.));
#2283=DIRECTION('',(-1.,0.,0.));
#2284=DIRECTION('',(1.,0.,0.));
#2285=DIRECTION('',(-1.,0.,0.));
#2286=DIRECTION('',(0.,-1.,0.));
#2287=DIRECTION('',(0.,-1.,0.));
#2288=DIRECTION('',(0.,1.,0.));
#2289=DIRECTION('',(0.,0.,1.));
#2290=DIRECTION('',(0.,0.,1.));
#2291=DIRECTION('',(0.,0.,1.));
#2292=DIRECTION('',(0.,0.,1.));
#2293=DIRECTION('',(-2.57587234357881E-31,-1.,-1.01506105108586E-15));
#2294=DIRECTION('',(0.,1.,0.));
#2295=DIRECTION('',(-1.,0.,0.));
#2296=DIRECTION('',(1.,0.,0.));
#2297=DIRECTION('',(0.,-1.,0.));
#2298=DIRECTION('',(0.,1.,0.));
#2299=DIRECTION('',(-1.,0.,0.));
#2300=DIRECTION('',(0.,0.,1.));
#2301=DIRECTION('',(1.,0.,0.));
#2302=DIRECTION('',(0.,1.,0.));
#2303=DIRECTION('',(0.,1.,0.));
#2304=DIRECTION('',(0.,1.,0.));
#2305=DIRECTION('',(0.,1.,0.));
#2306=DIRECTION('',(0.,-1.,0.));
#2307=DIRECTION('',(2.31828510922093E-30,-1.,2.03012210217172E-15));
#2308=DIRECTION('',(3.86380851536822E-30,-1.,2.03012210217172E-15));
#2309=DIRECTION('',(3.09104681229458E-30,-1.,1.01506105108586E-15));
#2310=DIRECTION('',(2.18949149204197E-30,-1.,-1.01506105108585E-15));
#2311=DIRECTION('',(-2.57587234357881E-31,-1.,1.01506105108586E-15));
#2312=DIRECTION('',(0.,-1.,0.));
#2313=DIRECTION('',(-1.,0.,0.));
#2314=DIRECTION('',(1.,0.,0.));
#2315=DIRECTION('',(0.,-1.,0.));
#2316=DIRECTION('',(0.,-1.,1.01506105108586E-15));
#2317=DIRECTION('',(0.,-1.,-1.01506105108585E-15));
#2318=DIRECTION('',(0.,-1.,-2.03012210217172E-15));
#2319=DIRECTION('',(0.,1.,0.));
#2320=DIRECTION('',(-1.,0.,0.));
#2321=DIRECTION('',(0.,0.,1.));
#2322=DIRECTION('',(1.,0.,0.));
#2323=DIRECTION('',(-1.23641872491785E-29,1.,3.0451831532576E-15));
#2324=DIRECTION('',(6.18209362458914E-30,1.,-3.04518315325757E-15));
#2325=DIRECTION('',(0.,1.,4.06024420434345E-15));
#2326=DIRECTION('',(0.,1.,0.));
#2327=DIRECTION('',(0.,-1.,0.));
#2328=DIRECTION('',(0.,0.,-1.));
#2329=DIRECTION('',(-1.80311064050517E-30,-1.,-2.03012210217171E-15));
#2330=DIRECTION('',(-1.,0.,0.));
#2331=DIRECTION('',(1.,0.,0.));
#2332=DIRECTION('',(0.,0.,-1.));
#2333=DIRECTION('',(0.,1.,0.));
#2334=DIRECTION('',(0.,0.,1.));
#2335=DIRECTION('',(0.,-1.,0.));
#2336=DIRECTION('',(0.,1.,0.));
#2337=DIRECTION('',(0.,0.,1.));
#2338=DIRECTION('',(0.,-1.,0.));
#2339=DIRECTION('',(1.4295015910981E-15,1.,1.4295015910981E-15));
#2340=DIRECTION('',(1.,0.,0.));
#2341=DIRECTION('',(-1.,0.,0.));
#2342=DIRECTION('',(-1.84819291341377E-15,1.,2.44031185988052E-15));
#2343=DIRECTION('',(1.,0.,0.));
#2344=DIRECTION('',(-1.,0.,0.));
#2345=DIRECTION('',(0.,0.,-1.));
#2346=DIRECTION('',(0.,-1.,0.));
#2347=DIRECTION('',(0.,-1.,0.));
#2348=DIRECTION('',(0.,-1.,0.));
#2349=DIRECTION('',(0.,-1.,0.));
#2350=DIRECTION('',(0.,0.,1.));
#2351=DIRECTION('',(0.,0.,1.));
#2352=DIRECTION('',(0.,0.,1.));
#2353=DIRECTION('',(0.,0.,1.));
#2354=DIRECTION('',(0.,0.,1.));
#2355=DIRECTION('',(0.,0.,1.));
#2356=DIRECTION('',(0.,0.,1.));
#2357=DIRECTION('',(0.,0.,-1.));
#2358=DIRECTION('',(0.,0.,1.));
#2359=DIRECTION('',(0.,0.,-1.));
#2360=DIRECTION('',(0.,0.,-1.));
#2361=DIRECTION('',(0.,0.,1.));
#2362=DIRECTION('',(0.,0.,-1.));
#2363=DIRECTION('',(0.,0.,1.));
#2364=DIRECTION('',(0.,0.,-1.));
#2365=DIRECTION('',(0.,0.,-1.));
#2366=DIRECTION('',(0.,0.,1.));
#2367=DIRECTION('',(0.,-1.,0.));
#2368=DIRECTION('',(1.,2.97304498544702E-15,-2.10226026998228E-15));
#2369=DIRECTION('',(1.,-2.97304498544704E-15,-2.10226026998226E-15));
#2370=DIRECTION('',(0.,0.,1.));
#2371=DIRECTION('',(1.,0.,0.));
#2372=CARTESIAN_POINT('',(0.,0.,0.));
#2373=CARTESIAN_POINT('',(41.8415461075113,-8.22388139903808,17.2140411876654));
#2374=CARTESIAN_POINT('',(25.5876998600156,-8.22388139903808,17.2140411876654));
#2375=CARTESIAN_POINT('',(41.8415461075113,-8.22388139903441,33.6618024259089));
#2376=CARTESIAN_POINT('',(25.5876998600156,-8.22388139903441,33.6618024259089));
#2377=CARTESIAN_POINT('',(41.8415461075113,5.41898845021682,32.8132392755922));
#2378=CARTESIAN_POINT('',(25.5876998600156,5.41898845021682,32.8132392755922));
#2379=CARTESIAN_POINT('',(41.8415461075113,-8.36031009753063,17.0578304594121));
#2380=CARTESIAN_POINT('',(25.5876998600156,5.41898845021682,17.0578304594121));
#2381=CARTESIAN_POINT('',(41.8415461075113,5.17798501348437,17.2140411876617));
#2382=CARTESIAN_POINT('',(25.5876998600156,5.17798501348434,17.2140411876617));
#2383=CARTESIAN_POINT('',(41.8415461075113,5.17798501348434,22.3140411876617));
#2384=CARTESIAN_POINT('',(25.5876998600156,5.1779850134843,22.3140411876617));
#2385=CARTESIAN_POINT('',(41.8415461075113,-7.79914451243258E-7,22.3140411876617));
#2386=CARTESIAN_POINT('',(25.5876998600156,-7.79914479664967E-7,22.3140411876617));
#2387=CARTESIAN_POINT('',(41.8415461075113,-5.17798657331329,22.3140411876617));
#2388=CARTESIAN_POINT('',(25.5876998600156,-5.17798657331333,22.3140411876617));
#2389=CARTESIAN_POINT('',(41.8415461075113,-5.1779865733133,17.2140411876617));
#2390=CARTESIAN_POINT('',(25.5876998600156,-5.17798657331333,17.2140411876617));
#2391=CARTESIAN_POINT('',(38.9379418808722,5.19106605373875,10.93162530751));
#2392=CARTESIAN_POINT('',(28.5329813539135,5.19106605373874,10.93162530751));
#2393=CARTESIAN_POINT('',(38.9379418808723,2.92354754625963,9.11402067176916));
#2394=CARTESIAN_POINT('',(28.5329813539136,2.92354754625962,9.11402067176916));
#2395=CARTESIAN_POINT('',(38.9379418808722,-7.79914456320542E-7,9.11402067176916));
#2396=CARTESIAN_POINT('',(28.5329813539136,-7.79914474514805E-7,9.11402067176916));
#2397=CARTESIAN_POINT('',(38.9379418808722,-2.92354910608847,9.11402067176916));
#2398=CARTESIAN_POINT('',(28.5329813539136,-2.92354910608849,9.11402067176916));
#2399=CARTESIAN_POINT('',(38.9379418808723,-5.19106761356756,10.93162530751));
#2400=CARTESIAN_POINT('',(28.5329813539136,-5.19106761356758,10.93162530751));
#2401=CARTESIAN_POINT('',(41.8415461075113,5.56696315794936,11.2520171733724));
#2402=CARTESIAN_POINT('',(25.5876998600155,5.56696315794934,11.2520171733724));
#2403=CARTESIAN_POINT('',(41.8415461075113,3.20668243113266,9.11402067176916));
#2404=CARTESIAN_POINT('',(25.5876998600155,3.20668243113264,9.11402067176916));
#2405=CARTESIAN_POINT('',(41.8415461075113,-7.79914451243258E-7,9.11402067176916));
#2406=CARTESIAN_POINT('',(25.5876998600155,-7.79914479664967E-7,9.11402067176916));
#2407=CARTESIAN_POINT('',(41.8415461075113,-8.22388139904184,9.11402067176917));
#2408=CARTESIAN_POINT('',(25.5876998600155,-8.22388139904188,9.11402067176917));
#2409=CARTESIAN_POINT('',(41.8415461075113,-8.22388139903808,17.2140411876654));
#2410=CARTESIAN_POINT('',(25.5876998600156,-8.22388139903811,17.2140411876654));
#2411=CARTESIAN_POINT('',(41.8415461075113,-8.36031009753063,8.95202026145233));
#2412=CARTESIAN_POINT('',(25.5876998600157,5.41898845021682,8.95202026145233));
#2413=CARTESIAN_POINT('',(41.5,-0.625621192420905,-3.1867607244078));
#2414=CARTESIAN_POINT('',(39.7290845389249,5.41898845021682,26.0282392755922));
#2415=CARTESIAN_POINT('',(41.8415461075113,-5.1779865733133,17.2140411876617));
#2416=CARTESIAN_POINT('',(25.5876998600156,-5.17798657331333,17.2140411876617));
#2417=CARTESIAN_POINT('',(41.8415461075113,-5.17798657331327,12.1140411876617));
#2418=CARTESIAN_POINT('',(25.5876998600156,-5.17798657331331,12.1140411876617));
#2419=CARTESIAN_POINT('',(41.8415461075113,-7.79914451243258E-7,12.1140411876617));
#2420=CARTESIAN_POINT('',(25.5876998600156,-7.79914479664967E-7,12.1140411876617));
#2421=CARTESIAN_POINT('',(41.8415461075113,5.17798501348438,12.1140411876617));
#2422=CARTESIAN_POINT('',(25.5876998600156,5.17798501348434,12.1140411876617));
#2423=CARTESIAN_POINT('',(41.8415461075113,5.17798501348437,17.2140411876617));
#2424=CARTESIAN_POINT('',(25.5876998600156,5.17798501348434,17.2140411876617));
#2425=CARTESIAN_POINT('',(33.7354616173929,-7.79914469006826E-7,5.07847921422181));
#2426=CARTESIAN_POINT('',(33.6929343880322,-7.79914451224748E-7,10.7394655025653));
#2427=CARTESIAN_POINT('',(33.70693561317,-7.79914446200452E-7,30.5735542665554));
#2428=CARTESIAN_POINT('',(30.64693561317,-3.06000077991446,28.4009992320953));
#2429=CARTESIAN_POINT('',(33.6929343880322,-7.79914451224748E-7,25.2166509493859));
#2430=CARTESIAN_POINT('',(-25.5876998600156,-8.22388139903808,17.2140411876654));
#2431=CARTESIAN_POINT('',(-41.8415461075113,-8.22388139903808,17.2140411876654));
#2432=CARTESIAN_POINT('',(-25.5876998600156,-8.22388139903441,33.6618024259089));
#2433=CARTESIAN_POINT('',(-41.8415461075113,-8.22388139903441,33.6618024259089));
#2434=CARTESIAN_POINT('',(-25.5876998600156,5.41898845021682,32.8132392755922));
#2435=CARTESIAN_POINT('',(-41.8415461075113,5.41898845021682,32.8132392755922));
#2436=CARTESIAN_POINT('',(-25.5876998600156,-8.36031009753063,17.0578304594121));
#2437=CARTESIAN_POINT('',(-41.8415461075113,5.41898845021682,17.0578304594121));
#2438=CARTESIAN_POINT('',(-25.5876998600157,5.56696315794936,11.2520171733724));
#2439=CARTESIAN_POINT('',(-41.8415461075113,5.56696315794934,11.2520171733724));
#2440=CARTESIAN_POINT('',(-25.5876998600156,3.20668243113266,9.11402067176916));
#2441=CARTESIAN_POINT('',(-41.8415461075113,3.20668243113264,9.11402067176916));
#2442=CARTESIAN_POINT('',(-25.5876998600156,-7.79914451243258E-7,9.11402067176916));
#2443=CARTESIAN_POINT('',(-41.8415461075113,-7.79914479664967E-7,9.11402067176916));
#2444=CARTESIAN_POINT('',(-25.5876998600156,-8.22388139904184,9.11402067176917));
#2445=CARTESIAN_POINT('',(-41.8415461075113,-8.22388139904188,9.11402067176917));
#2446=CARTESIAN_POINT('',(-25.5876998600156,-8.22388139903808,17.2140411876654));
#2447=CARTESIAN_POINT('',(-41.8415461075113,-8.22388139903811,17.2140411876654));
#2448=CARTESIAN_POINT('',(-25.5876998600157,5.17798501348437,17.2140411876617));
#2449=CARTESIAN_POINT('',(-41.8415461075113,5.17798501348434,17.2140411876617));
#2450=CARTESIAN_POINT('',(-25.5876998600156,5.17798501348434,22.3140411876617));
#2451=CARTESIAN_POINT('',(-41.8415461075113,5.1779850134843,22.3140411876617));
#2452=CARTESIAN_POINT('',(-25.5876998600156,-7.79914451243258E-7,22.3140411876617));
#2453=CARTESIAN_POINT('',(-41.8415461075113,-7.79914479664967E-7,22.3140411876617));
#2454=CARTESIAN_POINT('',(-25.5876998600156,-5.17798657331329,22.3140411876617));
#2455=CARTESIAN_POINT('',(-41.8415461075113,-5.17798657331333,22.3140411876617));
#2456=CARTESIAN_POINT('',(-25.5876998600156,-5.1779865733133,17.2140411876617));
#2457=CARTESIAN_POINT('',(-41.8415461075113,-5.17798657331333,17.2140411876617));
#2458=CARTESIAN_POINT('',(-25.5876998600156,-8.36031009753063,8.95202026145233));
#2459=CARTESIAN_POINT('',(-41.8415461075113,5.41898845021682,8.95202026145233));
#2460=CARTESIAN_POINT('',(-28.4913040866547,5.19106605373872,10.93162530751));
#2461=CARTESIAN_POINT('',(-38.8962646136135,5.19106605373871,10.93162530751));
#2462=CARTESIAN_POINT('',(-28.4913040866547,2.92354754625961,9.11402067176916));
#2463=CARTESIAN_POINT('',(-38.8962646136135,2.9235475462596,9.11402067176916));
#2464=CARTESIAN_POINT('',(-28.4913040866547,-7.79914456320542E-7,9.11402067176916));
#2465=CARTESIAN_POINT('',(-38.8962646136134,-7.79914474514805E-7,9.11402067176916));
#2466=CARTESIAN_POINT('',(-28.4913040866546,-2.92354910608848,9.11402067176916));
#2467=CARTESIAN_POINT('',(-38.8962646136134,-2.92354910608851,9.11402067176916));
#2468=CARTESIAN_POINT('',(-28.4913040866546,-5.19106761356758,10.93162530751));
#2469=CARTESIAN_POINT('',(-38.8962646136134,-5.1910676135676,10.93162530751));
#2470=CARTESIAN_POINT('',(-41.5,-0.550514734042435,-3.18676072440777));
#2471=CARTESIAN_POINT('',(-41.5,-0.550514734042435,-3.18676072440778));
#2472=CARTESIAN_POINT('',(-41.8415461075113,5.41898845021682,26.0282392755922));
#2473=CARTESIAN_POINT('',(-25.5876998600156,-5.1779865733133,17.2140411876617));
#2474=CARTESIAN_POINT('',(-41.8415461075113,-5.17798657331333,17.2140411876617));
#2475=CARTESIAN_POINT('',(-25.5876998600156,-5.17798657331327,12.1140411876617));
#2476=CARTESIAN_POINT('',(-41.8415461075113,-5.17798657331331,12.1140411876617));
#2477=CARTESIAN_POINT('',(-25.5876998600156,-7.79914451243258E-7,12.1140411876617));
#2478=CARTESIAN_POINT('',(-41.8415461075113,-7.79914479664967E-7,12.1140411876617));
#2479=CARTESIAN_POINT('',(-25.5876998600156,5.17798501348438,12.1140411876617));
#2480=CARTESIAN_POINT('',(-41.8415461075113,5.17798501348434,12.1140411876617));
#2481=CARTESIAN_POINT('',(-25.5876998600157,5.17798501348437,17.2140411876617));
#2482=CARTESIAN_POINT('',(-41.8415461075113,5.17798501348434,17.2140411876617));
#2483=CARTESIAN_POINT('',(-33.693784350134,-7.79914453736896E-7,10.7394655025653));
#2484=CARTESIAN_POINT('',(-33.693784350134,-7.79914441176156E-7,30.5735542665554));
#2485=CARTESIAN_POINT('',(-36.753784350134,-3.06000077991445,28.4009992320953));
#2486=CARTESIAN_POINT('',(-33.693784350134,-7.79914453736896E-7,25.216650949386));
#2487=CARTESIAN_POINT('',(-44.1867643085529,12.3789126586817,-8.18676072440778));
#2488=CARTESIAN_POINT('',(-47.2848215651583,12.3789126586817,-8.18676072440778));
#2489=CARTESIAN_POINT('',(-47.2848215651583,12.3789126586817,-3.14179278623138));
#2490=CARTESIAN_POINT('',(-44.1867643085529,8.37891265868172,-8.18676072440778));
#2491=CARTESIAN_POINT('',(-47.2848215651583,8.37891265868173,-8.18676072440778));
#2492=CARTESIAN_POINT('',(-47.2848215651583,8.37891265868172,-3.14179278623138));
#2493=CARTESIAN_POINT('',(-41.5,10.3789126586817,-3.18676072440778));
#2494=CARTESIAN_POINT('',(-47.2848215651583,9.41898845021682,-0.233666336094991));
#2495=CARTESIAN_POINT('',(-47.2848215651583,9.42298845021682,-3.14179278623138));
#2496=CARTESIAN_POINT('',(47.2848215651583,5.41898845021682,-3.14179278623136));
#2497=CARTESIAN_POINT('',(-47.2848215651583,5.41898845021682,12.3132392755922));
#2498=CARTESIAN_POINT('',(-47.2848215651583,9.41898845021682,12.3132392755922));
#2499=CARTESIAN_POINT('',(-47.2848215651583,9.41898845021682,12.3132392755922));
#2500=CARTESIAN_POINT('',(-44.1867643085529,9.41898845021682,32.8132392755922));
#2501=CARTESIAN_POINT('',(-44.1867643085529,5.41898845021682,32.8132392755922));
#2502=CARTESIAN_POINT('',(-47.2848215651583,9.41898845021682,32.8132392755922));
#2503=CARTESIAN_POINT('',(-47.2848215651583,5.41898845021682,32.8132392755922));
#2504=CARTESIAN_POINT('',(-47.2848215651583,9.41898845021682,27.7682713374158));
#2505=CARTESIAN_POINT('',(-47.2848215651583,5.41898845021682,27.7682713374158));
#2506=CARTESIAN_POINT('',(4.550496520977,5.41898845021682,32.8132392755922));
#2507=CARTESIAN_POINT('',(47.2848215651583,9.41898845021682,27.7682713374158));
#2508=CARTESIAN_POINT('',(47.2848215651583,5.41898845021682,27.7682713374158));
#2509=CARTESIAN_POINT('',(47.2848215651583,9.41898845021682,32.8132392755922));
#2510=CARTESIAN_POINT('',(47.2848215651583,5.41898845021682,32.8132392755922));
#2511=CARTESIAN_POINT('',(44.1867643085529,9.41898845021682,32.8132392755922));
#2512=CARTESIAN_POINT('',(44.1867643085529,5.41898845021682,32.8132392755922));
#2513=CARTESIAN_POINT('',(47.2848215651583,5.41898845021682,12.3132392755922));
#2514=CARTESIAN_POINT('',(41.5,7.41898845021682,27.8132392755922));
#2515=CARTESIAN_POINT('',(41.5,7.41898845021682,27.8132392755922));
#2516=CARTESIAN_POINT('',(-41.5,7.41898845021682,27.8132392755922));
#2517=CARTESIAN_POINT('',(-41.5,7.41898845021682,27.8132392755922));
#2518=CARTESIAN_POINT('',(4.18954059314875,5.41898845021682,32.8132392755922));
#2519=CARTESIAN_POINT('',(41.5,10.3789126586817,-3.18676072440774));
#2520=CARTESIAN_POINT('',(-41.5,10.3789126586817,-3.18676072440777));
#2521=CARTESIAN_POINT('',(-44.1867643085529,8.37891265868172,-8.18676072440778));
#2522=CARTESIAN_POINT('',(-47.2848215651583,8.37891265868172,-8.18676072440778));
#2523=CARTESIAN_POINT('',(-47.2848215651583,8.37891265868172,-3.14179278623138));
#2524=CARTESIAN_POINT('',(-44.1867643085529,5.41898845021682,-8.18676072440778));
#2525=CARTESIAN_POINT('',(-47.2848215651583,5.41898845021682,-8.18676072440778));
#2526=CARTESIAN_POINT('',(-47.2848215651583,5.41898845021682,-3.14179278623138));
#2527=CARTESIAN_POINT('',(47.2848215651583,8.37891265868172,-3.14179278623136));
#2528=CARTESIAN_POINT('',(47.2848215651583,8.37891265868172,-8.18676072440779));
#2529=CARTESIAN_POINT('',(44.1867643085529,8.37891265868172,-8.18676072440777));
#2530=CARTESIAN_POINT('',(47.2848215651583,5.41898845021682,-3.14179278623136));
#2531=CARTESIAN_POINT('',(47.2848215651583,5.41898845021682,-8.18676072440779));
#2532=CARTESIAN_POINT('',(44.1867643085529,5.41898845021682,-8.18676072440777));
#2533=CARTESIAN_POINT('',(41.5,6.89895055444927,-3.18676072440775));
#2534=CARTESIAN_POINT('',(41.5,6.89895055444927,-3.18676072440777));
#2535=CARTESIAN_POINT('',(-41.5,6.89895055444927,-3.18676072440777));
#2536=CARTESIAN_POINT('',(-41.5,6.89895055444927,-3.18676072440778));
#2537=CARTESIAN_POINT('',(-47.2848215651583,14.9189885312955,-8.18676072440778));
#2538=CARTESIAN_POINT('',(-45.31462066661,14.9189885312955,-8.18676072440778));
#2539=CARTESIAN_POINT('',(-41.3742188695135,14.9189885312955,-8.18676072440777));
#2540=CARTESIAN_POINT('',(-33.4934152753205,14.9189885312955,-8.18676072440778));
#2541=CARTESIAN_POINT('',(-23.6424107825792,14.9189885312955,-8.18676072440778));
#2542=CARTESIAN_POINT('',(-11.8212053912896,14.9189885312955,-8.18676072440777));
#2543=CARTESIAN_POINT('',(2.79776202205539E-14,14.9189885312955,-8.18676072440778));
#2544=CARTESIAN_POINT('',(11.8212053912896,14.9189885312955,-8.1867607244078));
#2545=CARTESIAN_POINT('',(23.6424107825792,14.9189885312955,-8.18676072440778));
#2546=CARTESIAN_POINT('',(33.4934152753205,14.9189885312955,-8.18676072440778));
#2547=CARTESIAN_POINT('',(41.3742188695136,14.9189885312955,-8.18676072440779));
#2548=CARTESIAN_POINT('',(45.31462066661,14.9189885312955,-8.18676072440778));
#2549=CARTESIAN_POINT('',(47.2848215651583,14.9189885312955,-8.18676072440778));
#2550=CARTESIAN_POINT('',(-47.2847776433972,15.2984418561766,-7.75967268276747));
#2551=CARTESIAN_POINT('',(-45.3146183154163,15.7584197249247,-7.75967694719762));
#2552=CARTESIAN_POINT('',(-41.3742368935389,16.0136366924212,-7.7596796938014));
#2553=CARTESIAN_POINT('',(-33.4934226809668,15.9526353636339,-7.75967976101947));
#2554=CARTESIAN_POINT('',(-23.6424180605058,15.9498648502627,-7.75968001521051));
#2555=CARTESIAN_POINT('',(-11.8212124176683,15.9464682708937,-7.75968028209087));
#2556=CARTESIAN_POINT('',(-8.93099476595438E-8,15.9440999673515,-7.75968049341653));
#2557=CARTESIAN_POINT('',(11.8212122380934,15.9466857844899,-7.75968027910414));
#2558=CARTESIAN_POINT('',(23.6424178795606,15.9503034219257,-7.75968000918831));
#2559=CARTESIAN_POINT('',(33.4934224968649,15.9533053027114,-7.7596797518202));
#2560=CARTESIAN_POINT('',(41.3742367506987,16.0143057492488,-7.75967968461427));
#2561=CARTESIAN_POINT('',(45.3146183105398,15.7584611612877,-7.75967694662868));
#2562=CARTESIAN_POINT('',(47.284777778395,15.2977293574753,-7.75967269255111));
#2563=CARTESIAN_POINT('',(-47.2848480004867,15.7531520138601,-6.9055135601188));
#2564=CARTESIAN_POINT('',(-45.3146832415906,16.1857197036907,-6.90551742493798));
#2565=CARTESIAN_POINT('',(-41.374286650029,16.4236334928814,-6.9055198105953));
#2566=CARTESIAN_POINT('',(-33.4934526795265,16.2866372451159,-6.90551977397352));
#2567=CARTESIAN_POINT('',(-23.6424403598602,16.2809527872315,-6.90552028432516));
#2568=CARTESIAN_POINT('',(-11.8212268939896,16.2740161973516,-6.90552082005539));
#2569=CARTESIAN_POINT('',(-5.70764138174695E-8,16.2691361591251,-6.90552124467617));
#2570=CARTESIAN_POINT('',(11.8212267779254,16.2741643622602,-6.90552081802088));
#2571=CARTESIAN_POINT('',(23.6424402410559,16.2812562059899,-6.90552028015877));
#2572=CARTESIAN_POINT('',(33.4934525544086,16.287116536419,-6.90551976739213));
#2573=CARTESIAN_POINT('',(41.3742865996308,16.4238695891217,-6.90551980735346));
#2574=CARTESIAN_POINT('',(45.3146832737166,16.1855400162826,-6.90551742740537));
#2575=CARTESIAN_POINT('',(47.2848477812672,15.754344598103,-6.90551354374272));
#2576=CARTESIAN_POINT('',(-47.2847922088491,16.4589720651455,-5.62425798999913));
#2577=CARTESIAN_POINT('',(-45.3146277524088,17.0650148222548,-5.62426056238211));
#2578=CARTESIAN_POINT('',(-41.3742417730648,17.3266426039671,-5.62426375632801));
#2579=CARTESIAN_POINT('',(-33.4934116051436,17.1127873698718,-5.6242636781071));
#2580=CARTESIAN_POINT('',(-23.6424152830097,17.10421006289,-5.62426444432968));
#2581=CARTESIAN_POINT('',(-11.8212176908427,17.0937545579147,-5.62426524862021));
#2582=CARTESIAN_POINT('',(-4.21121724158979E-8,17.0863838804198,-5.62426588624653));
#2583=CARTESIAN_POINT('',(11.8212176037517,17.0938755649673,-5.62426524695867));
#2584=CARTESIAN_POINT('',(23.6424151918084,17.1044627104068,-5.62426444086049));
#2585=CARTESIAN_POINT('',(33.4934115044726,17.1132025858956,-5.62426367240559));
#2586=CARTESIAN_POINT('',(41.3742417775368,17.3266325309243,-5.62426375646639));
#2587=CARTESIAN_POINT('',(45.3146278669361,17.0643936286872,-5.62426057091208));
#2588=CARTESIAN_POINT('',(47.2847924737238,16.4575252492617,-5.62425800986621));
#2589=CARTESIAN_POINT('',(-47.2848649609336,16.8942370236471,-4.34301558477177));
#2590=CARTESIAN_POINT('',(-45.3146372160278,17.1851635730991,-4.34301348795859));
#2591=CARTESIAN_POINT('',(-41.3742191087618,17.283924714136,-4.34301054498809));
#2592=CARTESIAN_POINT('',(-33.4933856439601,17.0290645420913,-4.34300790444778));
#2593=CARTESIAN_POINT('',(-23.6424003016202,17.0177516432781,-4.34300893946893));
#2594=CARTESIAN_POINT('',(-11.8212135158742,17.0037131349965,-4.34301001319974));
#2595=CARTESIAN_POINT('',(1.19566765377499E-8,16.9937877300219,-4.34301086471156));
#2596=CARTESIAN_POINT('',(11.8212135359653,17.0036788077704,-4.34301001367111));
#2597=CARTESIAN_POINT('',(23.642400316231,17.0176971667085,-4.34300894021698));
#2598=CARTESIAN_POINT('',(33.4933856458233,17.029031808908,-4.34300790489719));
#2599=CARTESIAN_POINT('',(41.3742191409282,17.283767394957,-4.34301054714832));
#2600=CARTESIAN_POINT('',(45.3146370987777,17.1857915633848,-4.34301347933523));
#2601=CARTESIAN_POINT('',(47.284864520836,16.8966443715289,-4.34301555171499));
#2602=CARTESIAN_POINT('',(-47.2848118596337,17.3490011584208,-3.06175945807702));
#2603=CARTESIAN_POINT('',(-45.3146064421521,17.1983472833028,-3.06175879886371));
#2604=CARTESIAN_POINT('',(-41.3742328205529,17.2726757049433,-3.0617619052513));
#2605=CARTESIAN_POINT('',(-33.4934140415878,17.0918679745106,-3.0617626446046));
#2606=CARTESIAN_POINT('',(-23.6424216829041,17.0778345724416,-3.06176399825212));
#2607=CARTESIAN_POINT('',(-11.8212275391948,17.0602570206978,-3.06176534081949));
#2608=CARTESIAN_POINT('',(3.21195239294525E-8,17.0478208480877,-3.06176640561321));
#2609=CARTESIAN_POINT('',(11.8212275986568,17.0601552788815,-3.06176534221663));
#2610=CARTESIAN_POINT('',(23.6424217355155,17.0776488111623,-3.06176400080288));
#2611=CARTESIAN_POINT('',(33.4934140783024,17.0916501877712,-3.06176264759512));
#2612=CARTESIAN_POINT('',(41.374232781151,17.2728925479705,-3.06176190227368));
#2613=CARTESIAN_POINT('',(45.3146065140347,17.1979517423591,-3.06175880429512));
#2614=CARTESIAN_POINT('',(47.284813134163,17.3420261396304,-3.06175955385531));
#2615=CARTESIAN_POINT('',(-47.2848239160945,16.9623199439785,-1.78051116768505));
#2616=CARTESIAN_POINT('',(-45.3146146644259,17.1650879486247,-1.78051085635426));
#2617=CARTESIAN_POINT('',(-41.374214923492,17.2831947224098,-1.78051026907896));
#2618=CARTESIAN_POINT('',(-33.4933907617202,17.0621921959968,-1.78050938889193));
#2619=CARTESIAN_POINT('',(-23.6424084063998,17.0442935746102,-1.78051100371228));
#2620=CARTESIAN_POINT('',(-11.8212242510288,17.0232378032894,-1.78051261428107));
#2621=CARTESIAN_POINT('',(1.74686318743511E-8,17.0083516869289,-1.78051389152143));
#2622=CARTESIAN_POINT('',(11.8212242802335,17.0231902946532,-1.78051261493353));
#2623=CARTESIAN_POINT('',(23.6424084273841,17.044219824162,-1.78051100472496));
#2624=CARTESIAN_POINT('',(33.4933907658154,17.0621422045063,-1.78050938957837));
#2625=CARTESIAN_POINT('',(41.3742149586195,17.2830257134642,-1.78051027139966));
#2626=CARTESIAN_POINT('',(45.3146145100707,17.1659172818095,-1.78051084496613));
#2627=CARTESIAN_POINT('',(47.2848233661466,16.9653264899814,-1.78051112640028));
#2628=CARTESIAN_POINT('',(-47.284820827268,16.8519051789907,-0.499260525917613));
#2629=CARTESIAN_POINT('',(-45.314643772111,17.1403819142437,-0.499261914565089));
#2630=CARTESIAN_POINT('',(-41.3742708340312,17.2646745715473,-0.499263602225449));
#2631=CARTESIAN_POINT('',(-33.4934384216883,17.0478104902816,-0.499263446087478));
#2632=CARTESIAN_POINT('',(-23.642442373923,17.0261582406501,-0.499265329131449));
#2633=CARTESIAN_POINT('',(-11.8212446119659,17.0016978306075,-0.499267206691276));
#2634=CARTESIAN_POINT('',(-5.13610673991138E-8,16.9844353513522,-0.499268695367835));
#2635=CARTESIAN_POINT('',(11.8212445025558,17.001851716862,-0.499267204578202));
#2636=CARTESIAN_POINT('',(23.6424422549224,17.0264908244541,-0.499265324564487));
#2637=CARTESIAN_POINT('',(33.4934382853271,17.0483666315192,-0.499263438450755));
#2638=CARTESIAN_POINT('',(41.374270835288,17.2646826043895,-0.49926360211512));
#2639=CARTESIAN_POINT('',(45.3146440455382,17.1388875850197,-0.499261935084709));
#2640=CARTESIAN_POINT('',(47.2848210923566,16.8504605666641,-0.499260545754418));
#2641=CARTESIAN_POINT('',(-47.2848218797195,16.6232688072529,0.781989184782459));
#2642=CARTESIAN_POINT('',(-45.3146486204769,16.8737584730596,0.78198709124466));
#2643=CARTESIAN_POINT('',(-41.3742770805052,16.9782225220092,0.781984840413692));
#2644=CARTESIAN_POINT('',(-33.4934484247437,16.7793859900605,0.78198446321855));
#2645=CARTESIAN_POINT('',(-23.64245127711,16.7540795687575,0.781982314074777));
#2646=CARTESIAN_POINT('',(-11.8212524933194,16.7262723842662,0.781980170318447));
#2647=CARTESIAN_POINT('',(-2.25360022199084E-7,16.7066914063885,0.781978471000162));
#2648=CARTESIAN_POINT('',(11.8212520349556,16.7267433939567,0.781980176786111));
#2649=CARTESIAN_POINT('',(23.6424508077856,16.7550499439047,0.781982327399674));
#2650=CARTESIAN_POINT('',(33.4934479375537,16.7808956141497,0.781984483948128));
#2651=CARTESIAN_POINT('',(41.3742767144033,16.9795785383615,0.781984859033986));
#2652=CARTESIAN_POINT('',(45.3146485010926,16.8740777261107,0.781987095628442));
#2653=CARTESIAN_POINT('',(47.2848217601827,16.6239166391045,0.781989193678212));
#2654=CARTESIAN_POINT('',(-47.2848214043309,16.4506702436165,2.06323932621997));
#2655=CARTESIAN_POINT('',(-45.3146469807895,16.6627646769195,2.06323695597146));
#2656=CARTESIAN_POINT('',(-41.3742739492914,16.7470866954727,2.06323444809147));
#2657=CARTESIAN_POINT('',(-33.4934507168403,16.56602070574,2.06323357964285));
#2658=CARTESIAN_POINT('',(-23.6424549416825,16.5367935628221,2.0632311607391));
#2659=CARTESIAN_POINT('',(-11.8212576084034,16.5053730539385,2.06322874712613));
#2660=CARTESIAN_POINT('',(-1.05434878605593E-7,16.4832070274953,2.06322683350596));
#2661=CARTESIAN_POINT('',(11.8212573889352,16.5056280871788,2.06322875062807));
#2662=CARTESIAN_POINT('',(23.6424547098834,16.5373355295395,2.06323116818122));
#2663=CARTESIAN_POINT('',(33.4934504666704,16.5668845130208,2.06323359150429));
#2664=CARTESIAN_POINT('',(41.3742738023349,16.7476660937233,2.06323445604755));
#2665=CARTESIAN_POINT('',(45.3146470469721,16.662286905021,2.06323694941086));
#2666=CARTESIAN_POINT('',(47.2848214676415,16.4503299759077,2.06323932154753));
#2667=CARTESIAN_POINT('',(-47.2848216396719,16.2506618653363,3.34448924687421));
#2668=CARTESIAN_POINT('',(-45.3146459564428,16.4244853717684,3.344486601622));
#2669=CARTESIAN_POINT('',(-41.3742713380298,16.488789665558,3.34448383839981));
#2670=CARTESIAN_POINT('',(-33.4934534335008,16.3256185236737,3.34448248040457));
#2671=CARTESIAN_POINT('',(-23.64245893543,16.2925949647739,3.34447979344783));
#2672=CARTESIAN_POINT('',(-11.8212629572737,16.2576854371305,3.34447711168518));
#2673=CARTESIAN_POINT('',(-1.23907142324242E-7,16.2330586677546,3.34447498547));
#2674=CARTESIAN_POINT('',(11.8212626999058,16.2579731051858,3.34447711563517));
#2675=CARTESIAN_POINT('',(23.6424586643611,16.2932057455918,3.34447980183483));
#2676=CARTESIAN_POINT('',(33.4934531435552,16.3265823479425,3.3444824936394));
#2677=CARTESIAN_POINT('',(41.3742711334232,16.4895868907682,3.34448384934695));
#2678=CARTESIAN_POINT('',(45.3146459313969,16.4244536312469,3.34448660118604));
#2679=CARTESIAN_POINT('',(47.2848216090341,16.2508251656591,3.34448924911658));
#2680=CARTESIAN_POINT('',(-47.2848215232885,16.0014333457727,5.05282263379451));
#2681=CARTESIAN_POINT('',(-45.3146446270266,16.1369219600207,5.05281971266021));
#2682=CARTESIAN_POINT('',(-41.3742684683534,16.181144563733,5.05281669321757));
#2683=CARTESIAN_POINT('',(-33.4934559384004,16.035804304384,5.0528148447974));
#2684=CARTESIAN_POINT('',(-23.6424627640718,15.9989203641886,5.05281188890925));
#2685=CARTESIAN_POINT('',(-11.8212681876928,15.9604578524721,5.05280893811853));
#2686=CARTESIAN_POINT('',(-7.05824696467516E-8,15.9333063748498,5.05280659843007));
#2687=CARTESIAN_POINT('',(11.8212680360186,15.9606502247155,5.05280894076004));
#2688=CARTESIAN_POINT('',(23.6424625973263,15.9993440978534,5.05281189472784));
#2689=CARTESIAN_POINT('',(33.4934557522733,16.0364843537596,5.05281485413553));
#2690=CARTESIAN_POINT('',(41.3742683496903,16.1816478933951,5.05281670012907));
#2691=CARTESIAN_POINT('',(45.3146446543457,16.1366965977415,5.05281970956553));
#2692=CARTESIAN_POINT('',(47.2848215422963,16.0013326303658,5.05282263241155));
#2693=CARTESIAN_POINT('',(-47.2848215815127,15.6802921550141,7.18823924048089));
#2694=CARTESIAN_POINT('',(-45.3146434498812,15.7774817567847,7.18823604395717));
#2695=CARTESIAN_POINT('',(-41.3742657286104,15.8016585501267,7.18823276878671));
#2696=CARTESIAN_POINT('',(-33.4934585508969,15.6741850530196,7.18823043043429));
#2697=CARTESIAN_POINT('',(-23.6424666779732,15.6334766112353,7.1882272061075));
#2698=CARTESIAN_POINT('',(-11.8212734810349,15.5914969951525,7.1882239867814));
#2699=CARTESIAN_POINT('',(-5.78439163234634E-8,15.5618566889907,7.18822143411231));
#2700=CARTESIAN_POINT('',(11.8212733538822,15.5916658309977,7.18822398909969));
#2701=CARTESIAN_POINT('',(23.6424665343797,15.6338568165742,7.18822721132826));
#2702=CARTESIAN_POINT('',(33.4934583874163,15.6747966057429,7.18823043883183));
#2703=CARTESIAN_POINT('',(41.3742656147191,15.8021550218951,7.18823277560405));
#2704=CARTESIAN_POINT('',(45.3146434483936,15.7774215698159,7.18823604313058));
#2705=CARTESIAN_POINT('',(47.2848215689945,15.6803579803591,7.18823924138478));
#2706=CARTESIAN_POINT('',(-47.284821569192,15.3647951993669,9.3236559827667));
#2707=CARTESIAN_POINT('',(-45.3146422097114,15.4236634531886,9.3236525105468));
#2708=CARTESIAN_POINT('',(-41.3742629333648,15.4277721006889,9.3236489793419));
#2709=CARTESIAN_POINT('',(-33.4934611154113,15.3181430303523,9.32364615075047));
#2710=CARTESIAN_POINT('',(-23.6424705514135,15.2735877515079,9.32364265767831));
#2711=CARTESIAN_POINT('',(-11.8212787414364,15.2280686955875,9.32363916951015));
#2712=CARTESIAN_POINT('',(-1.96859062384647E-8,15.1959172254145,9.32363640355376));
#2713=CARTESIAN_POINT('',(11.8212786896445,15.2281693240914,9.32363917089188));
#2714=CARTESIAN_POINT('',(23.6424704818104,15.2738350866352,9.32364266107462));
#2715=CARTESIAN_POINT('',(33.4934610254155,15.3185520735952,9.32364615636729));
#2716=CARTESIAN_POINT('',(41.3742628750836,15.4280830307925,9.32364898361145));
#2717=CARTESIAN_POINT('',(45.3146422302562,15.4235450868164,9.32365250892136));
#2718=CARTESIAN_POINT('',(47.2848215759863,15.3647595398071,9.323655982277));
#2719=CARTESIAN_POINT('',(-47.284821531435,15.1088933253578,11.0319892030836));
#2720=CARTESIAN_POINT('',(-45.3146408678757,15.1315170154713,11.0319861588465));
#2721=CARTESIAN_POINT('',(-41.374259960223,15.1176343013703,11.0319830752861));
#2722=CARTESIAN_POINT('',(-33.4934634258001,15.027926442045,11.0319804601347));
#2723=CARTESIAN_POINT('',(-23.6424740944987,14.9816011103811,11.0319774019961));
#2724=CARTESIAN_POINT('',(-11.8212835952531,14.9346193988636,11.0319743486648));
#2725=CARTESIAN_POINT('',(1.67647984383734E-9,14.9013507840248,11.0319718470466));
#2726=CARTESIAN_POINT('',(11.8212835856724,14.9346781883985,11.031974349472));
#2727=CARTESIAN_POINT('',(23.6424740663974,14.9817680744181,11.0319774042888));
#2728=CARTESIAN_POINT('',(33.4934633774621,15.0282116056775,11.0319804640505));
#2729=CARTESIAN_POINT('',(41.3742599263858,15.1178644504286,11.0319830784464));
#2730=CARTESIAN_POINT('',(45.3146408799473,15.1314713610642,11.0319861582195));
#2731=CARTESIAN_POINT('',(47.2848215276977,15.1089132030109,11.0319892033565));
#2732=CARTESIAN_POINT('',(-47.2848216449519,14.9829908690296,11.8861560088323));
#2733=CARTESIAN_POINT('',(-45.3146370402503,15.0004468745095,11.8861572855801));
#2734=CARTESIAN_POINT('',(-41.3742518642285,14.9996496778821,11.8861585426661));
#2735=CARTESIAN_POINT('',(-33.4934579762729,14.9609399086425,11.8861600339567));
#2736=CARTESIAN_POINT('',(-23.642467240604,14.9439214032337,11.8861613037538));
#2737=CARTESIAN_POINT('',(-11.8212754310758,14.926558055961,11.8861625798061));
#2738=CARTESIAN_POINT('',(1.43860290346964E-9,14.9131223443314,11.886163128371));
#2739=CARTESIAN_POINT('',(11.8212754275227,14.9265672946436,11.8861625799329));
#2740=CARTESIAN_POINT('',(23.6424672282478,14.943984955506,11.8861613046264));
#2741=CARTESIAN_POINT('',(33.4934579542609,14.9610628148708,11.8861600356444));
#2742=CARTESIAN_POINT('',(41.3742518499294,14.9997453309816,11.8861585439796));
#2743=CARTESIAN_POINT('',(45.3146370493683,15.0004048800346,11.8861572850034));
#2744=CARTESIAN_POINT('',(47.2848216466277,14.9829818947433,11.8861560087091));
#2745=CARTESIAN_POINT('',(-47.2848215651583,14.9189885312955,12.3132392755922));
#2746=CARTESIAN_POINT('',(-45.31462066661,14.9189885312955,12.3132392755922));
#2747=CARTESIAN_POINT('',(-41.3742188695135,14.9189885312955,12.3132392755922));
#2748=CARTESIAN_POINT('',(-33.4934152753205,14.9189885312955,12.3132392755922));
#2749=CARTESIAN_POINT('',(-23.6424107825792,14.9189885312955,12.3132392755922));
#2750=CARTESIAN_POINT('',(-11.8212053912896,14.9189885312955,12.3132392755922));
#2751=CARTESIAN_POINT('',(2.79776202205539E-14,14.9189885312955,12.3132392755922));
#2752=CARTESIAN_POINT('',(11.8212053912896,14.9189885312955,12.3132392755922));
#2753=CARTESIAN_POINT('',(23.6424107825792,14.9189885312955,12.3132392755922));
#2754=CARTESIAN_POINT('',(33.4934152753205,14.9189885312955,12.3132392755922));
#2755=CARTESIAN_POINT('',(41.3742188695136,14.9189885312955,12.3132392755922));
#2756=CARTESIAN_POINT('',(45.31462066661,14.9189885312955,12.3132392755922));
#2757=CARTESIAN_POINT('',(47.2848215651583,14.9189885312955,12.3132392755922));
#2758=CARTESIAN_POINT('',(-47.2848215651583,17.2190159196422,-3.14179278623138));
#2759=CARTESIAN_POINT('',(47.2848215651583,10.9189885312955,-3.14179278623136));
#2760=CARTESIAN_POINT('',(41.5,14.798964289162,-3.18676072440775));
#2761=CARTESIAN_POINT('',(41.5,14.798964289162,-3.18676072440776));
#2762=CARTESIAN_POINT('',(-41.5,14.798964289162,-3.18676072440776));
#2763=CARTESIAN_POINT('',(-41.5,14.798964289162,-3.18676072440778));
#2764=CARTESIAN_POINT('',(1.72694178304547,14.9189885312955,12.3132392755922));
#2765=CARTESIAN_POINT('',(-47.2848215651583,14.9189885312955,12.3132392755922));
#2766=CARTESIAN_POINT('',(-44.1867643085529,14.9189885312955,32.8132392755922));
#2767=CARTESIAN_POINT('',(-44.1867643085529,10.9189885312955,32.8132392755922));
#2768=CARTESIAN_POINT('',(-47.2848215651583,14.9189885312955,32.8132392755922));
#2769=CARTESIAN_POINT('',(-47.2848215651583,10.9189885312955,32.8132392755922));
#2770=CARTESIAN_POINT('',(-47.2848215651583,14.9189885312955,27.7682713374158));
#2771=CARTESIAN_POINT('',(-47.2848215651583,10.9189885312955,27.7682713374158));
#2772=CARTESIAN_POINT('',(3.,10.9189885312955,32.8132392755922));
#2773=CARTESIAN_POINT('',(47.2848215651583,14.9189885312955,27.7682713374158));
#2774=CARTESIAN_POINT('',(47.2848215651583,10.9189885312955,27.7682713374158));
#2775=CARTESIAN_POINT('',(47.2848215651583,14.9189885312955,32.8132392755922));
#2776=CARTESIAN_POINT('',(47.2848215651583,10.9189885312955,32.8132392755922));
#2777=CARTESIAN_POINT('',(44.1867643085529,14.9189885312955,32.8132392755922));
#2778=CARTESIAN_POINT('',(44.1867643085529,10.9189885312955,32.8132392755922));
#2779=CARTESIAN_POINT('',(47.2848215651583,10.9189885312955,12.3132392755922));
#2780=CARTESIAN_POINT('',(41.5,12.9189885312955,27.8132392755922));
#2781=CARTESIAN_POINT('',(41.5,12.9189885312955,27.8132392755922));
#2782=CARTESIAN_POINT('',(-41.5,12.9189885312955,27.8132392755922));
#2783=CARTESIAN_POINT('',(-41.5,12.9189885312955,27.8132392755922));
#2784=CARTESIAN_POINT('',(1.72694178304547,10.9189885312955,32.8132392755922));
#2785=CARTESIAN_POINT('',(44.1867643085529,8.37891265868172,-8.18676072440777));
#2786=CARTESIAN_POINT('',(47.2848215651583,12.3789126586817,-3.14179278623136));
#2787=CARTESIAN_POINT('',(47.2848215651583,12.3789126586817,-8.18676072440776));
#2788=CARTESIAN_POINT('',(44.1867643085529,12.3789126586817,-8.18676072440777));
#2789=CARTESIAN_POINT('',(47.2848215651583,8.37891265868172,-3.14179278623136));
#2790=CARTESIAN_POINT('',(47.2848215651583,8.37891265868173,-8.18676072440776));
#2791=CARTESIAN_POINT('',(44.1867643085529,8.37891265868172,-8.18676072440777));
#2792=CARTESIAN_POINT('',(41.5,10.3789126586817,-3.18676072440775));
#2793=CARTESIAN_POINT('',(-47.2848215651583,10.9204885313766,-3.14179278623138));
#2794=CARTESIAN_POINT('',(47.2848215651583,9.41748845013574,-3.14179278623136));
#2795=CARTESIAN_POINT('',(-44.1867643085529,14.9189885312955,-8.18676072440778));
#2796=CARTESIAN_POINT('',(-47.2848215651583,16.0690022254689,-8.18676072440778));
#2797=CARTESIAN_POINT('',(-47.2848215651583,17.2190159196422,-3.14179278623138));
#2798=CARTESIAN_POINT('',(-44.1867643085529,12.3789126586817,-8.18676072440778));
#2799=CARTESIAN_POINT('',(-47.2848215651583,12.3789126586817,-8.18676072440778));
#2800=CARTESIAN_POINT('',(-47.2848215651583,12.3789126586817,-3.14179278623138));
#2801=CARTESIAN_POINT('',(44.1867643085529,12.3789126586817,-8.18676072440777));
#2802=CARTESIAN_POINT('',(47.2848215651583,17.2190159196422,-3.14179278623136));
#2803=CARTESIAN_POINT('',(47.2848215651583,16.0690022254689,-8.18676072440776));
#2804=CARTESIAN_POINT('',(44.1867643085529,14.9189885312955,-8.18676072440777));
#2805=CARTESIAN_POINT('',(47.2848215651583,12.3789126586817,-3.14179278623136));
#2806=CARTESIAN_POINT('',(47.2848215651583,12.3789126586817,-8.18676072440779));
#2807=CARTESIAN_POINT('',(44.1867643085529,12.3789126586817,-8.18676072440777));
#2808=CARTESIAN_POINT('',(4.18954059314876,9.41898845021682,12.3132392755922));
#2809=CARTESIAN_POINT('',(-44.1867643085529,5.41898845021682,32.8132392755922));
#2810=CARTESIAN_POINT('',(-47.2848215651583,5.41898845021682,32.8132392755922));
#2811=CARTESIAN_POINT('',(-47.2848215651583,14.9189885312955,12.3132392755922));
#2812=CARTESIAN_POINT('',(-44.1867643085529,10.9189885312955,32.8132392755922));
#2813=CARTESIAN_POINT('',(-47.2848215651583,10.9189885312955,32.8132392755922));
#2814=CARTESIAN_POINT('',(8.88178419700125E-16,12.9189885312955,14.766333663905));
#2815=CARTESIAN_POINT('',(-3.,10.9189885312955,14.766333663905));
#2816=CARTESIAN_POINT('',(3.,14.9189885312955,14.766333663905));
#2817=CARTESIAN_POINT('',(-4.64184411753045E-15,12.9189885312955,14.766333663905));
#2818=CARTESIAN_POINT('',(-4.550496520977,5.41898845021682,13.5668328311183));
#2819=CARTESIAN_POINT('',(1.66533453693773E-16,5.41898845021682,10.3551562135677));
#2820=CARTESIAN_POINT('',(-4.550496520977,5.41898845021682,10.3551562135677));
#2821=CARTESIAN_POINT('',(-4.550496520977,5.41898845021682,13.5668328311183));
#2822=CARTESIAN_POINT('',(1.66533453693773E-16,9.41898845021682,10.3551562135677));
#2823=CARTESIAN_POINT('',(-4.550496520977,9.41898845021682,10.3551562135677));
#2824=CARTESIAN_POINT('',(-4.550496520977,9.41898845021683,13.5668328311183));
#2825=CARTESIAN_POINT('',(4.550496520977,9.41898845021682,13.5668328311183));
#2826=CARTESIAN_POINT('',(4.550496520977,5.41898845021682,13.5668328311183));
#2827=CARTESIAN_POINT('',(4.55049652097701,5.41898845021682,10.3551562135677));
#2828=CARTESIAN_POINT('',(2.86505504726218E-15,5.41898845021682,10.3551562135677));
#2829=CARTESIAN_POINT('',(4.550496520977,9.41898845021682,13.5668328311183));
#2830=CARTESIAN_POINT('',(4.55049652097701,9.41898845021682,10.3551562135677));
#2831=CARTESIAN_POINT('',(2.86505504726218E-15,9.41898845021682,10.3551562135677));
#2832=CARTESIAN_POINT('',(44.1867643085529,5.41898845021682,-8.18676072440777));
#2833=CARTESIAN_POINT('',(-25.5876998600157,5.41898845021682,32.8132392755922));
#2834=CARTESIAN_POINT('',(41.8415461075113,5.41898845021682,32.8132392755922));
#2835=CARTESIAN_POINT('',(-27.6734115974218,5.41898845021682,12.3132392755922));
#2836=CARTESIAN_POINT('',(38.4121506034863,5.41898845021682,12.3132392755922));
#2837=CARTESIAN_POINT('',(33.6929343880322,-7.79914446200452E-7,10.7394655025653));
#2838=CARTESIAN_POINT('',(33.70693561317,-7.79914451224748E-7,30.0990727983053));
#2839=CARTESIAN_POINT('',(33.6929343880322,-7.79914446200452E-7,25.2166509493859));
#2840=CARTESIAN_POINT('',(-33.693784350134,-7.79914437032403E-7,10.7394655025653));
#2841=CARTESIAN_POINT('',(-33.693784350134,-7.79914431127564E-7,30.0990727983053));
#2842=CARTESIAN_POINT('',(-33.693784350134,-7.79914437032403E-7,25.2166509493859));
#2843=CARTESIAN_POINT('',(33.7354616173929,-7.7991447788861E-7,-2.37943956013444));
#2844=CARTESIAN_POINT('',(33.7354616173929,-7.7991446495803E-7,-10.1931205485349));
#2845=CARTESIAN_POINT('',(33.7354616173929,-7.79914450390854E-7,-2.37943956013444));
#2846=CARTESIAN_POINT('',(33.7354616173929,-7.79914467606608E-7,0.122238966373271));
#2847=CARTESIAN_POINT('',(-33.6937843501341,-7.79914456569528E-7,-1.92788060971797));
#2848=CARTESIAN_POINT('',(-33.6937843501341,-7.79914467606608E-7,-2.37943956013445));
#2849=CARTESIAN_POINT('',(-33.6937843501341,-7.79914468118648E-7,0.122238966373271));
#2850=CARTESIAN_POINT('',(-33.693784350134,-7.79914451715143E-7,-2.37943956013445));
#2851=CARTESIAN_POINT('',(25.4734406911825,8.2620201462959,-15.8859793282308));
#2852=CARTESIAN_POINT('',(-41.9558052763444,8.26202014629586,-15.8859793282308));
#2853=CARTESIAN_POINT('',(-47.2848215651583,9.41898845021682,-0.233666336094995));
#2854=CARTESIAN_POINT('',(-47.2848215651583,10.9189885312955,12.3132392755922));
#2855=CARTESIAN_POINT('',(-5.63384516861341E-15,10.1189884502168,0.466333663905001));
#2856=CARTESIAN_POINT('',(-5.63384516861342E-15,10.2189885312955,0.466333663905006));
#2857=CARTESIAN_POINT('',(41.8415461075113,-8.22388139903808,17.2140411876654));
#2858=CARTESIAN_POINT('',(41.8415461075113,5.41898845021682,32.8132392755922));
#2859=CARTESIAN_POINT('',(25.5876998600156,5.41898845021682,32.8132392755922));
#2860=CARTESIAN_POINT('',(25.5876998600156,-8.22388139903808,17.2140411876654));
#2861=CARTESIAN_POINT('',(36.70693561317,-7.7991444676619E-7,31.7971463645152));
#2862=CARTESIAN_POINT('',(30.70693561317,-7.79914445351345E-7,31.7971463645152));
#2863=CARTESIAN_POINT('',(41.8415461075113,5.41898845021682,23.3068873690235));
#2864=CARTESIAN_POINT('',(41.8415461075113,5.41898845021682,26.096892499313));
#2865=CARTESIAN_POINT('',(41.8415461075113,5.41898845021682,29.5295860518714));
#2866=CARTESIAN_POINT('',(25.5876998600156,5.41898845021682,23.3068873690235));
#2867=CARTESIAN_POINT('',(41.8415461075113,5.17798501348437,17.2140411876617));
#2868=CARTESIAN_POINT('',(41.8415461075113,-5.1779865733133,17.2140411876617));
#2869=CARTESIAN_POINT('',(25.5876998600156,-5.17798657331333,17.2140411876617));
#2870=CARTESIAN_POINT('',(25.5876998600156,5.17798501348434,17.2140411876617));
#2871=CARTESIAN_POINT('',(35.1929343880322,-7.7991444859319E-7,22.3140411876617));
#2872=CARTESIAN_POINT('',(32.1929343880322,-7.79914457619216E-7,22.3140411876617));
#2873=CARTESIAN_POINT('',(30.5448918804597,3.97874880685219,10.1250963531571));
#2874=CARTESIAN_POINT('',(36.926031354326,-3.97875036668112,10.1250963531571));
#2875=CARTESIAN_POINT('',(35.1929343880322,-7.79914447781321E-7,9.11402067176916));
#2876=CARTESIAN_POINT('',(32.1929343880322,-7.79914458504767E-7,9.11402067176916));
#2877=CARTESIAN_POINT('',(25.5876998600156,5.41898845021682,11.1211950062999));
#2878=CARTESIAN_POINT('',(27.7151025513244,5.41898845021682,11.1212512379181));
#2879=CARTESIAN_POINT('',(38.8028320396611,-6.31918501218687,12.0302181084203));
#2880=CARTESIAN_POINT('',(39.7558356308732,5.41898845021682,11.1211962919723));
#2881=CARTESIAN_POINT('',(41.8415461075113,5.41898845021682,11.1211950062998));
#2882=CARTESIAN_POINT('',(41.8415461075113,5.41898845021682,12.3132392755922));
#2883=CARTESIAN_POINT('',(25.5876998600156,5.41898845021682,12.3132392755922));
#2884=CARTESIAN_POINT('',(38.8028320396612,-6.31918501218686,-4.50026176883892));
#2885=CARTESIAN_POINT('',(28.6680911951246,6.31918345235794,-8.18676072440779));
#2886=CARTESIAN_POINT('',(39.7558343701052,5.41898845021682,-8.18676072440779));
#2887=CARTESIAN_POINT('',(39.7558315763476,5.41898845021682,-5.62763917353595));
#2888=CARTESIAN_POINT('',(38.8028320396612,-6.31918501218686,-1.87325967997668));
#2889=CARTESIAN_POINT('',(39.7558315763476,5.41898845021682,-0.745882275279659));
#2890=CARTESIAN_POINT('',(38.5,1.8191631822102,-3.1867607244078));
#2891=CARTESIAN_POINT('',(39.75,5.41898845021682,27.8132392755922));
#2892=CARTESIAN_POINT('',(35.1929343880323,-7.7991444859319E-7,12.1140411876617));
#2893=CARTESIAN_POINT('',(32.1929343880322,-7.79914457619216E-7,12.1140411876617));
#2894=CARTESIAN_POINT('',(27.7150888646806,5.41898845021682,-8.18676072440779));
#2895=CARTESIAN_POINT('',(36.70693561317,-7.79914447363593E-7,28.4009992320953));
#2896=CARTESIAN_POINT('',(30.70693561317,-7.7991444688696E-7,28.4009992320953));
#2897=CARTESIAN_POINT('',(35.1929343880322,-7.79914447275276E-7,28.4009992320953));
#2898=CARTESIAN_POINT('',(32.1929343880322,-7.79914446990095E-7,28.4009992320953));
#2899=CARTESIAN_POINT('',(-25.5876998600156,-8.22388139903808,17.2140411876654));
#2900=CARTESIAN_POINT('',(-25.5876998600156,5.41898845021682,32.8132392755922));
#2901=CARTESIAN_POINT('',(-41.8415461075113,5.41898845021682,32.8132392755922));
#2902=CARTESIAN_POINT('',(-41.8415461075113,-8.22388139903808,17.2140411876654));
#2903=CARTESIAN_POINT('',(-30.693784350134,-7.79914446954448E-7,31.7971463645152));
#2904=CARTESIAN_POINT('',(-36.693784350134,-7.7991444856334E-7,31.7971463645152));
#2905=CARTESIAN_POINT('',(-25.5876998600156,5.41898845021682,23.3068873690235));
#2906=CARTESIAN_POINT('',(-41.8415461075113,5.41898845021682,29.5295860518714));
#2907=CARTESIAN_POINT('',(-41.8415461075113,5.41898845021682,26.096892499313));
#2908=CARTESIAN_POINT('',(-41.8415461075113,5.41898845021682,23.3068873690235));
#2909=CARTESIAN_POINT('',(-41.8415461075113,5.41898845021682,11.1211950062999));
#2910=CARTESIAN_POINT('',(-39.7141434162025,5.41898845021682,11.1212512379181));
#2911=CARTESIAN_POINT('',(-28.6264139282608,-6.31918501250366,12.0302181087949));
#2912=CARTESIAN_POINT('',(-27.6734103366537,5.41898845021682,11.1211962919723));
#2913=CARTESIAN_POINT('',(-25.5876998600157,5.41898845021682,11.1211950062998));
#2914=CARTESIAN_POINT('',(-25.5876998600157,5.17798501348437,17.2140411876617));
#2915=CARTESIAN_POINT('',(-25.5876998600156,-5.1779865733133,17.2140411876617));
#2916=CARTESIAN_POINT('',(-41.8415461075113,-5.17798657331333,17.2140411876617));
#2917=CARTESIAN_POINT('',(-41.8415461075113,5.17798501348434,17.2140411876617));
#2918=CARTESIAN_POINT('',(-32.193784350134,-7.79914445308532E-7,22.3140411876617));
#2919=CARTESIAN_POINT('',(-35.193784350134,-7.79914457582034E-7,22.3140411876617));
#2920=CARTESIAN_POINT('',(-25.5876998600157,5.41898845021682,12.3132392755922));
#2921=CARTESIAN_POINT('',(-41.8415461075113,5.41898845021682,12.3132392755922));
#2922=CARTESIAN_POINT('',(-38.7611547724023,6.31918345235794,-8.18676072440779));
#2923=CARTESIAN_POINT('',(-27.6734115974218,5.41898845021682,-8.18676072440779));
#2924=CARTESIAN_POINT('',(-36.8843540870672,3.97874880685219,10.1250963531571));
#2925=CARTESIAN_POINT('',(-30.5032146132009,-3.97875036668112,10.1250963531571));
#2926=CARTESIAN_POINT('',(-38.5,1.70601054695685,-3.18676072440778));
#2927=CARTESIAN_POINT('',(-38.5,-1.70601210678577,-3.18676072440778));
#2928=CARTESIAN_POINT('',(-32.193784350134,-7.79914448556008E-7,9.11402067176916));
#2929=CARTESIAN_POINT('',(-35.193784350134,-7.79914457582034E-7,9.11402067176916));
#2930=CARTESIAN_POINT('',(-38.5,-6.52001791830169,-3.18676072440778));
#2931=CARTESIAN_POINT('',(-38.5,5.41898845021682,-3.18676072440778));
#2932=CARTESIAN_POINT('',(-39.714148206488,5.41898845021682,-5.59731504386205));
#2933=CARTESIAN_POINT('',(-39.714148206488,5.41898845021682,-0.7762064049535));
#2934=CARTESIAN_POINT('',(-39.75,5.41898845021682,27.8132392755922));
#2935=CARTESIAN_POINT('',(-32.193784350134,-7.79914448556008E-7,12.1140411876617));
#2936=CARTESIAN_POINT('',(-35.193784350134,-7.79914457582034E-7,12.1140411876617));
#2937=CARTESIAN_POINT('',(-39.7141571028463,5.41898845021682,-8.18676072440779));
#2938=CARTESIAN_POINT('',(-30.693784350134,-7.79914447511623E-7,28.4009992320953));
#2939=CARTESIAN_POINT('',(-36.693784350134,-7.7991444688696E-7,28.4009992320953));
#2940=CARTESIAN_POINT('',(-32.193784350134,-7.79914446365065E-7,28.4009992320953));
#2941=CARTESIAN_POINT('',(-35.193784350134,-7.79914447053356E-7,28.4009992320953));
#2942=CARTESIAN_POINT('',(-44.1867643085529,12.3789126586817,-8.18676072440778));
#2943=CARTESIAN_POINT('',(-44.1867643085529,8.37891265868172,-8.18676072440778));
#2944=CARTESIAN_POINT('',(-47.2848215651583,8.37891265868172,-3.14179278623138));
#2945=CARTESIAN_POINT('',(-47.2848215651583,12.3789126586817,-3.14179278623138));
#2946=CARTESIAN_POINT('',(-47.2848215651583,10.9189885312955,-3.14179278623138));
#2947=CARTESIAN_POINT('',(-47.2848215651583,9.41898845021682,-3.14179278623138));
#2948=CARTESIAN_POINT('',(-39.75,8.37891265868172,-3.18676072440778));
#2949=CARTESIAN_POINT('',(-43.25,8.37891265868172,-3.18676072440778));
#2950=CARTESIAN_POINT('',(-39.75,12.3789126586817,-3.18676072440778));
#2951=CARTESIAN_POINT('',(-43.25,12.3789126586817,-3.18676072440778));
#2952=CARTESIAN_POINT('',(3.5527136788005E-15,9.41898845021682,10.3551562135677));
#2953=CARTESIAN_POINT('',(4.18954059314876,9.41898845021682,12.3132392755922));
#2954=CARTESIAN_POINT('',(47.2848215651583,9.41898845021682,12.3132392755922));
#2955=CARTESIAN_POINT('',(47.2848215651583,9.41898845021682,-0.23366633609499));
#2956=CARTESIAN_POINT('',(-47.2848215651583,9.41898845021682,-0.233666336094992));
#2957=CARTESIAN_POINT('',(-47.2848215651583,9.41898845021682,12.3132392755922));
#2958=CARTESIAN_POINT('',(-4.18954059314876,9.41898845021682,12.3132392755922));
#2959=CARTESIAN_POINT('',(-47.2848215651583,5.41898845021682,-3.14179278623138));
#2960=CARTESIAN_POINT('',(-47.2848215651583,5.41898845021682,12.3132392755922));
#2961=CARTESIAN_POINT('',(47.2848215651583,8.37891265868172,-3.14179278623136));
#2962=CARTESIAN_POINT('',(47.2848215651583,9.41898845021682,-3.14179278623136));
#2963=CARTESIAN_POINT('',(47.2848215651583,5.41898845021682,12.3132392755922));
#2964=CARTESIAN_POINT('',(47.2848215651583,5.41898845021682,-3.14179278623136));
#2965=CARTESIAN_POINT('',(-44.1867643085529,5.41898845021682,-8.18676072440778));
#2966=CARTESIAN_POINT('',(-43.25,5.41898845021682,-3.18676072440778));
#2967=CARTESIAN_POINT('',(-39.75,5.41898845021682,-3.18676072440778));
#2968=CARTESIAN_POINT('',(-4.550496520977,9.41898845021682,13.5668328311183));
#2969=CARTESIAN_POINT('',(-47.2848215651583,9.41898845021682,27.7682713374158));
#2970=CARTESIAN_POINT('',(-44.1867643085529,9.41898845021682,32.8132392755922));
#2971=CARTESIAN_POINT('',(-4.550496520977,9.41898845021682,32.8132392755922));
#2972=CARTESIAN_POINT('',(-43.25,9.41898845021682,27.8132392755922));
#2973=CARTESIAN_POINT('',(-39.75,9.41898845021682,27.8132392755922));
#2974=CARTESIAN_POINT('',(-47.2848215651583,5.41898845021682,27.7682713374158));
#2975=CARTESIAN_POINT('',(-44.1867643085529,5.41898845021682,32.8132392755922));
#2976=CARTESIAN_POINT('',(4.550496520977,9.41898845021682,32.8132392755922));
#2977=CARTESIAN_POINT('',(4.550496520977,5.41898845021682,32.8132392755922));
#2978=CARTESIAN_POINT('',(44.1867643085529,5.41898845021682,32.8132392755922));
#2979=CARTESIAN_POINT('',(44.1867643085529,9.41898845021682,32.8132392755922));
#2980=CARTESIAN_POINT('',(47.2848215651583,9.41898845021682,27.7682713374158));
#2981=CARTESIAN_POINT('',(47.2848215651583,5.41898845021682,27.7682713374158));
#2982=CARTESIAN_POINT('',(39.75,9.41898845021682,27.8132392755922));
#2983=CARTESIAN_POINT('',(43.25,9.41898845021682,27.8132392755922));
#2984=CARTESIAN_POINT('',(43.25,5.41898845021682,27.8132392755922));
#2985=CARTESIAN_POINT('',(-43.25,5.41898845021682,27.8132392755922));
#2986=CARTESIAN_POINT('',(4.550496520977,5.41898845021682,13.5668328311183));
#2987=CARTESIAN_POINT('',(4.18954059314875,5.41898845021682,12.3132392755922));
#2988=CARTESIAN_POINT('',(43.25,8.37891265868172,-3.18676072440776));
#2989=CARTESIAN_POINT('',(43.25,12.3789126586817,-3.18676072440776));
#2990=CARTESIAN_POINT('',(39.75,8.37891265868172,-3.18676072440776));
#2991=CARTESIAN_POINT('',(39.75,12.3789126586817,-3.18676072440776));
#2992=CARTESIAN_POINT('',(-47.2848215651583,10.9189885312955,-0.233666336094992));
#2993=CARTESIAN_POINT('',(47.2848215651583,10.9189885312955,-0.233666336094992));
#2994=CARTESIAN_POINT('',(44.1867643085529,8.37891265868172,-8.18676072440777));
#2995=CARTESIAN_POINT('',(44.1867643085529,5.41898845021682,-8.18676072440777));
#2996=CARTESIAN_POINT('',(43.25,5.41898845021682,-3.18676072440776));
#2997=CARTESIAN_POINT('',(39.75,5.41898845021682,-3.18676072440776));
#2998=CARTESIAN_POINT('',(1.72694178304547,14.9189885312955,12.3132392755922));
#2999=CARTESIAN_POINT('',(47.2848215651583,14.9189885312955,12.3132392755922));
#3000=CARTESIAN_POINT('',(47.2848215651583,17.2190159196422,-3.14179278623136));
#3001=CARTESIAN_POINT('',(44.1867643085529,14.9189885312955,-8.18676072440777));
#3002=CARTESIAN_POINT('',(-44.1867643085529,14.9189885312955,-8.18676072440778));
#3003=CARTESIAN_POINT('',(-47.2848215651583,17.2190159196422,-3.14179278623138));
#3004=CARTESIAN_POINT('',(-47.2848215651583,14.9189885312955,12.3132392755922));
#3005=CARTESIAN_POINT('',(-1.72694178304547,14.9189885312955,12.3132392755922));
#3006=CARTESIAN_POINT('',(3.62672854710884E-15,14.9189885312955,11.766333663905));
#3007=CARTESIAN_POINT('',(39.75,17.2190159196422,-3.18676072440776));
#3008=CARTESIAN_POINT('',(43.25,17.2190159196422,-3.18676072440776));
#3009=CARTESIAN_POINT('',(-43.25,17.2190159196422,-3.18676072440778));
#3010=CARTESIAN_POINT('',(-39.75,17.2190159196422,-3.18676072440778));
#3011=CARTESIAN_POINT('',(-47.2848215651583,10.9189885312955,12.3132392755922));
#3012=CARTESIAN_POINT('',(47.2848215651583,10.9189885312955,-3.14179278623136));
#3013=CARTESIAN_POINT('',(47.2848215651583,12.3789126586817,-3.14179278623136));
#3014=CARTESIAN_POINT('',(47.2848215651583,10.9189885312955,12.3132392755922));
#3015=CARTESIAN_POINT('',(3.5527136788005E-15,10.9189885312955,11.766333663905));
#3016=CARTESIAN_POINT('',(-1.72694178304547,10.9189885312955,12.3132392755922));
#3017=CARTESIAN_POINT('',(1.72694178304547,10.9189885312955,12.3132392755922));
#3018=CARTESIAN_POINT('',(3.,14.9189885312955,14.766333663905));
#3019=CARTESIAN_POINT('',(3.,14.9189885312955,32.8132392755922));
#3020=CARTESIAN_POINT('',(44.1867643085529,14.9189885312955,32.8132392755922));
#3021=CARTESIAN_POINT('',(47.2848215651583,14.9189885312955,27.7682713374158));
#3022=CARTESIAN_POINT('',(39.75,14.9189885312955,27.8132392755922));
#3023=CARTESIAN_POINT('',(43.25,14.9189885312955,27.8132392755922));
#3024=CARTESIAN_POINT('',(-47.2848215651583,10.9189885312955,27.7682713374158));
#3025=CARTESIAN_POINT('',(-47.2848215651583,14.9189885312955,27.7682713374158));
#3026=CARTESIAN_POINT('',(-44.1867643085529,14.9189885312955,32.8132392755922));
#3027=CARTESIAN_POINT('',(-44.1867643085529,10.9189885312955,32.8132392755922));
#3028=CARTESIAN_POINT('',(3.,10.9189885312955,32.8132392755922));
#3029=CARTESIAN_POINT('',(44.1867643085529,10.9189885312955,32.8132392755922));
#3030=CARTESIAN_POINT('',(47.2848215651583,10.9189885312955,27.7682713374158));
#3031=CARTESIAN_POINT('',(39.75,10.9189885312955,27.8132392755922));
#3032=CARTESIAN_POINT('',(43.25,10.9189885312955,27.8132392755922));
#3033=CARTESIAN_POINT('',(-43.25,14.9189885312955,27.8132392755922));
#3034=CARTESIAN_POINT('',(-39.75,14.9189885312955,27.8132392755922));
#3035=CARTESIAN_POINT('',(-43.25,10.9189885312955,27.8132392755922));
#3036=CARTESIAN_POINT('',(-39.75,10.9189885312955,27.8132392755922));
#3037=CARTESIAN_POINT('',(3.,10.9189885312955,14.766333663905));
#3038=CARTESIAN_POINT('',(44.1867643085529,12.3789126586817,-8.18676072440777));
#3039=CARTESIAN_POINT('',(4.550496520977,9.41898845021682,13.5668328311183));
#3040=CARTESIAN_POINT('',(-4.550496520977,5.41898845021682,32.8132392755922));
#3041=CARTESIAN_POINT('',(-3.,14.9189885312955,14.766333663905));
#3042=CARTESIAN_POINT('',(-3.,14.9189885312955,32.8132392755922));
#3043=CARTESIAN_POINT('',(-3.,10.9189885312955,32.8132392755922));
#3044=CARTESIAN_POINT('',(-3.,10.9189885312955,14.766333663905));
#3045=CARTESIAN_POINT('',(-4.550496520977,5.41898845021682,13.5668328311183));
#3046=CARTESIAN_POINT('',(-4.18954059314876,5.41898845021682,12.3132392755922));
#3047=CARTESIAN_POINT('',(3.5527136788005E-15,5.41898845021682,10.3551562135677));
#3048=CARTESIAN_POINT('',(36.926031354326,-3.97875036668112,-15.8859793282308));
#3049=CARTESIAN_POINT('',(30.5448918804597,3.97874880685219,-15.8859793282308));
#3050=CARTESIAN_POINT('',(28.6680911951246,6.31918345235794,-15.8859793282308));
#3051=CARTESIAN_POINT('',(38.8028320396612,-6.31918501218686,-15.8859793282308));
#3052=CARTESIAN_POINT('',(-38.7611547724023,6.31918345235795,-15.8859793282308));
#3053=CARTESIAN_POINT('',(-28.6264139279655,-6.31918501226684,-15.8859793282308));
#3054=CARTESIAN_POINT('',(-30.5032146132009,-3.97875036668112,-15.8859793282308));
#3055=CARTESIAN_POINT('',(-36.8843540870672,3.97874880685219,-15.8859793282308));
#3056=CARTESIAN_POINT('',(47.2848215651583,9.41898845021682,0.466333663905004));
#3057=CARTESIAN_POINT('',(-47.2848215651583,9.41898845021682,0.466333663905));
#3058=CARTESIAN_POINT('',(-47.2848215651583,10.1189884502168,-0.233666336094993));
#3059=CARTESIAN_POINT('',(-47.2848215651583,10.2189885312955,-0.233666336094993));
#3060=CARTESIAN_POINT('',(47.2848215651583,10.2189885312955,-0.233666336094993));
#3061=CARTESIAN_POINT('',(47.2848215651583,10.1189884502168,-0.233666336094993));
#3062=CARTESIAN_POINT('',(47.2848215651583,9.41898845021682,0.466333225846572));
#3063=CARTESIAN_POINT('',(-47.2848215651583,9.41898845021682,0.466333222871543));
#3064=CARTESIAN_POINT('',(47.2848215651583,10.9189885312955,0.466333663905004));
#3065=CARTESIAN_POINT('',(-47.2848215651583,10.9189885312955,0.466333663905004));
#3066=CARTESIAN_POINT('',(41.8415461075113,-8.22388139903808,17.2140411876654));
#3067=CARTESIAN_POINT('',(41.8415461075113,-8.2238813990344,33.6618024259089));
#3068=CARTESIAN_POINT('',(41.8415461075113,5.41898845021682,32.8132392755922));
#3069=CARTESIAN_POINT('',(41.8415461075113,5.41898845021682,32.8132392755922));
#3070=CARTESIAN_POINT('',(25.5876998600156,5.41898845021682,32.8132392755922));
#3071=CARTESIAN_POINT('',(25.5876998600156,5.41898845021682,32.8132392755922));
#3072=CARTESIAN_POINT('',(25.5876998600156,-8.2238813990344,33.6618024259089));
#3073=CARTESIAN_POINT('',(25.5876998600156,-8.22388139903808,17.2140411876654));
#3074=CARTESIAN_POINT('',(25.5876998600156,-8.22388139903808,17.2140411876654));
#3075=CARTESIAN_POINT('',(41.8415461075113,-8.22388139903808,17.2140411876654));
#3076=CARTESIAN_POINT('',(30.70693561317,-7.79914445351345E-7,31.7971463645152));
#3077=CARTESIAN_POINT('',(30.70693561317,0.366906794294815,31.9657751763205));
#3078=CARTESIAN_POINT('',(30.7741088522318,0.739675732711116,32.1132978377275));
#3079=CARTESIAN_POINT('',(31.0566134746409,1.45769586062516,32.3576567966573));
#3080=CARTESIAN_POINT('',(31.2683323991191,1.79237437060664,32.4510746441042));
#3081=CARTESIAN_POINT('',(31.8223056622425,2.36811144979411,32.5904663340691));
#3082=CARTESIAN_POINT('',(32.1563486117385,2.59990789317797,32.6347973964987));
#3083=CARTESIAN_POINT('',(32.9004672248074,2.91772500896062,32.6912000077432));
#3084=CARTESIAN_POINT('',(33.3016060888108,2.99999922008555,32.703088409244));
#3085=CARTESIAN_POINT('',(33.70693561317,2.99999922008555,32.703088409244));
#3086=CARTESIAN_POINT('',(34.1122651375293,2.99999922008555,32.703088409244));
#3087=CARTESIAN_POINT('',(34.5134040015326,2.91772500896062,32.6912000077432));
#3088=CARTESIAN_POINT('',(35.2575226146015,2.59990789317796,32.6347973964987));
#3089=CARTESIAN_POINT('',(35.5915655640975,2.36811144979407,32.5904663340691));
#3090=CARTESIAN_POINT('',(36.1455388272211,1.79237437060657,32.4510746441042));
#3091=CARTESIAN_POINT('',(36.3572577516991,1.45769586062523,32.3576567966573));
#3092=CARTESIAN_POINT('',(36.6397623741085,0.739675732710303,32.1132978377272));
#3093=CARTESIAN_POINT('',(36.70693561317,0.366906794295642,31.9657751763208));
#3094=CARTESIAN_POINT('',(36.70693561317,-7.7991444676619E-7,31.7971463645152));
#3095=CARTESIAN_POINT('',(41.8415461075113,-8.22388139903808,17.2140411876654));
#3096=CARTESIAN_POINT('',(41.8415461075113,-8.2238813990381,25.314061703557));
#3097=CARTESIAN_POINT('',(41.8415461075113,-7.79914453241659E-7,25.3140617035552));
#3098=CARTESIAN_POINT('',(41.8415461075113,3.09267421490919,25.3140617035545));
#3099=CARTESIAN_POINT('',(41.8415461075113,5.41898845021682,23.3068873690235));
#3100=CARTESIAN_POINT('',(41.8415461075113,5.41898845021682,23.3068873690235));
#3101=CARTESIAN_POINT('',(41.8415461075113,5.41898845021682,24.7018899341683));
#3102=CARTESIAN_POINT('',(41.8415461075113,5.41898845021682,26.096892499313));
#3103=CARTESIAN_POINT('',(41.8415461075113,5.41898845021682,26.096892499313));
#3104=CARTESIAN_POINT('',(41.8415461075113,5.41898845021682,27.8132392755922));
#3105=CARTESIAN_POINT('',(41.8415461075113,5.41898845021682,29.5295860518714));
#3106=CARTESIAN_POINT('',(41.8415461075113,5.41898845021682,29.5295860518714));
#3107=CARTESIAN_POINT('',(41.8415461075113,5.41898845021682,31.1714126637318));
#3108=CARTESIAN_POINT('',(41.8415461075113,5.41898845021682,32.8132392755922));
#3109=CARTESIAN_POINT('',(25.5876998600156,5.41898845021682,32.8132392755922));
#3110=CARTESIAN_POINT('',(25.5876998600156,5.41898845021682,28.0600633223079));
#3111=CARTESIAN_POINT('',(25.5876998600156,5.41898845021682,23.3068873690235));
#3112=CARTESIAN_POINT('',(25.5876998600156,5.41898845021682,23.3068873690235));
#3113=CARTESIAN_POINT('',(25.5876998600156,3.0926742149092,25.3140617035545));
#3114=CARTESIAN_POINT('',(25.5876998600156,-7.7991447255954E-7,25.3140617035552));
#3115=CARTESIAN_POINT('',(25.5876998600156,-8.22388139903812,25.314061703557));
#3116=CARTESIAN_POINT('',(25.5876998600156,-8.22388139903808,17.2140411876654));
#3117=CARTESIAN_POINT('',(41.8415461075113,5.17798501348437,17.2140411876617));
#3118=CARTESIAN_POINT('',(41.8415461075113,5.17798501348434,22.3140411876617));
#3119=CARTESIAN_POINT('',(41.8415461075113,-7.79914452131436E-7,22.3140411876617));
#3120=CARTESIAN_POINT('',(41.8415461075113,-5.17798657331329,22.3140411876617));
#3121=CARTESIAN_POINT('',(41.8415461075113,-5.1779865733133,17.2140411876617));
#3122=CARTESIAN_POINT('',(41.8415461075113,-5.1779865733133,17.2140411876617));
#3123=CARTESIAN_POINT('',(25.5876998600156,-5.17798657331333,17.2140411876617));
#3124=CARTESIAN_POINT('',(25.5876998600156,-5.17798657331333,17.2140411876617));
#3125=CARTESIAN_POINT('',(25.5876998600156,-5.17798657331333,22.3140411876617));
#3126=CARTESIAN_POINT('',(25.5876998600156,-7.79914479664967E-7,22.3140411876617));
#3127=CARTESIAN_POINT('',(25.5876998600156,5.1779850134843,22.3140411876617));
#3128=CARTESIAN_POINT('',(25.5876998600156,5.17798501348434,17.2140411876617));
#3129=CARTESIAN_POINT('',(25.5876998600156,5.17798501348434,17.2140411876617));
#3130=CARTESIAN_POINT('',(41.8415461075113,5.17798501348437,17.2140411876617));
#3131=CARTESIAN_POINT('',(30.5448918804597,3.97874880685219,10.1250963531571));
#3132=CARTESIAN_POINT('',(30.5448918804597,3.97874880685219,-15.8859793282308));
#3133=CARTESIAN_POINT('',(36.926031354326,-3.97875036668112,10.1250963531571));
#3134=CARTESIAN_POINT('',(36.4177590283373,-4.38633527898978,10.3470190657084));
#3135=CARTESIAN_POINT('',(35.8253422383926,-4.70104294820792,10.5637753016709));
#3136=CARTESIAN_POINT('',(34.8504925237217,-4.98824262317439,10.7731162151694));
#3137=CARTESIAN_POINT('',(34.5132750349,-5.05226622910556,10.8226885150761));
#3138=CARTESIAN_POINT('',(33.821856277664,-5.11109495050074,10.8682260343758));
#3139=CARTESIAN_POINT('',(33.4757670273022,-5.10517580706395,10.8635055012286));
#3140=CARTESIAN_POINT('',(32.4478446106061,-4.98262275472272,10.7691678397083));
#3141=CARTESIAN_POINT('',(31.8064141661503,-4.76667321584794,10.6026155748488));
#3142=CARTESIAN_POINT('',(30.9486861364547,-4.28379816796303,10.2971593578059));
#3143=CARTESIAN_POINT('',(30.6811968988133,-4.09713314899705,10.186911741095));
#3144=CARTESIAN_POINT('',(30.1874967183869,-3.6779117011393,9.96541369055213));
#3145=CARTESIAN_POINT('',(29.9604800671802,-3.44467622776512,9.85380939849393));
#3146=CARTESIAN_POINT('',(29.7567120306262,-3.19057051684764,9.74845865393042));
#3147=CARTESIAN_POINT('',(29.4073932444627,-2.75495804299715,9.56785626488691));
#3148=CARTESIAN_POINT('',(29.1265802639957,-2.25850803688827,9.40628807165954));
#3149=CARTESIAN_POINT('',(28.7377502683037,-1.16992149359118,9.17759631431208));
#3150=CARTESIAN_POINT('',(28.6354436252257,-0.59126013238717,9.11402067176915));
#3151=CARTESIAN_POINT('',(28.6354436252257,-7.79914508086677E-7,9.11402067176915));
#3152=CARTESIAN_POINT('',(28.6354436252257,0.393612897304557,9.11402067176915));
#3153=CARTESIAN_POINT('',(28.6809100750577,0.783386025395536,9.14201373180833));
#3154=CARTESIAN_POINT('',(28.85860935852,1.54211297618664,9.24876685191503));
#3155=CARTESIAN_POINT('',(28.9893759808606,1.90525618902023,9.32661607124935));
#3156=CARTESIAN_POINT('',(29.4917051783403,2.92862100385283,9.61294719859551));
#3157=CARTESIAN_POINT('',(29.9682368989253,3.51632766357272,9.87331629123984));
#3158=CARTESIAN_POINT('',(30.5448918804597,3.97874880685219,10.1250963531571));
#3159=CARTESIAN_POINT('',(25.5876998600156,-8.22388139903808,17.2140411876654));
#3160=CARTESIAN_POINT('',(25.5876998600156,-8.2238813990381,9.11402067177204));
#3161=CARTESIAN_POINT('',(25.5876998600156,-7.79914472781584E-7,9.11402067177018));
#3162=CARTESIAN_POINT('',(25.5876998600156,3.0926742149092,9.11402067176949));
#3163=CARTESIAN_POINT('',(25.5876998600156,5.41898845021682,11.1211950062999));
#3164=CARTESIAN_POINT('',(38.8028320396611,-6.31918501218687,12.0302181084203));
#3165=CARTESIAN_POINT('',(38.9985157753159,-6.16226571094041,11.8446489257487));
#3166=CARTESIAN_POINT('',(39.189343758384,-5.99430888751508,11.6629099788661));
#3167=CARTESIAN_POINT('',(39.3740985217414,-5.8151625333654,11.4864617531239));
#3168=CARTESIAN_POINT('',(40.0619510243424,-5.14819045754778,10.8295349629797));
#3169=CARTESIAN_POINT('',(40.674789020711,-4.31667202100696,10.2377078171665));
#3170=CARTESIAN_POINT('',(41.5729843802548,-2.32308050429396,9.36899604777846));
#3171=CARTESIAN_POINT('',(41.8354821332854,-1.19250418247859,9.11402067176915));
#3172=CARTESIAN_POINT('',(41.8354821332854,-7.79914451362155E-7,9.11402067176915));
#3173=CARTESIAN_POINT('',(41.8354821332854,0.981905377008494,9.11402067176915));
#3174=CARTESIAN_POINT('',(41.6572481230591,1.92802397114092,9.28708110918848));
#3175=CARTESIAN_POINT('',(41.0187557281904,3.66186988927904,9.90523387863696));
#3176=CARTESIAN_POINT('',(40.5726274586489,4.42142885979094,10.3366709536816));
#3177=CARTESIAN_POINT('',(40.0546458496653,5.06736964235383,10.8344059187257));
#3178=CARTESIAN_POINT('',(39.9575508989551,5.18845036675963,10.9277056634647));
#3179=CARTESIAN_POINT('',(39.8578501090001,5.30565271040361,11.0234083917346));
#3180=CARTESIAN_POINT('',(39.7558356308732,5.41898845021682,11.1211962919723));
#3181=CARTESIAN_POINT('',(41.8415461075113,5.41898845021682,11.1211950062998));
#3182=CARTESIAN_POINT('',(41.8415461075113,3.0926742149092,9.11402067176949));
#3183=CARTESIAN_POINT('',(41.8415461075113,-7.79914450355079E-7,9.11402067177018));
#3184=CARTESIAN_POINT('',(41.8415461075113,-8.22388139903808,9.11402067177204));
#3185=CARTESIAN_POINT('',(41.8415461075113,-8.22388139903808,17.2140411876654));
#3186=CARTESIAN_POINT('',(41.8415461075113,5.41898845021682,11.1211950062998));
#3187=CARTESIAN_POINT('',(41.8415461075113,5.41898845021682,12.3132392755922));
#3188=CARTESIAN_POINT('',(41.8415461075113,5.41898845021682,12.3132392755922));
#3189=CARTESIAN_POINT('',(41.8415461075113,5.41898845021682,23.3068873690235));
#3190=CARTESIAN_POINT('',(25.5876998600156,5.41898845021682,23.3068873690235));
#3191=CARTESIAN_POINT('',(25.5876998600156,5.41898845021682,12.3132392755922));
#3192=CARTESIAN_POINT('',(25.5876998600156,5.41898845021682,12.3132392755922));
#3193=CARTESIAN_POINT('',(25.5876998600156,5.41898845021682,11.1211950062999));
#3194=CARTESIAN_POINT('',(38.8028320396612,-6.31918501218686,-4.50026176883892));
#3195=CARTESIAN_POINT('',(38.8028320396612,-6.31918501218686,-15.8859793282308));
#3196=CARTESIAN_POINT('',(28.6680911951246,6.31918345235794,-8.18676072440779));
#3197=CARTESIAN_POINT('',(34.6371196872692,11.1057630675391,-8.18676072440779));
#3198=CARTESIAN_POINT('',(39.7558343701052,5.41898845021682,-8.18676072440779));
#3199=CARTESIAN_POINT('',(38.8028320396612,-6.31918501218686,-1.87325967997668));
#3200=CARTESIAN_POINT('',(38.9941268827929,-6.16578517537442,-1.48045122043222));
#3201=CARTESIAN_POINT('',(39.2519981303094,-5.94414882170949,-1.16691818569124));
#3202=CARTESIAN_POINT('',(39.8002308181773,-5.38346033899232,-0.688295020354251));
#3203=CARTESIAN_POINT('',(40.0801443255845,-5.05487594981039,-0.529387442099458));
#3204=CARTESIAN_POINT('',(40.588989380486,-4.33920024611769,-0.315382847398144));
#3205=CARTESIAN_POINT('',(40.8182796222591,-3.9550977757966,-0.25852477503489));
#3206=CARTESIAN_POINT('',(41.2095494437881,-3.15389963808673,-0.19428019049045));
#3207=CARTESIAN_POINT('',(41.3727582187256,-2.73525596594131,-0.186760724407798));
#3208=CARTESIAN_POINT('',(41.5,-2.30700664529506,-0.186760724407798));
#3209=CARTESIAN_POINT('',(41.6110732313553,-1.93317475302277,-0.186760724407798));
#3210=CARTESIAN_POINT('',(41.6950563992683,-1.55152841141043,-0.192579010279472));
#3211=CARTESIAN_POINT('',(41.8073192173708,-0.779538143472798,-0.202011201185294));
#3212=CARTESIAN_POINT('',(41.8354821332855,-0.390202750512582,-0.205577781640285));
#3213=CARTESIAN_POINT('',(41.8354821332855,0.390201190543419,-0.205577781640285));
#3214=CARTESIAN_POINT('',(41.8073192173735,0.77953658378069,-0.202011201107209));
#3215=CARTESIAN_POINT('',(41.6950563993096,1.551526851454,-0.192579010202905));
#3216=CARTESIAN_POINT('',(41.6110732313185,1.9331731933176,-0.186760724407797));
#3217=CARTESIAN_POINT('',(41.5,2.30700508546611,-0.186760724407797));
#3218=CARTESIAN_POINT('',(41.349756029481,2.81267136631792,-0.186760724407797));
#3219=CARTESIAN_POINT('',(41.1490217349151,3.30541021832072,-0.196921100565188));
#3220=CARTESIAN_POINT('',(40.6594798419867,4.2361515119945,-0.296095987207032));
#3221=CARTESIAN_POINT('',(40.3682066410638,4.67634861098087,-0.38549591494896));
#3222=CARTESIAN_POINT('',(40.0546458496653,5.0673696423538,-0.557891883991786));
#3223=CARTESIAN_POINT('',(39.9562744738328,5.19004211254387,-0.611976543579122));
#3224=CARTESIAN_POINT('',(39.8561654587939,5.30750981969073,-0.674179910346521));
#3225=CARTESIAN_POINT('',(39.7558315763476,5.41898845021682,-0.745882275279659));
#3226=CARTESIAN_POINT('',(38.8028320396612,-6.31918501218686,-4.50026176883892));
#3227=CARTESIAN_POINT('',(38.6102909057995,-6.47358425280687,-4.10489415226881));
#3228=CARTESIAN_POINT('',(38.5,-6.55053559461036,-3.65372255889015));
#3229=CARTESIAN_POINT('',(38.5,-6.55053559461036,-3.1867607244078));
#3230=CARTESIAN_POINT('',(38.5,-6.55053559461036,-2.71979888992549));
#3231=CARTESIAN_POINT('',(38.6102909057995,-6.47358425280685,-2.26862729654675));
#3232=CARTESIAN_POINT('',(38.8028320396612,-6.31918501218686,-1.87325967997668));
#3233=CARTESIAN_POINT('',(39.7558315763476,5.41898845021682,-5.62763917353595));
#3234=CARTESIAN_POINT('',(39.8561654587939,5.30750981969077,-5.69934153846905));
#3235=CARTESIAN_POINT('',(39.9562744738329,5.19004211254372,-5.76154490523654));
#3236=CARTESIAN_POINT('',(40.0546458496653,5.0673696423538,-5.81562956482381));
#3237=CARTESIAN_POINT('',(40.3682066410638,4.67634861098077,-5.98802553386668));
#3238=CARTESIAN_POINT('',(40.6594798419867,4.23615151199461,-6.07742546160854));
#3239=CARTESIAN_POINT('',(41.149021734915,3.30541021832087,-6.17660034825039));
#3240=CARTESIAN_POINT('',(41.349756029481,2.8126713663178,-6.18676072440779));
#3241=CARTESIAN_POINT('',(41.5,2.30700508546615,-6.18676072440779));
#3242=CARTESIAN_POINT('',(41.6110732313186,1.93317319331744,-6.18676072440779));
#3243=CARTESIAN_POINT('',(41.6950563993095,1.55152685145421,-6.18094243861269));
#3244=CARTESIAN_POINT('',(41.8073192173735,0.779536583781094,-6.17151024770839));
#3245=CARTESIAN_POINT('',(41.8354821332855,0.390201190543028,-6.16794366717531));
#3246=CARTESIAN_POINT('',(41.8354821332855,-0.390202750512771,-6.16794366717531));
#3247=CARTESIAN_POINT('',(41.8073192173708,-0.779538143472626,-6.1715102476303));
#3248=CARTESIAN_POINT('',(41.6950563992683,-1.55152841141036,-6.18094243853612));
#3249=CARTESIAN_POINT('',(41.6110732313553,-1.93317475302288,-6.18676072440779));
#3250=CARTESIAN_POINT('',(41.5,-2.30700664529509,-6.18676072440779));
#3251=CARTESIAN_POINT('',(41.3727582187256,-2.73525596594141,-6.18676072440779));
#3252=CARTESIAN_POINT('',(41.2095494437881,-3.15389963808669,-6.17924125832515));
#3253=CARTESIAN_POINT('',(40.8182796222591,-3.95509777579661,-6.1149966737807));
#3254=CARTESIAN_POINT('',(40.588989380486,-4.33920024611772,-6.05813860141745));
#3255=CARTESIAN_POINT('',(40.0801443255844,-5.05487594981043,-5.84413400671613));
#3256=CARTESIAN_POINT('',(39.8002308181773,-5.38346033899232,-5.68522642846135));
#3257=CARTESIAN_POINT('',(39.2519981303094,-5.94414882170949,-5.20660326312436));
#3258=CARTESIAN_POINT('',(38.9941268827929,-6.16578517537443,-4.89307022838337));
#3259=CARTESIAN_POINT('',(38.8028320396612,-6.31918501218686,-4.50026176883892));
#3260=CARTESIAN_POINT('',(41.8415461075113,5.17798501348437,17.2140411876617));
#3261=CARTESIAN_POINT('',(41.8415461075113,5.17798501348438,12.1140411876617));
#3262=CARTESIAN_POINT('',(41.8415461075113,-7.79914452131436E-7,12.1140411876617));
#3263=CARTESIAN_POINT('',(41.8415461075113,-5.17798657331327,12.1140411876617));
#3264=CARTESIAN_POINT('',(41.8415461075113,-5.1779865733133,17.2140411876617));
#3265=CARTESIAN_POINT('',(25.5876998600156,-5.17798657331333,17.2140411876617));
#3266=CARTESIAN_POINT('',(25.5876998600156,-5.17798657331331,12.1140411876617));
#3267=CARTESIAN_POINT('',(25.5876998600156,-7.79914479664967E-7,12.1140411876617));
#3268=CARTESIAN_POINT('',(25.5876998600156,5.17798501348434,12.1140411876617));
#3269=CARTESIAN_POINT('',(25.5876998600156,5.17798501348434,17.2140411876617));
#3270=CARTESIAN_POINT('',(30.5448918804597,3.97874880685219,10.1250963531571));
#3271=CARTESIAN_POINT('',(31.053164206449,4.38633371916122,10.3470190657086));
#3272=CARTESIAN_POINT('',(31.6455809963927,4.70104138837888,10.5637753016707));
#3273=CARTESIAN_POINT('',(32.6204307110634,4.98824106334532,10.7731162151692));
#3274=CARTESIAN_POINT('',(32.9576481998866,5.05226466927677,10.8226885150762));
#3275=CARTESIAN_POINT('',(33.6490669571209,5.1110933906718,10.8682260343758));
#3276=CARTESIAN_POINT('',(33.9951562074845,5.10517424723499,10.8635055012286));
#3277=CARTESIAN_POINT('',(35.0230786241793,4.9826211948939,10.7691678397084));
#3278=CARTESIAN_POINT('',(35.6645090686357,4.76667165601886,10.6026155748487));
#3279=CARTESIAN_POINT('',(36.5222370983313,4.28379660813399,10.2971593578058));
#3280=CARTESIAN_POINT('',(36.7897263359723,4.09713158916824,10.1869117410951));
#3281=CARTESIAN_POINT('',(37.2834265163996,3.67791014130966,9.96541369055179));
#3282=CARTESIAN_POINT('',(37.510443167605,3.44467466793702,9.85380939849427));
#3283=CARTESIAN_POINT('',(37.7142112041595,3.19056895701871,9.74845865393042));
#3284=CARTESIAN_POINT('',(38.0635299903231,2.75495648316819,9.56785626488689));
#3285=CARTESIAN_POINT('',(38.3443429707901,2.25850647705931,9.40628807165952));
#3286=CARTESIAN_POINT('',(38.7331729664821,1.16991993376219,9.17759631431208));
#3287=CARTESIAN_POINT('',(38.8354796095601,0.591258572558296,9.11402067176916));
#3288=CARTESIAN_POINT('',(38.8354796095601,-7.79914451243258E-7,9.11402067176916));
#3289=CARTESIAN_POINT('',(38.8354796095601,-0.393614457133602,9.11402067176916));
#3290=CARTESIAN_POINT('',(38.7900131597281,-0.783387585224524,9.14201373180835));
#3291=CARTESIAN_POINT('',(38.6123138762657,-1.54211453601591,9.2487668519151));
#3292=CARTESIAN_POINT('',(38.4815472539253,-1.90525774884902,9.3266160712493));
#3293=CARTESIAN_POINT('',(37.9792180564456,-2.92862256368156,9.61294719859547));
#3294=CARTESIAN_POINT('',(37.5026863358603,-3.51632922340176,9.87331629123988));
#3295=CARTESIAN_POINT('',(36.926031354326,-3.97875036668112,10.1250963531571));
#3296=CARTESIAN_POINT('',(38.5,1.8191631822102,-3.1867607244078));
#3297=CARTESIAN_POINT('',(38.5,1.8191631822102,-3.07753210166467));
#3298=CARTESIAN_POINT('',(38.5060342019784,1.80356957696999,-2.96956775118343));
#3299=CARTESIAN_POINT('',(38.5285053362393,1.74297327763806,-2.76108396690392));
#3300=CARTESIAN_POINT('',(38.5446707600669,1.698594822762,-2.66260425159817));
#3301=CARTESIAN_POINT('',(38.6020472517693,1.52990788956067,-2.38889698611151));
#3302=CARTESIAN_POINT('',(38.6503612742661,1.37396035150661,-2.24101147497757));
#3303=CARTESIAN_POINT('',(38.7354228592928,1.02109361923871,-2.0157694207711));
#3304=CARTESIAN_POINT('',(38.7722983827163,0.825837845026204,-1.93658406431543));
#3305=CARTESIAN_POINT('',(38.8221240364627,0.421356796651068,-1.83314572246354));
#3306=CARTESIAN_POINT('',(38.8354796095625,0.21005096670917,-1.80823575584276));
#3307=CARTESIAN_POINT('',(38.8354796095625,-0.210052526538198,-1.80823575584276));
#3308=CARTESIAN_POINT('',(38.8221240364627,-0.421358356479847,-1.83314572246352));
#3309=CARTESIAN_POINT('',(38.7722983827163,-0.825839404855015,-1.93658406431542));
#3310=CARTESIAN_POINT('',(38.7354228592927,-1.02109517906767,-2.01576942077118));
#3311=CARTESIAN_POINT('',(38.6503612743336,-1.37396191105538,-2.2410114747988));
#3312=CARTESIAN_POINT('',(38.6020472517094,-1.52990944956537,-2.3888969863974));
#3313=CARTESIAN_POINT('',(38.5446707600663,-1.69859638259256,-2.66260425160154));
#3314=CARTESIAN_POINT('',(38.5285053362398,-1.74297483746548,-2.76108396690049));
#3315=CARTESIAN_POINT('',(38.5060342019783,-1.80357113679887,-2.96956775118508));
#3316=CARTESIAN_POINT('',(38.5,-1.8191647420391,-3.07753210166309));
#3317=CARTESIAN_POINT('',(38.5,-1.8191647420391,-3.1867607244078));
#3318=CARTESIAN_POINT('',(38.5,-1.8191647420391,-3.30105604423566));
#3319=CARTESIAN_POINT('',(38.5066132713635,-1.80209419845953,-3.4139026394281));
#3320=CARTESIAN_POINT('',(38.5301783774047,-1.73837378975852,-3.62310431429017));
#3321=CARTESIAN_POINT('',(38.5460595107809,-1.69460788009238,-3.71815491199073));
#3322=CARTESIAN_POINT('',(38.6033771728819,-1.52579654708979,-3.98965137826304));
#3323=CARTESIAN_POINT('',(38.652141415643,-1.36785829749377,-4.13784817800223));
#3324=CARTESIAN_POINT('',(38.7375472015397,-1.01097753968488,-4.36274096970423));
#3325=CARTESIAN_POINT('',(38.7743384678103,-0.813743513515509,-4.44133597465667));
#3326=CARTESIAN_POINT('',(38.8234750838925,-0.405613043298582,-4.54300557121737));
#3327=CARTESIAN_POINT('',(38.8362327907222,-0.192549761675317,-4.56674159400375));
#3328=CARTESIAN_POINT('',(38.8346668477308,0.227542629261344,-4.56371462682984));
#3329=CARTESIAN_POINT('',(38.8207257906357,0.437083198465684,-4.53764567365351));
#3330=CARTESIAN_POINT('',(38.7702352882419,0.837892943737929,-4.43246930402845));
#3331=CARTESIAN_POINT('',(38.7332868099998,1.03116912686783,-4.35270913537052));
#3332=CARTESIAN_POINT('',(38.6485679410598,1.38009311181804,-4.12710149523254));
#3333=CARTESIAN_POINT('',(38.6007090497364,1.53403397643259,-3.97951731771668));
#3334=CARTESIAN_POINT('',(38.5440272934526,1.7003871828869,-3.70718582106026));
#3335=CARTESIAN_POINT('',(38.5280856874436,1.74411802058408,-3.60931411079705));
#3336=CARTESIAN_POINT('',(38.5059403325588,1.80380928050426,-3.40229391596873));
#3337=CARTESIAN_POINT('',(38.5,1.8191631822102,-3.29514489121602));
#3338=CARTESIAN_POINT('',(38.5,1.8191631822102,-3.1867607244078));
#3339=CARTESIAN_POINT('',(38.8028320396611,-6.31918501218687,12.0302181084203));
#3340=CARTESIAN_POINT('',(38.8028320396612,-6.31918501218686,-1.87325967997668));
#3341=CARTESIAN_POINT('',(27.7151025513244,5.41898845021682,11.1212512379181));
#3342=CARTESIAN_POINT('',(27.1830691182996,4.8279118801256,10.6113535675611));
#3343=CARTESIAN_POINT('',(26.7118020051322,4.1294907184337,10.1561438437297));
#3344=CARTESIAN_POINT('',(25.897938854531,2.32307894446503,9.36899604777846));
#3345=CARTESIAN_POINT('',(25.6354411015004,1.1925026226498,9.11402067176917));
#3346=CARTESIAN_POINT('',(25.6354411015004,-7.79914480421639E-7,9.11402067176916));
#3347=CARTESIAN_POINT('',(25.6354411015004,-0.98190693683754,9.11402067176917));
#3348=CARTESIAN_POINT('',(25.8136751117266,-1.92802553096977,9.28708110918845));
#3349=CARTESIAN_POINT('',(26.4521675065953,-3.66187144910769,9.90523387863687));
#3350=CARTESIAN_POINT('',(26.898295776137,-4.42143041961999,10.3366709536816));
#3351=CARTESIAN_POINT('',(27.4162773851205,-5.06737120218276,10.8344059187257));
#3352=CARTESIAN_POINT('',(27.6313945570878,-5.33562967312722,11.0411146825361));
#3353=CARTESIAN_POINT('',(27.859302728755,-5.58485075821773,11.2596187102653));
#3354=CARTESIAN_POINT('',(28.0968247130444,-5.81516253336543,11.4864617531239));
#3355=CARTESIAN_POINT('',(28.4447971926758,-6.15257197243779,11.8187894589015));
#3356=CARTESIAN_POINT('',(28.8145009952872,-6.45053342246923,12.1701781216654));
#3357=CARTESIAN_POINT('',(29.5824195038635,-6.96974398437443,12.8919142344179));
#3358=CARTESIAN_POINT('',(29.9827339271429,-7.19252620968596,13.2646035069221));
#3359=CARTESIAN_POINT('',(30.6019407044582,-7.47280770579133,13.8257537233542));
#3360=CARTESIAN_POINT('',(30.8126964360944,-7.55774048736772,14.0141982995132));
#3361=CARTESIAN_POINT('',(31.240430408205,-7.70950745728312,14.3872133805289));
#3362=CARTESIAN_POINT('',(31.4605579261753,-7.77743446009189,14.5746857051222));
#3363=CARTESIAN_POINT('',(31.9054640324246,-7.89391416337956,14.9348384945103));
#3364=CARTESIAN_POINT('',(32.1430573779986,-7.94563081348034,15.1182189656149));
#3365=CARTESIAN_POINT('',(32.6171663796741,-8.02601577554382,15.4402428407986));
#3366=CARTESIAN_POINT('',(32.8843046658399,-8.05974236121526,15.6005392733476));
#3367=CARTESIAN_POINT('',(33.4716171934678,-8.10195000633014,15.8192169181306));
#3368=CARTESIAN_POINT('',(33.7720751191129,-8.10664382711406,15.8487335793901));
#3369=CARTESIAN_POINT('',(34.4046641144048,-8.07803668085342,15.6934506173));
#3370=CARTESIAN_POINT('',(34.6996797383177,-8.04665549029782,15.5328926958703));
#3371=CARTESIAN_POINT('',(35.208456222341,-7.9690063014603,15.2062679684114));
#3372=CARTESIAN_POINT('',(35.4594371949691,-7.9180009403699,15.0170394615407));
#3373=CARTESIAN_POINT('',(35.9239672405024,-7.80249143370717,14.647050227268));
#3374=CARTESIAN_POINT('',(36.1545568302337,-7.73393815301919,14.4522109658352));
#3375=CARTESIAN_POINT('',(36.8105806362292,-7.5076061046757,13.8832506501739));
#3376=CARTESIAN_POINT('',(37.2310510525653,-7.32142062507527,13.4996448073848));
#3377=CARTESIAN_POINT('',(38.0389237201643,-6.87774024810998,12.7520958519044));
#3378=CARTESIAN_POINT('',(38.4302777663379,-6.61793726183431,12.3835156973595));
#3379=CARTESIAN_POINT('',(38.8028320396611,-6.31918501218687,12.0302181084203));
#3380=CARTESIAN_POINT('',(27.7150888646806,5.41898845021682,-8.18676072440779));
#3381=CARTESIAN_POINT('',(28.1550473796495,5.90777227010606,-8.18676072440779));
#3382=CARTESIAN_POINT('',(28.6680911951246,6.31918345235794,-8.18676072440779));
#3383=CARTESIAN_POINT('',(35.1929343880322,-7.79914447781321E-7,9.11402067176916));
#3384=CARTESIAN_POINT('',(35.1929343880322,0.197528194501231,9.11402067176916));
#3385=CARTESIAN_POINT('',(35.1539605663589,0.392745045107025,9.12126639028974));
#3386=CARTESIAN_POINT('',(35.0029684441291,0.756699001759496,9.1463827429381));
#3387=CARTESIAN_POINT('',(34.8925284029271,0.921728938331879,9.16387409801516));
#3388=CARTESIAN_POINT('',(34.6146384103333,1.19961215153399,9.19947154970249));
#3389=CARTESIAN_POINT('',(34.4496103108684,1.31004479333425,9.21709772110899));
#3390=CARTESIAN_POINT('',(34.085674574579,1.46102611720922,9.24251423549792));
#3391=CARTESIAN_POINT('',(33.8904690234768,1.49999922008555,9.24989675088383));
#3392=CARTESIAN_POINT('',(33.6929343880322,1.49999922008555,9.24989675088383));
#3393=CARTESIAN_POINT('',(33.4953997525877,1.49999922008555,9.24989675088383));
#3394=CARTESIAN_POINT('',(33.3001942014855,1.46102611720923,9.24251423549792));
#3395=CARTESIAN_POINT('',(32.9362584651961,1.31004479333425,9.21709772110899));
#3396=CARTESIAN_POINT('',(32.7712303657312,1.19961215153399,9.19947154970249));
#3397=CARTESIAN_POINT('',(32.4933403731373,0.921728938331791,9.16387409801515));
#3398=CARTESIAN_POINT('',(32.3829003319355,0.756699001759612,9.14638274293811));
#3399=CARTESIAN_POINT('',(32.2319082097056,0.392745045107072,9.12126639028974));
#3400=CARTESIAN_POINT('',(32.1929343880322,0.197528194501176,9.11402067176916));
#3401=CARTESIAN_POINT('',(32.1929343880322,-7.79914458504767E-7,9.11402067176916));
#3402=CARTESIAN_POINT('',(35.1929343880323,-7.7991444859319E-7,12.1140411876617));
#3403=CARTESIAN_POINT('',(35.1929343880322,-7.79914447781321E-7,9.11402067176916));
#3404=CARTESIAN_POINT('',(32.1929343880322,-7.79914457619216E-7,12.1140411876617));
#3405=CARTESIAN_POINT('',(32.1929343880322,0.198424950153471,12.1140411876617));
#3406=CARTESIAN_POINT('',(32.232208313958,0.393926005475813,12.1256195312551));
#3407=CARTESIAN_POINT('',(32.383542676382,0.757787502163571,12.1657371907668));
#3408=CARTESIAN_POINT('',(32.493908737116,0.922316357899448,12.1936660941389));
#3409=CARTESIAN_POINT('',(32.7707880527133,1.19915077304491,12.2507336983483));
#3410=CARTESIAN_POINT('',(32.9353044462326,1.30946768933324,12.2792142088762));
#3411=CARTESIAN_POINT('',(33.2990433004166,1.46072921093616,12.3205714448249));
#3412=CARTESIAN_POINT('',(33.4944719198589,1.49999922008555,12.332723307009));
#3413=CARTESIAN_POINT('',(33.6929343880322,1.49999922008555,12.332723307009));
#3414=CARTESIAN_POINT('',(33.891349692962,1.49999922008555,12.332723307009));
#3415=CARTESIAN_POINT('',(34.0867813771705,1.46074754937519,12.3205764588373));
#3416=CARTESIAN_POINT('',(34.4505958272379,1.30945459107468,12.2792106276101));
#3417=CARTESIAN_POINT('',(34.6151050916423,1.19912640870547,12.2507286757991));
#3418=CARTESIAN_POINT('',(34.8919351485303,0.92234124428126,12.1936712243038));
#3419=CARTESIAN_POINT('',(35.0023127270752,0.75781965465572,12.1657407357495));
#3420=CARTESIAN_POINT('',(35.1536784792143,0.393882685956724,12.1256147550483));
#3421=CARTESIAN_POINT('',(35.1929343880323,0.198378390687368,12.1140411876617));
#3422=CARTESIAN_POINT('',(35.1929343880323,-7.7991444859319E-7,12.1140411876617));
#3423=CARTESIAN_POINT('',(32.1929343880322,-7.79914458504767E-7,9.11402067176916));
#3424=CARTESIAN_POINT('',(32.1929343880322,-7.79914457619216E-7,12.1140411876617));
#3425=CARTESIAN_POINT('',(36.70693561317,-7.79914447363593E-7,28.4009992320953));
#3426=CARTESIAN_POINT('',(36.70693561317,2.99999922008555,28.4009992320953));
#3427=CARTESIAN_POINT('',(33.70693561317,2.99999922008555,28.4009992320953));
#3428=CARTESIAN_POINT('',(30.70693561317,2.99999922008555,28.4009992320953));
#3429=CARTESIAN_POINT('',(30.70693561317,-7.7991444688696E-7,28.4009992320953));
#3430=CARTESIAN_POINT('',(36.70693561317,-7.7991444676619E-7,31.7971463645152));
#3431=CARTESIAN_POINT('',(36.70693561317,-7.79914447363593E-7,28.4009992320953));
#3432=CARTESIAN_POINT('',(30.70693561317,-7.7991444688696E-7,28.4009992320953));
#3433=CARTESIAN_POINT('',(30.70693561317,-7.79914445351345E-7,31.7971463645152));
#3434=CARTESIAN_POINT('',(35.1929343880322,-7.7991444859319E-7,22.3140411876617));
#3435=CARTESIAN_POINT('',(35.1929343880323,0.198378390687482,22.3140411876617));
#3436=CARTESIAN_POINT('',(35.1536784792143,0.393882685956608,22.302467620275));
#3437=CARTESIAN_POINT('',(35.0023127270752,0.757819654655795,22.2623416395739));
#3438=CARTESIAN_POINT('',(34.8919351485304,0.922341244281186,22.2344111510196));
#3439=CARTESIAN_POINT('',(34.6151050916423,1.19912640870546,22.1773536995243));
#3440=CARTESIAN_POINT('',(34.4505958272379,1.30945459107468,22.1488717477133));
#3441=CARTESIAN_POINT('',(34.0867813771705,1.46074754937518,22.1075059164861));
#3442=CARTESIAN_POINT('',(33.891349692962,1.49999922008555,22.0953590683144));
#3443=CARTESIAN_POINT('',(33.6929343880322,1.49999922008555,22.0953590683144));
#3444=CARTESIAN_POINT('',(33.4944719198589,1.49999922008555,22.0953590683144));
#3445=CARTESIAN_POINT('',(33.2990433004165,1.46072921093615,22.1075109304985));
#3446=CARTESIAN_POINT('',(32.9353044462326,1.30946768933325,22.1488681664472));
#3447=CARTESIAN_POINT('',(32.7707880527133,1.19915077304488,22.1773486769751));
#3448=CARTESIAN_POINT('',(32.493908737116,0.922316357899511,22.2344162811845));
#3449=CARTESIAN_POINT('',(32.383542676382,0.757787502163502,22.2623451845566));
#3450=CARTESIAN_POINT('',(32.2322083139581,0.393926005475909,22.3024628440683));
#3451=CARTESIAN_POINT('',(32.1929343880322,0.198424950153364,22.3140411876617));
#3452=CARTESIAN_POINT('',(32.1929343880322,-7.79914457619216E-7,22.3140411876617));
#3453=CARTESIAN_POINT('',(32.1929343880322,-7.79914446990095E-7,28.4009992320953));
#3454=CARTESIAN_POINT('',(32.1929343880322,1.49999922008556,28.4009992320953));
#3455=CARTESIAN_POINT('',(33.6929343880322,1.49999922008556,28.4009992320953));
#3456=CARTESIAN_POINT('',(35.1929343880322,1.49999922008556,28.4009992320953));
#3457=CARTESIAN_POINT('',(35.1929343880322,-7.79914447275276E-7,28.4009992320953));
#3458=CARTESIAN_POINT('',(32.1929343880322,-7.79914457619216E-7,22.3140411876617));
#3459=CARTESIAN_POINT('',(32.1929343880322,-7.79914446990095E-7,28.4009992320953));
#3460=CARTESIAN_POINT('',(-25.5876998600156,-8.22388139903808,17.2140411876654));
#3461=CARTESIAN_POINT('',(-25.5876998600156,-8.2238813990344,33.6618024259089));
#3462=CARTESIAN_POINT('',(-25.5876998600156,5.41898845021682,32.8132392755922));
#3463=CARTESIAN_POINT('',(-25.5876998600156,5.41898845021682,32.8132392755922));
#3464=CARTESIAN_POINT('',(-41.8415461075113,5.41898845021682,32.8132392755922));
#3465=CARTESIAN_POINT('',(-41.8415461075113,5.41898845021682,32.8132392755922));
#3466=CARTESIAN_POINT('',(-41.8415461075113,-8.2238813990344,33.6618024259089));
#3467=CARTESIAN_POINT('',(-41.8415461075113,-8.22388139903808,17.2140411876654));
#3468=CARTESIAN_POINT('',(-41.8415461075113,-8.22388139903808,17.2140411876654));
#3469=CARTESIAN_POINT('',(-25.5876998600156,-8.22388139903808,17.2140411876654));
#3470=CARTESIAN_POINT('',(-36.693784350134,-7.7991444856334E-7,31.7971463645152));
#3471=CARTESIAN_POINT('',(-36.693784350134,0.366906794294834,31.9657751763205));
#3472=CARTESIAN_POINT('',(-36.6266111110723,0.73967573271109,32.1132978377275));
#3473=CARTESIAN_POINT('',(-36.3441064886632,1.45769586062515,32.3576567966573));
#3474=CARTESIAN_POINT('',(-36.132387564185,1.79237437060664,32.4510746441042));
#3475=CARTESIAN_POINT('',(-35.5784143010615,2.36811144979409,32.5904663340691));
#3476=CARTESIAN_POINT('',(-35.2443713515655,2.59990789317797,32.6347973964987));
#3477=CARTESIAN_POINT('',(-34.5002527384966,2.91772500896062,32.6912000077432));
#3478=CARTESIAN_POINT('',(-34.0991138744932,2.99999922008555,32.703088409244));
#3479=CARTESIAN_POINT('',(-33.693784350134,2.99999922008555,32.703088409244));
#3480=CARTESIAN_POINT('',(-33.2884548257749,2.99999922008555,32.703088409244));
#3481=CARTESIAN_POINT('',(-32.8873159617714,2.91772500896061,32.6912000077432));
#3482=CARTESIAN_POINT('',(-32.1431973487025,2.59990789317796,32.6347973964987));
#3483=CARTESIAN_POINT('',(-31.8091543992065,2.3681114497941,32.5904663340691));
#3484=CARTESIAN_POINT('',(-31.2551811360831,1.79237437060662,32.4510746441042));
#3485=CARTESIAN_POINT('',(-31.0434622116049,1.45769586062517,32.3576567966573));
#3486=CARTESIAN_POINT('',(-30.7609575891955,0.739675732710356,32.1132978377272));
#3487=CARTESIAN_POINT('',(-30.693784350134,0.366906794295591,31.9657751763208));
#3488=CARTESIAN_POINT('',(-30.693784350134,-7.79914446954448E-7,31.7971463645152));
#3489=CARTESIAN_POINT('',(-25.5876998600156,-8.22388139903808,17.2140411876654));
#3490=CARTESIAN_POINT('',(-25.5876998600156,-8.2238813990381,25.314061703557));
#3491=CARTESIAN_POINT('',(-25.5876998600156,-7.79914453241659E-7,25.3140617035552));
#3492=CARTESIAN_POINT('',(-25.5876998600156,3.09267421490919,25.3140617035545));
#3493=CARTESIAN_POINT('',(-25.5876998600156,5.41898845021682,23.3068873690235));
#3494=CARTESIAN_POINT('',(-25.5876998600156,5.41898845021682,23.3068873690235));
#3495=CARTESIAN_POINT('',(-25.5876998600156,5.41898845021682,28.0600633223079));
#3496=CARTESIAN_POINT('',(-25.5876998600156,5.41898845021682,32.8132392755922));
#3497=CARTESIAN_POINT('',(-41.8415461075113,5.41898845021682,32.8132392755922));
#3498=CARTESIAN_POINT('',(-41.8415461075113,5.41898845021682,31.1714126637318));
#3499=CARTESIAN_POINT('',(-41.8415461075113,5.41898845021682,29.5295860518714));
#3500=CARTESIAN_POINT('',(-41.8415461075113,5.41898845021682,29.5295860518714));
#3501=CARTESIAN_POINT('',(-41.8415461075113,5.41898845021682,27.8132392755922));
#3502=CARTESIAN_POINT('',(-41.8415461075113,5.41898845021682,26.096892499313));
#3503=CARTESIAN_POINT('',(-41.8415461075113,5.41898845021682,26.096892499313));
#3504=CARTESIAN_POINT('',(-41.8415461075113,5.41898845021682,24.7018899341683));
#3505=CARTESIAN_POINT('',(-41.8415461075113,5.41898845021682,23.3068873690235));
#3506=CARTESIAN_POINT('',(-41.8415461075113,5.41898845021682,23.3068873690235));
#3507=CARTESIAN_POINT('',(-41.8415461075113,3.0926742149092,25.3140617035545));
#3508=CARTESIAN_POINT('',(-41.8415461075112,-7.7991447255954E-7,25.3140617035552));
#3509=CARTESIAN_POINT('',(-41.8415461075113,-8.22388139903812,25.314061703557));
#3510=CARTESIAN_POINT('',(-41.8415461075113,-8.22388139903808,17.2140411876654));
#3511=CARTESIAN_POINT('',(-41.8415461075113,-8.22388139903808,17.2140411876654));
#3512=CARTESIAN_POINT('',(-41.8415461075113,-8.2238813990381,9.11402067177204));
#3513=CARTESIAN_POINT('',(-41.8415461075113,-7.79914471671361E-7,9.11402067177018));
#3514=CARTESIAN_POINT('',(-41.8415461075113,3.0926742149092,9.11402067176949));
#3515=CARTESIAN_POINT('',(-41.8415461075113,5.41898845021682,11.1211950062999));
#3516=CARTESIAN_POINT('',(-28.6264139282608,-6.31918501250366,12.0302181087949));
#3517=CARTESIAN_POINT('',(-28.4307301924699,-6.16226571116828,11.8446489259952));
#3518=CARTESIAN_POINT('',(-28.2399022092682,-5.99430888763661,11.6629099789858));
#3519=CARTESIAN_POINT('',(-28.0551474457855,-5.8151625333654,11.4864617531239));
#3520=CARTESIAN_POINT('',(-27.3672949431845,-5.14819045754778,10.8295349629797));
#3521=CARTESIAN_POINT('',(-26.7544569468159,-4.31667202100696,10.2377078171665));
#3522=CARTESIAN_POINT('',(-25.8562615872721,-2.32308050429396,9.36899604777846));
#3523=CARTESIAN_POINT('',(-25.5937638342415,-1.1925041824786,9.11402067176914));
#3524=CARTESIAN_POINT('',(-25.5937638342415,-7.79914453186148E-7,9.11402067176914));
#3525=CARTESIAN_POINT('',(-25.5937638342415,0.981905377008493,9.11402067176914));
#3526=CARTESIAN_POINT('',(-25.7719978444678,1.92802397114092,9.28708110918848));
#3527=CARTESIAN_POINT('',(-26.4104902393365,3.66186988927904,9.90523387863695));
#3528=CARTESIAN_POINT('',(-26.8566185088781,4.42142885979094,10.3366709536816));
#3529=CARTESIAN_POINT('',(-27.3746001178616,5.06736964235383,10.8344059187257));
#3530=CARTESIAN_POINT('',(-27.4716950685718,5.18845036675963,10.9277056634647));
#3531=CARTESIAN_POINT('',(-27.5713958585268,5.30565271040361,11.0234083917346));
#3532=CARTESIAN_POINT('',(-27.6734103366537,5.41898845021682,11.1211962919723));
#3533=CARTESIAN_POINT('',(-25.5876998600157,5.41898845021682,11.1211950062998));
#3534=CARTESIAN_POINT('',(-25.5876998600156,3.0926742149092,9.11402067176948));
#3535=CARTESIAN_POINT('',(-25.5876998600156,-7.79914450355079E-7,9.11402067177018));
#3536=CARTESIAN_POINT('',(-25.5876998600156,-8.22388139903808,9.11402067177204));
#3537=CARTESIAN_POINT('',(-25.5876998600156,-8.22388139903808,17.2140411876654));
#3538=CARTESIAN_POINT('',(-25.5876998600157,5.17798501348437,17.2140411876617));
#3539=CARTESIAN_POINT('',(-25.5876998600156,5.17798501348434,22.3140411876617));
#3540=CARTESIAN_POINT('',(-25.5876998600156,-7.79914452131436E-7,22.3140411876617));
#3541=CARTESIAN_POINT('',(-25.5876998600156,-5.17798657331329,22.3140411876617));
#3542=CARTESIAN_POINT('',(-25.5876998600156,-5.1779865733133,17.2140411876617));
#3543=CARTESIAN_POINT('',(-25.5876998600156,-5.1779865733133,17.2140411876617));
#3544=CARTESIAN_POINT('',(-41.8415461075113,-5.17798657331333,17.2140411876617));
#3545=CARTESIAN_POINT('',(-41.8415461075113,-5.17798657331333,17.2140411876617));
#3546=CARTESIAN_POINT('',(-41.8415461075113,-5.17798657331333,22.3140411876617));
#3547=CARTESIAN_POINT('',(-41.8415461075113,-7.79914479664967E-7,22.3140411876617));
#3548=CARTESIAN_POINT('',(-41.8415461075113,5.1779850134843,22.3140411876617));
#3549=CARTESIAN_POINT('',(-41.8415461075113,5.17798501348434,17.2140411876617));
#3550=CARTESIAN_POINT('',(-41.8415461075113,5.17798501348434,17.2140411876617));
#3551=CARTESIAN_POINT('',(-25.5876998600157,5.17798501348437,17.2140411876617));
#3552=CARTESIAN_POINT('',(-25.5876998600157,5.41898845021682,11.1211950062998));
#3553=CARTESIAN_POINT('',(-25.5876998600157,5.41898845021682,12.3132392755922));
#3554=CARTESIAN_POINT('',(-25.5876998600157,5.41898845021682,12.3132392755922));
#3555=CARTESIAN_POINT('',(-25.5876998600156,5.41898845021682,23.3068873690235));
#3556=CARTESIAN_POINT('',(-41.8415461075113,5.41898845021682,23.3068873690235));
#3557=CARTESIAN_POINT('',(-41.8415461075113,5.41898845021682,12.3132392755922));
#3558=CARTESIAN_POINT('',(-41.8415461075113,5.41898845021682,12.3132392755922));
#3559=CARTESIAN_POINT('',(-41.8415461075113,5.41898845021682,11.1211950062999));
#3560=CARTESIAN_POINT('',(-28.6264139282608,-6.31918501250366,12.0302181087949));
#3561=CARTESIAN_POINT('',(-28.6264139279655,-6.31918501226684,-15.8859793282308));
#3562=CARTESIAN_POINT('',(-38.7611547724023,6.31918345235794,-8.18676072440779));
#3563=CARTESIAN_POINT('',(-32.7921262802577,11.1057630675392,-8.18676072440779));
#3564=CARTESIAN_POINT('',(-27.6734115974218,5.41898845021682,-8.18676072440779));
#3565=CARTESIAN_POINT('',(-36.8843540870672,3.97874880685219,10.1250963531571));
#3566=CARTESIAN_POINT('',(-36.8843540870672,3.97874880685219,-15.8859793282308));
#3567=CARTESIAN_POINT('',(-30.5032146132009,-3.97875036668112,10.1250963531571));
#3568=CARTESIAN_POINT('',(-31.0114869391897,-4.38633527898978,10.3470190657084));
#3569=CARTESIAN_POINT('',(-31.6039037291344,-4.70104294820792,10.5637753016709));
#3570=CARTESIAN_POINT('',(-32.5787534438053,-4.98824262317439,10.7731162151694));
#3571=CARTESIAN_POINT('',(-32.915970932627,-5.05226622910556,10.8226885150761));
#3572=CARTESIAN_POINT('',(-33.607389689863,-5.11109495050074,10.8682260343758));
#3573=CARTESIAN_POINT('',(-33.9534789402248,-5.10517580706395,10.8635055012286));
#3574=CARTESIAN_POINT('',(-34.9814013569209,-4.98262275472272,10.7691678397083));
#3575=CARTESIAN_POINT('',(-35.6228318013766,-4.76667321584794,10.6026155748488));
#3576=CARTESIAN_POINT('',(-36.4805598310723,-4.28379816796303,10.2971593578059));
#3577=CARTESIAN_POINT('',(-36.7480490687137,-4.09713314899705,10.186911741095));
#3578=CARTESIAN_POINT('',(-37.24174924914,-3.6779117011393,9.96541369055213));
#3579=CARTESIAN_POINT('',(-37.4687659003468,-3.44467622776512,9.85380939849393));
#3580=CARTESIAN_POINT('',(-37.6725339369007,-3.19057051684764,9.74845865393042));
#3581=CARTESIAN_POINT('',(-38.0218527230642,-2.75495804299715,9.56785626488691));
#3582=CARTESIAN_POINT('',(-38.3026657035312,-2.25850803688827,9.40628807165954));
#3583=CARTESIAN_POINT('',(-38.6914956992233,-1.16992149359118,9.17759631431208));
#3584=CARTESIAN_POINT('',(-38.7938023423013,-0.59126013238717,9.11402067176915));
#3585=CARTESIAN_POINT('',(-38.7938023423013,-7.79914508086677E-7,9.11402067176915));
#3586=CARTESIAN_POINT('',(-38.7938023423013,0.393612897304557,9.11402067176915));
#3587=CARTESIAN_POINT('',(-38.7483358924693,0.783386025395536,9.14201373180833));
#3588=CARTESIAN_POINT('',(-38.5706366090069,1.54211297618664,9.24876685191503));
#3589=CARTESIAN_POINT('',(-38.4398699866663,1.90525618902023,9.32661607124935));
#3590=CARTESIAN_POINT('',(-37.9375407891867,2.92862100385283,9.61294719859551));
#3591=CARTESIAN_POINT('',(-37.4610090686016,3.51632766357272,9.87331629123984));
#3592=CARTESIAN_POINT('',(-36.8843540870672,3.97874880685219,10.1250963531571));
#3593=CARTESIAN_POINT('',(-38.5,1.70601054695685,-3.18676072440778));
#3594=CARTESIAN_POINT('',(-38.5,1.70601054695681,-3.08063743998953));
#3595=CARTESIAN_POINT('',(-38.5057007043843,1.69017593181826,-2.97584920864415));
#3596=CARTESIAN_POINT('',(-38.5260407786922,1.63106792232876,-2.78127469245311));
#3597=CARTESIAN_POINT('',(-38.5397707974089,1.59042555968099,-2.69270243742672));
#3598=CARTESIAN_POINT('',(-38.5893501397288,1.43383851209414,-2.43949139759032));
#3599=CARTESIAN_POINT('',(-38.631639283925,1.28735935068242,-2.30048908804062));
#3600=CARTESIAN_POINT('',(-38.7060991100942,0.956492354634557,-2.08839072155093));
#3601=CARTESIAN_POINT('',(-38.7384119422825,0.773497712708147,-2.01351486336299));
#3602=CARTESIAN_POINT('',(-38.7820846647119,0.394621496131431,-1.91561656604875));
#3603=CARTESIAN_POINT('',(-38.7938023423017,0.196726737286139,-1.89196566824233));
#3604=CARTESIAN_POINT('',(-38.7938023423017,-0.196728297116105,-1.89196566824233));
#3605=CARTESIAN_POINT('',(-38.7820846647119,-0.394623055959402,-1.91561656604871));
#3606=CARTESIAN_POINT('',(-38.7384119422823,-0.773499272538305,-2.01351486336352));
#3607=CARTESIAN_POINT('',(-38.7060991100944,-0.956493914462372,-2.08839072155023));
#3608=CARTESIAN_POINT('',(-38.6316392838627,-1.28736091078822,-2.30048908821813));
#3609=CARTESIAN_POINT('',(-38.5893501397819,-1.43384007173894,-2.43949139733998));
#3610=CARTESIAN_POINT('',(-38.5397707973923,-1.59042711954842,-2.69270243753815));
#3611=CARTESIAN_POINT('',(-38.5260407787039,-1.63106948212481,-2.7812746923378));
#3612=CARTESIAN_POINT('',(-38.5057007043849,-1.69017749164662,-2.97584920863458));
#3613=CARTESIAN_POINT('',(-38.5,-1.70601210678578,-3.08063743999846));
#3614=CARTESIAN_POINT('',(-38.5,-1.70601210678577,-3.18676072440778));
#3615=CARTESIAN_POINT('',(-38.5,-1.70601210678577,-3.18676072440778));
#3616=CARTESIAN_POINT('',(-38.5,-1.70601210678578,-3.28829972702829));
#3617=CARTESIAN_POINT('',(-38.5052140363938,-1.69151360685444,-3.38866918648081));
#3618=CARTESIAN_POINT('',(-38.5246385816255,-1.63521230768743,-3.58263169373008));
#3619=CARTESIAN_POINT('',(-38.5386171675063,-1.59398454293653,-3.67435312483267));
#3620=CARTESIAN_POINT('',(-38.5882706606365,-1.43741580782393,-3.92962660380867));
#3621=CARTESIAN_POINT('',(-38.6301903700748,-1.29266706174987,-4.06833543779713));
#3622=CARTESIAN_POINT('',(-38.7043566064239,-0.965292947504598,-4.28069875918957));
#3623=CARTESIAN_POINT('',(-38.7367288011552,-0.784022462485439,-4.35607424171018));
#3624=CARTESIAN_POINT('',(-38.7809445301746,-0.408335697686731,-4.45549853994341));
#3625=CARTESIAN_POINT('',(-38.7931401921421,-0.211979312338275,-4.48017177539894));
#3626=CARTESIAN_POINT('',(-38.7944191856825,0.181461549736322,-4.48284508986786));
#3627=CARTESIAN_POINT('',(-38.7831895686499,0.380888199518729,-4.46023045868612));
#3628=CARTESIAN_POINT('',(-38.740076113664,0.762954976977281,-4.36387892250965));
#3629=CARTESIAN_POINT('',(-38.7078299512793,0.947671828192829,-4.28951098687144));
#3630=CARTESIAN_POINT('',(-38.6331012619683,1.28197454922187,-4.07773801600622));
#3631=CARTESIAN_POINT('',(-38.5904437708416,1.43020908649062,-3.93847292334948));
#3632=CARTESIAN_POINT('',(-38.5403132181949,1.58879428471742,-3.68412240607303));
#3633=CARTESIAN_POINT('',(-38.526411542879,1.62997679746217,-3.59508833718705));
#3634=CARTESIAN_POINT('',(-38.5057889764004,1.68993386198473,-3.39926086078168));
#3635=CARTESIAN_POINT('',(-38.5,1.70601054695681,-3.29369369980824));
#3636=CARTESIAN_POINT('',(-38.5,1.70601054695685,-3.18676072440778));
#3637=CARTESIAN_POINT('',(-38.5,-1.70601210678577,-3.18676072440778));
#3638=CARTESIAN_POINT('',(-38.5,-6.52001791830169,-3.18676072440778));
#3639=CARTESIAN_POINT('',(-38.5,5.41898845021682,-3.18676072440778));
#3640=CARTESIAN_POINT('',(-38.5,1.70601054695685,-3.18676072440778));
#3641=CARTESIAN_POINT('',(-38.5,-6.52001791830169,-3.18676072440778));
#3642=CARTESIAN_POINT('',(-38.5,-6.52001791830169,-3.48781127608118));
#3643=CARTESIAN_POINT('',(-38.5456089869043,-6.4870572861242,-3.78489933287982));
#3644=CARTESIAN_POINT('',(-38.7176546730802,-6.35475016289476,-4.34642078925272));
#3645=CARTESIAN_POINT('',(-38.8414969816061,-6.25700787523462,-4.60317971804229));
#3646=CARTESIAN_POINT('',(-39.138148311871,-6.00061357844178,-5.05607506559281));
#3647=CARTESIAN_POINT('',(-39.3065670366889,-5.84552935885694,-5.24717614275926));
#3648=CARTESIAN_POINT('',(-39.6579367348661,-5.48654632763275,-5.56647710491868));
#3649=CARTESIAN_POINT('',(-39.8379938792446,-5.28557064156215,-5.69241917075474));
#3650=CARTESIAN_POINT('',(-40.0129685824065,-5.06737120218273,-5.79228131789572));
#3651=CARTESIAN_POINT('',(-40.3405775294764,-4.6588316402083,-5.97925539063777));
#3652=CARTESIAN_POINT('',(-40.6445705897158,-4.19537085197133,-6.07372589936187));
#3653=CARTESIAN_POINT('',(-41.148958036194,-3.21473517423265,-6.17724626011579));
#3654=CARTESIAN_POINT('',(-41.3523821210185,-2.69483727342582,-6.18676072440778));
#3655=CARTESIAN_POINT('',(-41.5,-2.16178929539592,-6.18676072440778));
#3656=CARTESIAN_POINT('',(-41.5973586925896,-1.81022717713098,-6.18676072440778));
#3657=CARTESIAN_POINT('',(-41.670893226853,-1.45228232629666,-6.18229434623447));
#3658=CARTESIAN_POINT('',(-41.769162267873,-0.729231821764814,-6.17506793962955));
#3659=CARTESIAN_POINT('',(-41.7938048660266,-0.364952144376844,-6.17233917768946));
#3660=CARTESIAN_POINT('',(-41.7938048660266,0.364950584639512,-6.17233917768946));
#3661=CARTESIAN_POINT('',(-41.7691622678723,0.729230261846084,-6.17506793958738));
#3662=CARTESIAN_POINT('',(-41.6708932268281,1.45228076655543,-6.18229434619322));
#3663=CARTESIAN_POINT('',(-41.5973586926133,1.81022561721654,-6.18676072440778));
#3664=CARTESIAN_POINT('',(-41.5,2.161787735567,-6.18676072440778));
#3665=CARTESIAN_POINT('',(-41.4131827636818,2.47528466830199,-6.18676072440778));
#3666=CARTESIAN_POINT('',(-41.3073546294108,2.78380068298733,-6.18315559825253));
#3667=CARTESIAN_POINT('',(-41.0598075269068,3.38491799117,-6.15689886932067));
#3668=CARTESIAN_POINT('',(-40.9177851105776,3.67809834749836,-6.1342272718407));
#3669=CARTESIAN_POINT('',(-40.6015103591346,4.24248272720334,-6.05371714328832));
#3670=CARTESIAN_POINT('',(-40.4267707467709,4.51404998553128,-5.99567682545327));
#3671=CARTESIAN_POINT('',(-40.0714990033135,5.00180827155346,-5.83143585805251));
#3672=CARTESIAN_POINT('',(-39.8931448107136,5.22006542170234,-5.72997383867693));
#3673=CARTESIAN_POINT('',(-39.714148206488,5.41898845021682,-5.59731504386205));
#3674=CARTESIAN_POINT('',(-39.714148206488,5.41898845021682,-0.7762064049535));
#3675=CARTESIAN_POINT('',(-39.8931448107136,5.22006542170234,-0.643547610138625));
#3676=CARTESIAN_POINT('',(-40.0714990033135,5.00180827155344,-0.542085590763032));
#3677=CARTESIAN_POINT('',(-40.4267707467708,4.51404998553137,-0.377844623362316));
#3678=CARTESIAN_POINT('',(-40.6015103591346,4.24248272720324,-0.319804305527217));
#3679=CARTESIAN_POINT('',(-40.9177851105777,3.67809834749816,-0.239294176974824));
#3680=CARTESIAN_POINT('',(-41.0598075269068,3.38491799117018,-0.216622579494887));
#3681=CARTESIAN_POINT('',(-41.3073546294109,2.7838006829871,-0.190365850563015));
#3682=CARTESIAN_POINT('',(-41.4131827636818,2.47528466830218,-0.186760724407776));
#3683=CARTESIAN_POINT('',(-41.5,2.16178773556698,-0.186760724407776));
#3684=CARTESIAN_POINT('',(-41.5973586926132,1.81022561721694,-0.186760724407776));
#3685=CARTESIAN_POINT('',(-41.6708932268282,1.452280766555,-0.191227102622336));
#3686=CARTESIAN_POINT('',(-41.7691622678723,0.729230261845935,-0.198453509228176));
#3687=CARTESIAN_POINT('',(-41.7938048660266,0.364950584639653,-0.201182271126091));
#3688=CARTESIAN_POINT('',(-41.7938048660266,-0.364952144376843,-0.20118227112609));
#3689=CARTESIAN_POINT('',(-41.769162267873,-0.729231821764814,-0.198453509186005));
#3690=CARTESIAN_POINT('',(-41.670893226853,-1.45228232629672,-0.191227102581085));
#3691=CARTESIAN_POINT('',(-41.5973586925896,-1.81022717713091,-0.186760724407777));
#3692=CARTESIAN_POINT('',(-41.5,-2.16178929539591,-0.186760724407777));
#3693=CARTESIAN_POINT('',(-41.3523821210185,-2.69483727342587,-0.186760724407777));
#3694=CARTESIAN_POINT('',(-41.1489580361941,-3.21473517423258,-0.196275188699759));
#3695=CARTESIAN_POINT('',(-40.6445705897158,-4.1953708519713,-0.299795549453686));
#3696=CARTESIAN_POINT('',(-40.3405775294764,-4.65883164020831,-0.39426605817779));
#3697=CARTESIAN_POINT('',(-40.0129685824065,-5.06737120218273,-0.581240130919837));
#3698=CARTESIAN_POINT('',(-39.8379938791763,-5.28557064164732,-0.681102278099796));
#3699=CARTESIAN_POINT('',(-39.6579367349343,-5.48654632754786,-0.807044343849689));
#3700=CARTESIAN_POINT('',(-39.3065670366346,-5.84552935889868,-1.1263453061232));
#3701=CARTESIAN_POINT('',(-39.1381483119194,-6.00061357839996,-1.31744638314888));
#3702=CARTESIAN_POINT('',(-38.8414969816056,-6.25700787523509,-1.77034173077409));
#3703=CARTESIAN_POINT('',(-38.7176546730806,-6.35475016289426,-2.02710065956191));
#3704=CARTESIAN_POINT('',(-38.5456089869042,-6.48705728612412,-2.58862211593662));
#3705=CARTESIAN_POINT('',(-38.5,-6.52001791830169,-2.88571017273348));
#3706=CARTESIAN_POINT('',(-38.5,-6.52001791830169,-3.18676072440778));
#3707=CARTESIAN_POINT('',(-25.5876998600157,5.17798501348437,17.2140411876617));
#3708=CARTESIAN_POINT('',(-25.5876998600156,5.17798501348438,12.1140411876617));
#3709=CARTESIAN_POINT('',(-25.5876998600156,-7.79914452131436E-7,12.1140411876617));
#3710=CARTESIAN_POINT('',(-25.5876998600156,-5.17798657331327,12.1140411876617));
#3711=CARTESIAN_POINT('',(-25.5876998600156,-5.1779865733133,17.2140411876617));
#3712=CARTESIAN_POINT('',(-41.8415461075113,-5.17798657331333,17.2140411876617));
#3713=CARTESIAN_POINT('',(-41.8415461075113,-5.17798657331331,12.1140411876617));
#3714=CARTESIAN_POINT('',(-41.8415461075113,-7.79914479664967E-7,12.1140411876617));
#3715=CARTESIAN_POINT('',(-41.8415461075113,5.17798501348434,12.1140411876617));
#3716=CARTESIAN_POINT('',(-41.8415461075113,5.17798501348434,17.2140411876617));
#3717=CARTESIAN_POINT('',(-39.7141434162025,5.41898845021682,11.1212512379181));
#3718=CARTESIAN_POINT('',(-40.2461768492274,4.8279118801256,10.6113535675611));
#3719=CARTESIAN_POINT('',(-40.7174439623947,4.1294907184337,10.1561438437297));
#3720=CARTESIAN_POINT('',(-41.531307112996,2.32307894446503,9.36899604777846));
#3721=CARTESIAN_POINT('',(-41.7938048660266,1.1925026226498,9.11402067176918));
#3722=CARTESIAN_POINT('',(-41.7938048660266,-7.79914480553145E-7,9.11402067176916));
#3723=CARTESIAN_POINT('',(-41.7938048660266,-0.98190693683754,9.11402067176918));
#3724=CARTESIAN_POINT('',(-41.6155708558003,-1.92802553096977,9.28708110918846));
#3725=CARTESIAN_POINT('',(-40.9770784609317,-3.66187144910769,9.90523387863687));
#3726=CARTESIAN_POINT('',(-40.5309501913899,-4.42143041961999,10.3366709536816));
#3727=CARTESIAN_POINT('',(-40.0129685824065,-5.06737120218276,10.8344059187257));
#3728=CARTESIAN_POINT('',(-39.7978514104392,-5.33562967312722,11.0411146825361));
#3729=CARTESIAN_POINT('',(-39.5699432387719,-5.58485075821773,11.2596187102653));
#3730=CARTESIAN_POINT('',(-39.3324212544825,-5.81516253336543,11.4864617531239));
#3731=CARTESIAN_POINT('',(-38.9844487748511,-6.15257197243779,11.8187894589015));
#3732=CARTESIAN_POINT('',(-38.6147449722398,-6.45053342246923,12.1701781216654));
#3733=CARTESIAN_POINT('',(-37.8468264636635,-6.96974398437443,12.8919142344179));
#3734=CARTESIAN_POINT('',(-37.446512040384,-7.19252620968596,13.2646035069221));
#3735=CARTESIAN_POINT('',(-36.8273052630687,-7.47280770579133,13.8257537233542));
#3736=CARTESIAN_POINT('',(-36.6165495314325,-7.55774048736772,14.0141982995132));
#3737=CARTESIAN_POINT('',(-36.188815559322,-7.70950745728312,14.3872133805289));
#3738=CARTESIAN_POINT('',(-35.9686880413517,-7.77743446009189,14.5746857051222));
#3739=CARTESIAN_POINT('',(-35.5237819351024,-7.89391416337956,14.9348384945103));
#3740=CARTESIAN_POINT('',(-35.2861885895283,-7.94563081348034,15.1182189656149));
#3741=CARTESIAN_POINT('',(-34.8120795878528,-8.02601577554382,15.4402428407986));
#3742=CARTESIAN_POINT('',(-34.544941301687,-8.05974236121526,15.6005392733476));
#3743=CARTESIAN_POINT('',(-33.9576287740592,-8.10195000633014,15.8192169181306));
#3744=CARTESIAN_POINT('',(-33.657170848414,-8.10664382711406,15.8487335793901));
#3745=CARTESIAN_POINT('',(-33.0245818531221,-8.07803668085342,15.6934506173));
#3746=CARTESIAN_POINT('',(-32.7295662292093,-8.04665549029782,15.5328926958703));
#3747=CARTESIAN_POINT('',(-32.2207897451859,-7.9690063014603,15.2062679684114));
#3748=CARTESIAN_POINT('',(-31.9698087725579,-7.9180009403699,15.0170394615407));
#3749=CARTESIAN_POINT('',(-31.5052787270245,-7.80249143370717,14.647050227268));
#3750=CARTESIAN_POINT('',(-31.2746891372932,-7.73393815301919,14.4522109658352));
#3751=CARTESIAN_POINT('',(-30.6186653312977,-7.5076061046757,13.8832506501739));
#3752=CARTESIAN_POINT('',(-30.1981949149616,-7.32142062507527,13.4996448073848));
#3753=CARTESIAN_POINT('',(-29.3903222475055,-6.87774024818846,12.7520958520366));
#3754=CARTESIAN_POINT('',(-28.9989682014657,-6.61793726201797,12.38351569762));
#3755=CARTESIAN_POINT('',(-28.6264139282608,-6.31918501250366,12.0302181087949));
#3756=CARTESIAN_POINT('',(-39.7141571028463,5.41898845021682,-8.18676072440779));
#3757=CARTESIAN_POINT('',(-39.2741985878775,5.90777227010614,-8.18676072440778));
#3758=CARTESIAN_POINT('',(-38.7611547724023,6.31918345235794,-8.18676072440779));
#3759=CARTESIAN_POINT('',(-36.8843540870672,3.97874880685219,10.1250963531571));
#3760=CARTESIAN_POINT('',(-36.376081761078,4.38633371916122,10.3470190657086));
#3761=CARTESIAN_POINT('',(-35.7836649711343,4.70104138837888,10.5637753016707));
#3762=CARTESIAN_POINT('',(-34.8088152564636,4.98824106334532,10.7731162151692));
#3763=CARTESIAN_POINT('',(-34.4715977676404,5.05226466927677,10.8226885150762));
#3764=CARTESIAN_POINT('',(-33.7801790104061,5.1110933906718,10.8682260343758));
#3765=CARTESIAN_POINT('',(-33.4340897600424,5.10517424723499,10.8635055012286));
#3766=CARTESIAN_POINT('',(-32.4061673433476,4.9826211948939,10.7691678397084));
#3767=CARTESIAN_POINT('',(-31.7647368988912,4.76667165601886,10.6026155748487));
#3768=CARTESIAN_POINT('',(-30.9070088691956,4.28379660813399,10.2971593578058));
#3769=CARTESIAN_POINT('',(-30.6395196315546,4.09713158916824,10.1869117410951));
#3770=CARTESIAN_POINT('',(-30.1458194511273,3.67791014130966,9.96541369055179));
#3771=CARTESIAN_POINT('',(-29.918802799922,3.44467466793702,9.85380939849427));
#3772=CARTESIAN_POINT('',(-29.7150347633674,3.19056895701871,9.74845865393042));
#3773=CARTESIAN_POINT('',(-29.3657159772038,2.75495648316819,9.56785626488689));
#3774=CARTESIAN_POINT('',(-29.0849029967369,2.25850647705931,9.40628807165952));
#3775=CARTESIAN_POINT('',(-28.6960730010448,1.16991993376219,9.17759631431208));
#3776=CARTESIAN_POINT('',(-28.5937663579668,0.591258572558296,9.11402067176916));
#3777=CARTESIAN_POINT('',(-28.5937663579668,-7.79914451243258E-7,9.11402067176916));
#3778=CARTESIAN_POINT('',(-28.5937663579668,-0.393614457133602,9.11402067176916));
#3779=CARTESIAN_POINT('',(-28.6392328077988,-0.783387585224524,9.14201373180835));
#3780=CARTESIAN_POINT('',(-28.8169320912613,-1.54211453601591,9.2487668519151));
#3781=CARTESIAN_POINT('',(-28.9476987136017,-1.90525774884902,9.3266160712493));
#3782=CARTESIAN_POINT('',(-29.4500279110814,-2.92862256368156,9.61294719859547));
#3783=CARTESIAN_POINT('',(-29.9265596316666,-3.51632922340176,9.87331629123988));
#3784=CARTESIAN_POINT('',(-30.5032146132009,-3.97875036668112,10.1250963531571));
#3785=CARTESIAN_POINT('',(-32.193784350134,-7.79914448556008E-7,9.11402067176916));
#3786=CARTESIAN_POINT('',(-32.193784350134,0.197528194501208,9.11402067176916));
#3787=CARTESIAN_POINT('',(-32.2327581718074,0.392745045107046,9.12126639028974));
#3788=CARTESIAN_POINT('',(-32.3837502940372,0.756699001759561,9.1463827429381));
#3789=CARTESIAN_POINT('',(-32.4941903352391,0.921728938331827,9.16387409801515));
#3790=CARTESIAN_POINT('',(-32.7720803278329,1.19961215153396,9.19947154970249));
#3791=CARTESIAN_POINT('',(-32.9371084272979,1.31004479333427,9.21709772110899));
#3792=CARTESIAN_POINT('',(-33.3010441635872,1.46102611720922,9.24251423549792));
#3793=CARTESIAN_POINT('',(-33.4962497146895,1.49999922008555,9.24989675088383));
#3794=CARTESIAN_POINT('',(-33.693784350134,1.49999922008555,9.24989675088383));
#3795=CARTESIAN_POINT('',(-33.8913189855786,1.49999922008555,9.24989675088383));
#3796=CARTESIAN_POINT('',(-34.0865245366808,1.46102611720922,9.24251423549792));
#3797=CARTESIAN_POINT('',(-34.4504602729702,1.31004479333425,9.21709772110899));
#3798=CARTESIAN_POINT('',(-34.6154883724351,1.19961215153398,9.19947154970249));
#3799=CARTESIAN_POINT('',(-34.8933783650289,0.921728938331868,9.16387409801516));
#3800=CARTESIAN_POINT('',(-35.0038184062308,0.756699001759512,9.1463827429381));
#3801=CARTESIAN_POINT('',(-35.1548105284607,0.39274504510709,9.12126639028974));
#3802=CARTESIAN_POINT('',(-35.193784350134,0.197528194501158,9.11402067176916));
#3803=CARTESIAN_POINT('',(-35.193784350134,-7.79914457582034E-7,9.11402067176916));
#3804=CARTESIAN_POINT('',(-32.193784350134,-7.79914448556008E-7,12.1140411876617));
#3805=CARTESIAN_POINT('',(-32.193784350134,-7.79914448556008E-7,9.11402067176916));
#3806=CARTESIAN_POINT('',(-35.193784350134,-7.79914457582034E-7,12.1140411876617));
#3807=CARTESIAN_POINT('',(-35.193784350134,0.198424950153358,12.1140411876617));
#3808=CARTESIAN_POINT('',(-35.1545104242082,0.393926005475918,12.1256195312551));
#3809=CARTESIAN_POINT('',(-35.0031760617843,0.757787502163465,12.1657371907668));
#3810=CARTESIAN_POINT('',(-34.8928100010502,0.922316357899544,12.1936660941389));
#3811=CARTESIAN_POINT('',(-34.6159306854529,1.19915077304494,12.2507336983483));
#3812=CARTESIAN_POINT('',(-34.4514142919337,1.30946768933322,12.2792142088762));
#3813=CARTESIAN_POINT('',(-34.0876754377497,1.46072921093615,12.3205714448249));
#3814=CARTESIAN_POINT('',(-33.8922468183074,1.49999922008555,12.332723307009));
#3815=CARTESIAN_POINT('',(-33.693784350134,1.49999922008555,12.332723307009));
#3816=CARTESIAN_POINT('',(-33.4953690452043,1.49999922008555,12.332723307009));
#3817=CARTESIAN_POINT('',(-33.2999373609958,1.46074754937518,12.3205764588373));
#3818=CARTESIAN_POINT('',(-32.9361229109284,1.30945459107469,12.2792106276101));
#3819=CARTESIAN_POINT('',(-32.771613646524,1.19912640870547,12.2507286757991));
#3820=CARTESIAN_POINT('',(-32.4947835896359,0.922341244281221,12.1936712243038));
#3821=CARTESIAN_POINT('',(-32.3844060110911,0.75781965465578,12.1657407357495));
#3822=CARTESIAN_POINT('',(-32.233040258952,0.393882685956723,12.1256147550483));
#3823=CARTESIAN_POINT('',(-32.193784350134,0.19837839068738,12.1140411876617));
#3824=CARTESIAN_POINT('',(-32.193784350134,-7.79914448556008E-7,12.1140411876617));
#3825=CARTESIAN_POINT('',(-35.193784350134,-7.79914457582034E-7,9.11402067176916));
#3826=CARTESIAN_POINT('',(-35.193784350134,-7.79914457582034E-7,12.1140411876617));
#3827=CARTESIAN_POINT('',(-30.693784350134,-7.79914447511623E-7,28.4009992320953));
#3828=CARTESIAN_POINT('',(-30.693784350134,2.99999922008555,28.4009992320953));
#3829=CARTESIAN_POINT('',(-33.693784350134,2.99999922008555,28.4009992320953));
#3830=CARTESIAN_POINT('',(-36.693784350134,2.99999922008555,28.4009992320953));
#3831=CARTESIAN_POINT('',(-36.693784350134,-7.7991444688696E-7,28.4009992320953));
#3832=CARTESIAN_POINT('',(-30.693784350134,-7.79914446954448E-7,31.7971463645152));
#3833=CARTESIAN_POINT('',(-30.693784350134,-7.79914447511623E-7,28.4009992320953));
#3834=CARTESIAN_POINT('',(-36.693784350134,-7.7991444688696E-7,28.4009992320953));
#3835=CARTESIAN_POINT('',(-36.693784350134,-7.7991444856334E-7,31.7971463645152));
#3836=CARTESIAN_POINT('',(-32.193784350134,-7.79914445308532E-7,22.3140411876617));
#3837=CARTESIAN_POINT('',(-32.193784350134,0.198378390687498,22.3140411876617));
#3838=CARTESIAN_POINT('',(-32.233040258952,0.393882685956594,22.302467620275));
#3839=CARTESIAN_POINT('',(-32.3844060110911,0.757819654655792,22.2623416395739));
#3840=CARTESIAN_POINT('',(-32.4947835896359,0.92234124428119,22.2344111510197));
#3841=CARTESIAN_POINT('',(-32.7716136465239,1.19912640870543,22.1773536995243));
#3842=CARTESIAN_POINT('',(-32.9361229109284,1.30945459107471,22.1488717477133));
#3843=CARTESIAN_POINT('',(-33.2999373609958,1.46074754937518,22.1075059164861));
#3844=CARTESIAN_POINT('',(-33.4953690452043,1.49999922008555,22.0953590683144));
#3845=CARTESIAN_POINT('',(-33.693784350134,1.49999922008555,22.0953590683144));
#3846=CARTESIAN_POINT('',(-33.8922468183074,1.49999922008555,22.0953590683144));
#3847=CARTESIAN_POINT('',(-34.0876754377497,1.46072921093614,22.1075109304985));
#3848=CARTESIAN_POINT('',(-34.4514142919337,1.30946768933323,22.1488681664472));
#3849=CARTESIAN_POINT('',(-34.6159306854529,1.19915077304493,22.1773486769751));
#3850=CARTESIAN_POINT('',(-34.8928100010502,0.922316357899505,22.2344162811845));
#3851=CARTESIAN_POINT('',(-35.0031760617843,0.757787502163522,22.2623451845566));
#3852=CARTESIAN_POINT('',(-35.1545104242082,0.393926005475915,22.3024628440683));
#3853=CARTESIAN_POINT('',(-35.193784350134,0.198424950153365,22.3140411876617));
#3854=CARTESIAN_POINT('',(-35.193784350134,-7.79914457582034E-7,22.3140411876617));
#3855=CARTESIAN_POINT('',(-35.193784350134,-7.79914447053356E-7,28.4009992320953));
#3856=CARTESIAN_POINT('',(-35.193784350134,1.49999922008555,28.4009992320953));
#3857=CARTESIAN_POINT('',(-33.693784350134,1.49999922008555,28.4009992320953));
#3858=CARTESIAN_POINT('',(-32.193784350134,1.49999922008555,28.4009992320953));
#3859=CARTESIAN_POINT('',(-32.193784350134,-7.79914446365065E-7,28.4009992320953));
#3860=CARTESIAN_POINT('',(-35.193784350134,-7.79914457582034E-7,22.3140411876617));
#3861=CARTESIAN_POINT('',(-35.193784350134,-7.79914447053356E-7,28.4009992320953));
#3862=CARTESIAN_POINT('',(-44.1867643085529,12.3789126586817,-8.18676072440778));
#3863=CARTESIAN_POINT('',(-44.1867643085529,10.9189885312955,-8.18676072440778));
#3864=CARTESIAN_POINT('',(-44.1867643085529,9.41898845021682,-8.18676072440778));
#3865=CARTESIAN_POINT('',(-44.1867643085529,8.37891265868172,-8.18676072440778));
#3866=CARTESIAN_POINT('',(-44.1867643085529,8.37891265868172,-8.18676072440778));
#3867=CARTESIAN_POINT('',(-47.2848215651583,8.37891265868172,-8.18676072440778));
#3868=CARTESIAN_POINT('',(-47.2848215651583,8.37891265868172,-3.14179278623138));
#3869=CARTESIAN_POINT('',(-47.2848215651583,8.37891265868172,-3.14179278623138));
#3870=CARTESIAN_POINT('',(-47.2848215651583,9.41898845021682,-3.14179278623138));
#3871=CARTESIAN_POINT('',(-47.2848215651583,12.3789126586817,-3.14179278623138));
#3872=CARTESIAN_POINT('',(-47.2848215651583,12.3789126586817,-8.18676072440778));
#3873=CARTESIAN_POINT('',(-44.1867643085529,12.3789126586817,-8.18676072440778));
#3874=CARTESIAN_POINT('',(-47.2848215651583,10.9189885312955,-3.14179278623138));
#3875=CARTESIAN_POINT('',(-47.2848215651583,12.3789126586817,-3.14179278623138));
#3876=CARTESIAN_POINT('',(-47.2848215651583,9.41898845021682,-3.14179278623138));
#3877=CARTESIAN_POINT('',(-47.2848215651583,10.9189885312955,-3.14179278623138));
#3878=CARTESIAN_POINT('',(-39.75,8.37891265868172,-3.18676072440778));
#3879=CARTESIAN_POINT('',(-39.75,8.37891265868172,-4.93676072440778));
#3880=CARTESIAN_POINT('',(-41.5,8.37891265868172,-4.93676072440778));
#3881=CARTESIAN_POINT('',(-43.25,8.37891265868172,-4.93676072440778));
#3882=CARTESIAN_POINT('',(-43.25,8.37891265868172,-3.18676072440778));
#3883=CARTESIAN_POINT('',(-39.75,12.3789126586817,-3.18676072440778));
#3884=CARTESIAN_POINT('',(-39.75,10.9189885312955,-3.18676072440778));
#3885=CARTESIAN_POINT('',(-39.75,9.41898845021682,-3.18676072440778));
#3886=CARTESIAN_POINT('',(-39.75,8.37891265868172,-3.18676072440778));
#3887=CARTESIAN_POINT('',(-43.25,12.3789126586817,-3.18676072440778));
#3888=CARTESIAN_POINT('',(-43.25,12.3789126586817,-4.93676072440778));
#3889=CARTESIAN_POINT('',(-41.5,12.3789126586817,-4.93676072440778));
#3890=CARTESIAN_POINT('',(-39.75,12.3789126586817,-4.93676072440778));
#3891=CARTESIAN_POINT('',(-39.75,12.3789126586817,-3.18676072440778));
#3892=CARTESIAN_POINT('',(-43.25,8.37891265868172,-3.18676072440778));
#3893=CARTESIAN_POINT('',(-43.25,9.41898845021682,-3.18676072440778));
#3894=CARTESIAN_POINT('',(-43.25,10.9189885312955,-3.18676072440778));
#3895=CARTESIAN_POINT('',(-43.25,12.3789126586817,-3.18676072440778));
#3896=CARTESIAN_POINT('',(4.18954059314876,9.41898845021682,12.3132392755922));
#3897=CARTESIAN_POINT('',(47.2848215651583,9.41898845021682,12.3132392755922));
#3898=CARTESIAN_POINT('',(47.2848215651583,9.41898845021682,12.3132392755922));
#3899=CARTESIAN_POINT('',(47.2848215651583,9.41898845021682,6.38978646974862));
#3900=CARTESIAN_POINT('',(47.2848215651583,9.41898845021682,0.466333663905004));
#3901=CARTESIAN_POINT('',(-47.2848215651583,9.41898845021682,12.3132392755922));
#3902=CARTESIAN_POINT('',(-4.18954059314876,9.41898845021682,12.3132392755922));
#3903=CARTESIAN_POINT('',(-47.2848215651583,9.41898845021682,-0.233666336094992));
#3904=CARTESIAN_POINT('',(-47.2848215651583,9.41898845021682,-1.68772956116319));
#3905=CARTESIAN_POINT('',(-47.2848215651583,9.41898845021682,-3.14179278623138));
#3906=CARTESIAN_POINT('',(-47.2848215651583,8.37891265868172,-3.14179278623138));
#3907=CARTESIAN_POINT('',(-47.2848215651583,5.41898845021682,-3.14179278623138));
#3908=CARTESIAN_POINT('',(-47.2848215651583,5.41898845021682,-3.14179278623138));
#3909=CARTESIAN_POINT('',(-47.2848215651583,5.41898845021682,4.58572324468042));
#3910=CARTESIAN_POINT('',(-47.2848215651583,5.41898845021682,12.3132392755922));
#3911=CARTESIAN_POINT('',(-47.2848215651583,5.41898845021682,12.3132392755922));
#3912=CARTESIAN_POINT('',(-47.2848215651583,9.41898845021682,12.3132392755922));
#3913=CARTESIAN_POINT('',(47.2848215651583,8.37891265868172,-3.14179278623136));
#3914=CARTESIAN_POINT('',(47.2848215651583,9.41898845021682,-3.14179278623136));
#3915=CARTESIAN_POINT('',(47.2848215651583,9.41898845021682,-3.14179278623136));
#3916=CARTESIAN_POINT('',(47.2848215651583,9.41898845021682,-1.68772956116317));
#3917=CARTESIAN_POINT('',(47.2848215651583,9.41898845021682,-0.23366633609499));
#3918=CARTESIAN_POINT('',(47.2848215651583,9.41898845021682,12.3132392755922));
#3919=CARTESIAN_POINT('',(47.2848215651583,5.41898845021682,12.3132392755922));
#3920=CARTESIAN_POINT('',(47.2848215651583,5.41898845021682,12.3132392755922));
#3921=CARTESIAN_POINT('',(47.2848215651583,5.41898845021682,4.58572324468043));
#3922=CARTESIAN_POINT('',(47.2848215651583,5.41898845021682,-3.14179278623136));
#3923=CARTESIAN_POINT('',(47.2848215651583,5.41898845021682,-3.14179278623136));
#3924=CARTESIAN_POINT('',(47.2848215651583,8.37891265868172,-3.14179278623136));
#3925=CARTESIAN_POINT('',(-41.8415461075113,5.41898845021682,11.1211950062999));
#3926=CARTESIAN_POINT('',(-39.7141434162025,5.41898845021682,11.1212512379181));
#3927=CARTESIAN_POINT('',(-41.8415461075113,5.41898845021682,12.3132392755922));
#3928=CARTESIAN_POINT('',(-47.2848215651583,5.41898845021682,12.3132392755922));
#3929=CARTESIAN_POINT('',(-44.1867643085529,5.41898845021682,-8.18676072440778));
#3930=CARTESIAN_POINT('',(-41.9504607056996,5.41898845021682,-8.18676072440778));
#3931=CARTESIAN_POINT('',(-39.7141571028463,5.41898845021682,-8.18676072440779));
#3932=CARTESIAN_POINT('',(-39.714148206488,5.41898845021682,-5.59731504386205));
#3933=CARTESIAN_POINT('',(-39.7141571028463,5.41898845021682,-8.18676072440779));
#3934=CARTESIAN_POINT('',(-39.714148206488,5.41898845021682,-5.59731504386205));
#3935=CARTESIAN_POINT('',(-38.5,5.41898845021683,-4.69780902055381));
#3936=CARTESIAN_POINT('',(-38.5,5.41898845021682,-3.18676072440778));
#3937=CARTESIAN_POINT('',(-38.5,5.41898845021682,-3.18676072440778));
#3938=CARTESIAN_POINT('',(-38.5,5.41898845021682,-1.67571242826173));
#3939=CARTESIAN_POINT('',(-39.714148206488,5.41898845021682,-0.7762064049535));
#3940=CARTESIAN_POINT('',(-39.714148206488,5.41898845021682,-0.7762064049535));
#3941=CARTESIAN_POINT('',(-39.7141434162025,5.41898845021682,11.1212512379181));
#3942=CARTESIAN_POINT('',(-47.2848215651583,9.41898845021682,12.3132392755922));
#3943=CARTESIAN_POINT('',(-47.2848215651583,9.41898845021682,20.040755306504));
#3944=CARTESIAN_POINT('',(-47.2848215651583,9.41898845021682,27.7682713374158));
#3945=CARTESIAN_POINT('',(-44.1867643085529,9.41898845021682,32.8132392755922));
#3946=CARTESIAN_POINT('',(-24.3686304147649,9.41898845021682,32.8132392755922));
#3947=CARTESIAN_POINT('',(-4.550496520977,9.41898845021682,32.8132392755922));
#3948=CARTESIAN_POINT('',(-4.550496520977,9.41898845021682,32.8132392755922));
#3949=CARTESIAN_POINT('',(-4.550496520977,9.41898845021682,23.1900360533553));
#3950=CARTESIAN_POINT('',(-4.550496520977,9.41898845021682,13.5668328311183));
#3951=CARTESIAN_POINT('',(-47.2848215651583,5.41898845021682,12.3132392755922));
#3952=CARTESIAN_POINT('',(-47.2848215651583,5.41898845021682,20.040755306504));
#3953=CARTESIAN_POINT('',(-47.2848215651583,5.41898845021682,27.7682713374158));
#3954=CARTESIAN_POINT('',(-47.2848215651583,5.41898845021682,27.7682713374158));
#3955=CARTESIAN_POINT('',(-47.2848215651583,9.41898845021682,27.7682713374158));
#3956=CARTESIAN_POINT('',(-47.2848215651583,9.41898845021682,27.7682713374158));
#3957=CARTESIAN_POINT('',(-47.2848215651583,9.41898845021682,32.8132392755922));
#3958=CARTESIAN_POINT('',(-44.1867643085529,9.41898845021682,32.8132392755922));
#3959=CARTESIAN_POINT('',(-47.2848215651583,5.41898845021682,27.7682713374158));
#3960=CARTESIAN_POINT('',(-47.2848215651583,5.41898845021682,32.8132392755922));
#3961=CARTESIAN_POINT('',(-44.1867643085529,5.41898845021682,32.8132392755922));
#3962=CARTESIAN_POINT('',(-44.1867643085529,5.41898845021682,32.8132392755922));
#3963=CARTESIAN_POINT('',(-44.1867643085529,9.41898845021682,32.8132392755922));
#3964=CARTESIAN_POINT('',(4.550496520977,9.41898845021682,32.8132392755922));
#3965=CARTESIAN_POINT('',(4.550496520977,5.41898845021682,32.8132392755922));
#3966=CARTESIAN_POINT('',(4.550496520977,5.41898845021682,32.8132392755922));
#3967=CARTESIAN_POINT('',(15.0690981904963,5.41898845021682,32.8132392755922));
#3968=CARTESIAN_POINT('',(25.5876998600156,5.41898845021682,32.8132392755922));
#3969=CARTESIAN_POINT('',(41.8415461075113,5.41898845021682,32.8132392755922));
#3970=CARTESIAN_POINT('',(43.0141552080321,5.41898845021682,32.8132392755922));
#3971=CARTESIAN_POINT('',(44.1867643085529,5.41898845021682,32.8132392755922));
#3972=CARTESIAN_POINT('',(44.1867643085529,5.41898845021682,32.8132392755922));
#3973=CARTESIAN_POINT('',(44.1867643085529,9.41898845021682,32.8132392755922));
#3974=CARTESIAN_POINT('',(44.1867643085529,9.41898845021682,32.8132392755922));
#3975=CARTESIAN_POINT('',(24.3686304147649,9.41898845021682,32.8132392755922));
#3976=CARTESIAN_POINT('',(4.550496520977,9.41898845021682,32.8132392755922));
#3977=CARTESIAN_POINT('',(47.2848215651583,9.41898845021682,27.7682713374158));
#3978=CARTESIAN_POINT('',(47.2848215651583,9.41898845021682,32.8132392755922));
#3979=CARTESIAN_POINT('',(44.1867643085529,9.41898845021682,32.8132392755922));
#3980=CARTESIAN_POINT('',(44.1867643085529,5.41898845021682,32.8132392755922));
#3981=CARTESIAN_POINT('',(47.2848215651583,5.41898845021682,32.8132392755922));
#3982=CARTESIAN_POINT('',(47.2848215651583,5.41898845021682,27.7682713374158));
#3983=CARTESIAN_POINT('',(47.2848215651583,5.41898845021682,27.7682713374158));
#3984=CARTESIAN_POINT('',(47.2848215651583,9.41898845021682,27.7682713374158));
#3985=CARTESIAN_POINT('',(47.2848215651583,9.41898845021682,12.3132392755922));
#3986=CARTESIAN_POINT('',(47.2848215651583,9.41898845021682,20.040755306504));
#3987=CARTESIAN_POINT('',(47.2848215651583,9.41898845021682,27.7682713374158));
#3988=CARTESIAN_POINT('',(47.2848215651583,5.41898845021682,27.7682713374158));
#3989=CARTESIAN_POINT('',(47.2848215651583,5.41898845021682,20.040755306504));
#3990=CARTESIAN_POINT('',(47.2848215651583,5.41898845021682,12.3132392755922));
#3991=CARTESIAN_POINT('',(39.75,9.41898845021682,27.8132392755922));
#3992=CARTESIAN_POINT('',(39.75,9.41898845021682,26.0632392755922));
#3993=CARTESIAN_POINT('',(41.5,9.41898845021682,26.0632392755922));
#3994=CARTESIAN_POINT('',(43.25,9.41898845021682,26.0632392755922));
#3995=CARTESIAN_POINT('',(43.25,9.41898845021682,27.8132392755922));
#3996=CARTESIAN_POINT('',(39.75,5.41898845021682,27.8132392755922));
#3997=CARTESIAN_POINT('',(39.75,9.41898845021682,27.8132392755922));
#3998=CARTESIAN_POINT('',(41.8415461075113,5.41898845021682,26.096892499313));
#3999=CARTESIAN_POINT('',(41.0297323080965,5.41898845021682,25.9353448173142));
#4000=CARTESIAN_POINT('',(40.3898661540482,5.41898845021682,26.4604263380164));
#4001=CARTESIAN_POINT('',(39.75,5.41898845021682,26.9855078587187));
#4002=CARTESIAN_POINT('',(39.75,5.41898845021682,27.8132392755922));
#4003=CARTESIAN_POINT('',(43.25,5.41898845021682,27.8132392755922));
#4004=CARTESIAN_POINT('',(43.25,5.41898845021682,26.3771691609044));
#4005=CARTESIAN_POINT('',(41.8415461075113,5.41898845021682,26.096892499313));
#4006=CARTESIAN_POINT('',(43.25,9.41898845021682,27.8132392755922));
#4007=CARTESIAN_POINT('',(43.25,5.41898845021682,27.8132392755922));
#4008=CARTESIAN_POINT('',(43.25,9.41898845021682,27.8132392755922));
#4009=CARTESIAN_POINT('',(43.25,9.41898845021682,29.5632392755922));
#4010=CARTESIAN_POINT('',(41.5,9.41898845021682,29.5632392755922));
#4011=CARTESIAN_POINT('',(39.75,9.41898845021682,29.5632392755922));
#4012=CARTESIAN_POINT('',(39.75,9.41898845021682,27.8132392755922));
#4013=CARTESIAN_POINT('',(41.8415461075113,5.41898845021682,29.5295860518714));
#4014=CARTESIAN_POINT('',(43.25,5.41898845021682,29.24930939028));
#4015=CARTESIAN_POINT('',(43.25,5.41898845021682,27.8132392755922));
#4016=CARTESIAN_POINT('',(39.75,5.41898845021682,27.8132392755922));
#4017=CARTESIAN_POINT('',(39.75,5.41898845021682,28.6409706924657));
#4018=CARTESIAN_POINT('',(40.3898661540483,5.41898845021682,29.166052213168));
#4019=CARTESIAN_POINT('',(41.0297323080965,5.41898845021682,29.6911337338702));
#4020=CARTESIAN_POINT('',(41.8415461075113,5.41898845021682,29.5295860518714));
#4021=CARTESIAN_POINT('',(-43.25,9.41898845021682,27.8132392755922));
#4022=CARTESIAN_POINT('',(-43.25,9.41898845021682,26.0632392755922));
#4023=CARTESIAN_POINT('',(-41.5,9.41898845021682,26.0632392755922));
#4024=CARTESIAN_POINT('',(-39.75,9.41898845021682,26.0632392755922));
#4025=CARTESIAN_POINT('',(-39.75,9.41898845021682,27.8132392755922));
#4026=CARTESIAN_POINT('',(-43.25,5.41898845021682,27.8132392755922));
#4027=CARTESIAN_POINT('',(-43.25,9.41898845021682,27.8132392755922));
#4028=CARTESIAN_POINT('',(-41.8415461075113,5.41898845021682,26.096892499313));
#4029=CARTESIAN_POINT('',(-43.25,5.41898845021682,26.3771691609044));
#4030=CARTESIAN_POINT('',(-43.25,5.41898845021682,27.8132392755922));
#4031=CARTESIAN_POINT('',(-39.75,5.41898845021682,27.8132392755922));
#4032=CARTESIAN_POINT('',(-39.75,5.41898845021682,26.9855078587187));
#4033=CARTESIAN_POINT('',(-40.3898661540483,5.41898845021682,26.4604263380164));
#4034=CARTESIAN_POINT('',(-41.0297323080965,5.41898845021683,25.9353448173142));
#4035=CARTESIAN_POINT('',(-41.8415461075113,5.41898845021682,26.096892499313));
#4036=CARTESIAN_POINT('',(-39.75,9.41898845021682,27.8132392755922));
#4037=CARTESIAN_POINT('',(-39.75,5.41898845021682,27.8132392755922));
#4038=CARTESIAN_POINT('',(-39.75,9.41898845021682,27.8132392755922));
#4039=CARTESIAN_POINT('',(-39.75,9.41898845021682,29.5632392755922));
#4040=CARTESIAN_POINT('',(-41.5,9.41898845021682,29.5632392755922));
#4041=CARTESIAN_POINT('',(-43.25,9.41898845021682,29.5632392755922));
#4042=CARTESIAN_POINT('',(-43.25,9.41898845021682,27.8132392755922));
#4043=CARTESIAN_POINT('',(-41.8415461075113,5.41898845021682,29.5295860518714));
#4044=CARTESIAN_POINT('',(-41.0297323080965,5.41898845021682,29.6911337338702));
#4045=CARTESIAN_POINT('',(-40.3898661540483,5.41898845021682,29.166052213168));
#4046=CARTESIAN_POINT('',(-39.75,5.41898845021682,28.6409706924657));
#4047=CARTESIAN_POINT('',(-39.75,5.41898845021682,27.8132392755922));
#4048=CARTESIAN_POINT('',(-43.25,5.41898845021682,27.8132392755922));
#4049=CARTESIAN_POINT('',(-43.25,5.41898845021682,29.24930939028));
#4050=CARTESIAN_POINT('',(-41.8415461075113,5.41898845021682,29.5295860518714));
#4051=CARTESIAN_POINT('',(4.550496520977,5.41898845021682,32.8132392755922));
#4052=CARTESIAN_POINT('',(4.550496520977,5.41898845021682,23.1900360533553));
#4053=CARTESIAN_POINT('',(4.550496520977,5.41898845021682,13.5668328311183));
#4054=CARTESIAN_POINT('',(4.18954059314875,5.41898845021682,12.3132392755922));
#4055=CARTESIAN_POINT('',(25.5876998600156,5.41898845021682,12.3132392755922));
#4056=CARTESIAN_POINT('',(43.25,8.37891265868172,-3.18676072440776));
#4057=CARTESIAN_POINT('',(43.25,9.41898845021682,-3.18676072440776));
#4058=CARTESIAN_POINT('',(43.25,10.9189885312955,-3.18676072440776));
#4059=CARTESIAN_POINT('',(43.25,12.3789126586817,-3.18676072440776));
#4060=CARTESIAN_POINT('',(39.75,8.37891265868172,-3.18676072440776));
#4061=CARTESIAN_POINT('',(39.75,8.37891265868172,-1.43676072440776));
#4062=CARTESIAN_POINT('',(41.5,8.37891265868172,-1.43676072440776));
#4063=CARTESIAN_POINT('',(43.25,8.37891265868172,-1.43676072440775));
#4064=CARTESIAN_POINT('',(43.25,8.37891265868172,-3.18676072440776));
#4065=CARTESIAN_POINT('',(39.75,12.3789126586817,-3.18676072440776));
#4066=CARTESIAN_POINT('',(39.75,10.9189885312955,-3.18676072440776));
#4067=CARTESIAN_POINT('',(39.75,9.41898845021682,-3.18676072440776));
#4068=CARTESIAN_POINT('',(39.75,8.37891265868172,-3.18676072440776));
#4069=CARTESIAN_POINT('',(43.25,12.3789126586817,-3.18676072440776));
#4070=CARTESIAN_POINT('',(43.25,12.3789126586817,-1.43676072440775));
#4071=CARTESIAN_POINT('',(41.5,12.3789126586817,-1.43676072440776));
#4072=CARTESIAN_POINT('',(39.75,12.3789126586817,-1.43676072440776));
#4073=CARTESIAN_POINT('',(39.75,12.3789126586817,-3.18676072440776));
#4074=CARTESIAN_POINT('',(-43.25,8.37891265868172,-3.18676072440778));
#4075=CARTESIAN_POINT('',(-43.25,8.37891265868172,-1.43676072440776));
#4076=CARTESIAN_POINT('',(-41.5,8.37891265868172,-1.43676072440776));
#4077=CARTESIAN_POINT('',(-39.75,8.37891265868172,-1.43676072440776));
#4078=CARTESIAN_POINT('',(-39.75,8.37891265868172,-3.18676072440778));
#4079=CARTESIAN_POINT('',(-39.75,12.3789126586817,-3.18676072440778));
#4080=CARTESIAN_POINT('',(-39.75,12.3789126586817,-1.43676072440776));
#4081=CARTESIAN_POINT('',(-41.5,12.3789126586817,-1.43676072440776));
#4082=CARTESIAN_POINT('',(-43.25,12.3789126586817,-1.43676072440776));
#4083=CARTESIAN_POINT('',(-43.25,12.3789126586817,-3.18676072440778));
#4084=CARTESIAN_POINT('',(-44.1867643085529,8.37891265868172,-8.18676072440778));
#4085=CARTESIAN_POINT('',(-44.1867643085529,5.41898845021682,-8.18676072440778));
#4086=CARTESIAN_POINT('',(-47.2848215651583,5.41898845021682,-3.14179278623138));
#4087=CARTESIAN_POINT('',(-47.2848215651583,5.41898845021682,-8.18676072440778));
#4088=CARTESIAN_POINT('',(-44.1867643085529,5.41898845021682,-8.18676072440778));
#4089=CARTESIAN_POINT('',(44.1867643085529,8.37891265868172,-8.18676072440777));
#4090=CARTESIAN_POINT('',(47.2848215651583,8.37891265868172,-8.18676072440776));
#4091=CARTESIAN_POINT('',(47.2848215651583,8.37891265868172,-3.14179278623136));
#4092=CARTESIAN_POINT('',(47.2848215651583,5.41898845021682,-3.14179278623136));
#4093=CARTESIAN_POINT('',(47.2848215651583,5.41898845021682,-8.18676072440776));
#4094=CARTESIAN_POINT('',(44.1867643085529,5.41898845021682,-8.18676072440777));
#4095=CARTESIAN_POINT('',(44.1867643085529,5.41898845021682,-8.18676072440777));
#4096=CARTESIAN_POINT('',(44.1867643085529,8.37891265868172,-8.18676072440777));
#4097=CARTESIAN_POINT('',(43.25,5.41898845021682,-3.18676072440776));
#4098=CARTESIAN_POINT('',(43.25,8.37891265868172,-3.18676072440776));
#4099=CARTESIAN_POINT('',(39.75,5.41898845021682,-3.18676072440776));
#4100=CARTESIAN_POINT('',(39.75,5.41898845021682,-1.43676072440776));
#4101=CARTESIAN_POINT('',(41.5,5.41898845021682,-1.43676072440776));
#4102=CARTESIAN_POINT('',(43.25,5.41898845021682,-1.43676072440775));
#4103=CARTESIAN_POINT('',(43.25,5.41898845021682,-3.18676072440776));
#4104=CARTESIAN_POINT('',(39.75,8.37891265868172,-3.18676072440776));
#4105=CARTESIAN_POINT('',(39.75,5.41898845021682,-3.18676072440776));
#4106=CARTESIAN_POINT('',(39.75,8.37891265868172,-3.18676072440776));
#4107=CARTESIAN_POINT('',(39.75,8.37891265868172,-4.93676072440776));
#4108=CARTESIAN_POINT('',(41.5,8.37891265868172,-4.93676072440776));
#4109=CARTESIAN_POINT('',(43.25,8.37891265868172,-4.93676072440776));
#4110=CARTESIAN_POINT('',(43.25,8.37891265868172,-3.18676072440776));
#4111=CARTESIAN_POINT('',(43.25,5.41898845021682,-3.18676072440776));
#4112=CARTESIAN_POINT('',(43.25,5.41898845021682,-4.93676072440776));
#4113=CARTESIAN_POINT('',(41.5,5.41898845021682,-4.93676072440776));
#4114=CARTESIAN_POINT('',(39.75,5.41898845021682,-4.93676072440776));
#4115=CARTESIAN_POINT('',(39.75,5.41898845021682,-3.18676072440776));
#4116=CARTESIAN_POINT('',(-39.75,5.41898845021682,-3.18676072440778));
#4117=CARTESIAN_POINT('',(-39.75,8.37891265868172,-3.18676072440778));
#4118=CARTESIAN_POINT('',(-43.25,5.41898845021682,-3.18676072440778));
#4119=CARTESIAN_POINT('',(-43.25,5.41898845021682,-1.43676072440776));
#4120=CARTESIAN_POINT('',(-41.5,5.41898845021682,-1.43676072440776));
#4121=CARTESIAN_POINT('',(-39.75,5.41898845021682,-1.43676072440776));
#4122=CARTESIAN_POINT('',(-39.75,5.41898845021682,-3.18676072440778));
#4123=CARTESIAN_POINT('',(-43.25,8.37891265868172,-3.18676072440778));
#4124=CARTESIAN_POINT('',(-43.25,5.41898845021682,-3.18676072440778));
#4125=CARTESIAN_POINT('',(-39.75,5.41898845021682,-3.18676072440778));
#4126=CARTESIAN_POINT('',(-39.75,5.41898845021682,-4.93676072440778));
#4127=CARTESIAN_POINT('',(-41.5,5.41898845021682,-4.93676072440778));
#4128=CARTESIAN_POINT('',(-43.25,5.41898845021682,-4.93676072440778));
#4129=CARTESIAN_POINT('',(-43.25,5.41898845021682,-3.18676072440778));
#4130=CARTESIAN_POINT('',(1.72694178304547,14.9189885312955,12.3132392755922));
#4131=CARTESIAN_POINT('',(47.2848215651583,14.9189885312955,12.3132392755922));
#4132=CARTESIAN_POINT('',(47.2848215651583,14.9189885312955,12.3132392755922));
#4133=CARTESIAN_POINT('',(47.2848215651583,17.2190159196422,-3.14179278623136));
#4134=CARTESIAN_POINT('',(44.1867643085529,14.9189885312955,-8.18676072440777));
#4135=CARTESIAN_POINT('',(3.85063472826316E-15,14.9189885312955,-8.18676072440777));
#4136=CARTESIAN_POINT('',(-44.1867643085529,14.9189885312955,-8.18676072440778));
#4137=CARTESIAN_POINT('',(-47.2848215651583,17.2190159196422,-3.14179278623138));
#4138=CARTESIAN_POINT('',(-47.2848215651583,14.9189885312955,12.3132392755922));
#4139=CARTESIAN_POINT('',(-47.2848215651583,14.9189885312955,12.3132392755922));
#4140=CARTESIAN_POINT('',(-1.72694178304547,14.9189885312955,12.3132392755922));
#4141=CARTESIAN_POINT('',(-47.2848215651583,10.9189885312955,-3.14179278623138));
#4142=CARTESIAN_POINT('',(-47.2848215651583,10.9189885312955,-1.68772956116319));
#4143=CARTESIAN_POINT('',(-47.2848215651583,10.9189885312955,-0.233666336094992));
#4144=CARTESIAN_POINT('',(-47.2848215651583,10.9189885312955,12.3132392755922));
#4145=CARTESIAN_POINT('',(-47.2848215651583,14.9189885312955,12.3132392755922));
#4146=CARTESIAN_POINT('',(-47.2848215651583,17.2190159196422,-3.14179278623138));
#4147=CARTESIAN_POINT('',(-47.2848215651583,12.3789126586817,-3.14179278623138));
#4148=CARTESIAN_POINT('',(47.2848215651583,10.9189885312955,-0.233666336094992));
#4149=CARTESIAN_POINT('',(47.2848215651583,10.9189885312955,-1.68772956116318));
#4150=CARTESIAN_POINT('',(47.2848215651583,10.9189885312955,-3.14179278623136));
#4151=CARTESIAN_POINT('',(47.2848215651583,10.9189885312955,-3.14179278623136));
#4152=CARTESIAN_POINT('',(47.2848215651583,12.3789126586817,-3.14179278623136));
#4153=CARTESIAN_POINT('',(47.2848215651583,12.3789126586817,-3.14179278623136));
#4154=CARTESIAN_POINT('',(47.2848215651583,17.2190159196422,-3.14179278623136));
#4155=CARTESIAN_POINT('',(47.2848215651583,14.9189885312955,12.3132392755922));
#4156=CARTESIAN_POINT('',(47.2848215651583,10.9189885312955,12.3132392755922));
#4157=CARTESIAN_POINT('',(47.2848215651583,10.9189885312955,12.3132392755922));
#4158=CARTESIAN_POINT('',(47.2848215651583,10.9189885312955,6.38978646974862));
#4159=CARTESIAN_POINT('',(47.2848215651583,10.9189885312955,0.466333663905004));
#4160=CARTESIAN_POINT('',(39.75,17.2190159196422,-3.18676072440776));
#4161=CARTESIAN_POINT('',(39.75,12.3789126586817,-3.18676072440776));
#4162=CARTESIAN_POINT('',(43.25,17.2190159196422,-3.18676072440776));
#4163=CARTESIAN_POINT('',(43.25,17.2190159196422,-1.43676072440775));
#4164=CARTESIAN_POINT('',(41.5,17.2190159196422,-1.43676072440776));
#4165=CARTESIAN_POINT('',(39.75,17.2190159196422,-1.43676072440776));
#4166=CARTESIAN_POINT('',(39.75,17.2190159196422,-3.18676072440776));
#4167=CARTESIAN_POINT('',(43.25,12.3789126586817,-3.18676072440776));
#4168=CARTESIAN_POINT('',(43.25,17.2190159196422,-3.18676072440776));
#4169=CARTESIAN_POINT('',(39.75,17.2190159196422,-3.18676072440776));
#4170=CARTESIAN_POINT('',(39.75,17.2190159196422,-4.93676072440776));
#4171=CARTESIAN_POINT('',(41.5,17.2190159196422,-4.93676072440776));
#4172=CARTESIAN_POINT('',(43.25,17.2190159196422,-4.93676072440776));
#4173=CARTESIAN_POINT('',(43.25,17.2190159196422,-3.18676072440776));
#4174=CARTESIAN_POINT('',(43.25,12.3789126586817,-3.18676072440776));
#4175=CARTESIAN_POINT('',(43.25,12.3789126586817,-4.93676072440776));
#4176=CARTESIAN_POINT('',(41.5,12.3789126586817,-4.93676072440776));
#4177=CARTESIAN_POINT('',(39.75,12.3789126586817,-4.93676072440776));
#4178=CARTESIAN_POINT('',(39.75,12.3789126586817,-3.18676072440776));
#4179=CARTESIAN_POINT('',(-43.25,17.2190159196422,-3.18676072440778));
#4180=CARTESIAN_POINT('',(-43.25,12.3789126586817,-3.18676072440778));
#4181=CARTESIAN_POINT('',(-39.75,17.2190159196422,-3.18676072440778));
#4182=CARTESIAN_POINT('',(-39.75,17.2190159196422,-1.43676072440776));
#4183=CARTESIAN_POINT('',(-41.5,17.2190159196422,-1.43676072440776));
#4184=CARTESIAN_POINT('',(-43.25,17.2190159196422,-1.43676072440776));
#4185=CARTESIAN_POINT('',(-43.25,17.2190159196422,-3.18676072440778));
#4186=CARTESIAN_POINT('',(-39.75,12.3789126586817,-3.18676072440778));
#4187=CARTESIAN_POINT('',(-39.75,17.2190159196422,-3.18676072440778));
#4188=CARTESIAN_POINT('',(-43.25,17.2190159196422,-3.18676072440778));
#4189=CARTESIAN_POINT('',(-43.25,17.2190159196422,-4.93676072440778));
#4190=CARTESIAN_POINT('',(-41.5,17.2190159196422,-4.93676072440778));
#4191=CARTESIAN_POINT('',(-39.75,17.2190159196422,-4.93676072440778));
#4192=CARTESIAN_POINT('',(-39.75,17.2190159196422,-3.18676072440778));
#4193=CARTESIAN_POINT('',(-1.72694178304547,10.9189885312955,12.3132392755922));
#4194=CARTESIAN_POINT('',(-47.2848215651583,10.9189885312955,12.3132392755922));
#4195=CARTESIAN_POINT('',(47.2848215651583,10.9189885312955,12.3132392755922));
#4196=CARTESIAN_POINT('',(1.72694178304547,10.9189885312955,12.3132392755922));
#4197=CARTESIAN_POINT('',(3.,14.9189885312955,14.766333663905));
#4198=CARTESIAN_POINT('',(3.,14.9189885312955,23.7897864697486));
#4199=CARTESIAN_POINT('',(3.,14.9189885312955,32.8132392755922));
#4200=CARTESIAN_POINT('',(3.,14.9189885312955,32.8132392755922));
#4201=CARTESIAN_POINT('',(23.5933821542764,14.9189885312955,32.8132392755922));
#4202=CARTESIAN_POINT('',(44.1867643085529,14.9189885312955,32.8132392755922));
#4203=CARTESIAN_POINT('',(47.2848215651583,14.9189885312955,27.7682713374158));
#4204=CARTESIAN_POINT('',(47.2848215651583,14.9189885312955,20.040755306504));
#4205=CARTESIAN_POINT('',(47.2848215651583,14.9189885312955,12.3132392755922));
#4206=CARTESIAN_POINT('',(-47.2848215651583,10.9189885312955,12.3132392755922));
#4207=CARTESIAN_POINT('',(-47.2848215651583,10.9189885312955,20.040755306504));
#4208=CARTESIAN_POINT('',(-47.2848215651583,10.9189885312955,27.7682713374158));
#4209=CARTESIAN_POINT('',(-47.2848215651583,10.9189885312955,27.7682713374158));
#4210=CARTESIAN_POINT('',(-47.2848215651583,14.9189885312955,27.7682713374158));
#4211=CARTESIAN_POINT('',(-47.2848215651583,14.9189885312955,27.7682713374158));
#4212=CARTESIAN_POINT('',(-47.2848215651583,14.9189885312955,20.040755306504));
#4213=CARTESIAN_POINT('',(-47.2848215651583,14.9189885312955,12.3132392755922));
#4214=CARTESIAN_POINT('',(-44.1867643085529,14.9189885312955,32.8132392755922));
#4215=CARTESIAN_POINT('',(-47.2848215651583,14.9189885312955,32.8132392755922));
#4216=CARTESIAN_POINT('',(-47.2848215651583,14.9189885312955,27.7682713374158));
#4217=CARTESIAN_POINT('',(-47.2848215651583,10.9189885312955,27.7682713374158));
#4218=CARTESIAN_POINT('',(-47.2848215651583,10.9189885312955,32.8132392755922));
#4219=CARTESIAN_POINT('',(-44.1867643085529,10.9189885312955,32.8132392755922));
#4220=CARTESIAN_POINT('',(-44.1867643085529,10.9189885312955,32.8132392755922));
#4221=CARTESIAN_POINT('',(-44.1867643085529,14.9189885312955,32.8132392755922));
#4222=CARTESIAN_POINT('',(3.,14.9189885312955,32.8132392755922));
#4223=CARTESIAN_POINT('',(3.,10.9189885312955,32.8132392755922));
#4224=CARTESIAN_POINT('',(3.,10.9189885312955,32.8132392755922));
#4225=CARTESIAN_POINT('',(23.5933821542765,10.9189885312955,32.8132392755922));
#4226=CARTESIAN_POINT('',(44.1867643085529,10.9189885312955,32.8132392755922));
#4227=CARTESIAN_POINT('',(44.1867643085529,10.9189885312955,32.8132392755922));
#4228=CARTESIAN_POINT('',(44.1867643085529,14.9189885312955,32.8132392755922));
#4229=CARTESIAN_POINT('',(44.1867643085529,14.9189885312955,32.8132392755922));
#4230=CARTESIAN_POINT('',(47.2848215651583,14.9189885312955,32.8132392755922));
#4231=CARTESIAN_POINT('',(47.2848215651583,14.9189885312955,27.7682713374158));
#4232=CARTESIAN_POINT('',(44.1867643085529,10.9189885312955,32.8132392755922));
#4233=CARTESIAN_POINT('',(47.2848215651583,10.9189885312955,32.8132392755922));
#4234=CARTESIAN_POINT('',(47.2848215651583,10.9189885312955,27.7682713374158));
#4235=CARTESIAN_POINT('',(47.2848215651583,10.9189885312955,27.7682713374158));
#4236=CARTESIAN_POINT('',(47.2848215651583,14.9189885312955,27.7682713374158));
#4237=CARTESIAN_POINT('',(47.2848215651583,10.9189885312955,27.7682713374158));
#4238=CARTESIAN_POINT('',(47.2848215651583,10.9189885312955,20.040755306504));
#4239=CARTESIAN_POINT('',(47.2848215651583,10.9189885312955,12.3132392755922));
#4240=CARTESIAN_POINT('',(39.75,14.9189885312955,27.8132392755922));
#4241=CARTESIAN_POINT('',(39.75,14.9189885312955,26.0632392755922));
#4242=CARTESIAN_POINT('',(41.5,14.9189885312955,26.0632392755922));
#4243=CARTESIAN_POINT('',(43.25,14.9189885312955,26.0632392755922));
#4244=CARTESIAN_POINT('',(43.25,14.9189885312955,27.8132392755922));
#4245=CARTESIAN_POINT('',(39.75,10.9189885312955,27.8132392755922));
#4246=CARTESIAN_POINT('',(39.75,14.9189885312955,27.8132392755922));
#4247=CARTESIAN_POINT('',(43.25,10.9189885312955,27.8132392755922));
#4248=CARTESIAN_POINT('',(43.25,10.9189885312955,26.0632392755922));
#4249=CARTESIAN_POINT('',(41.5,10.9189885312955,26.0632392755922));
#4250=CARTESIAN_POINT('',(39.75,10.9189885312955,26.0632392755922));
#4251=CARTESIAN_POINT('',(39.75,10.9189885312955,27.8132392755922));
#4252=CARTESIAN_POINT('',(43.25,14.9189885312955,27.8132392755922));
#4253=CARTESIAN_POINT('',(43.25,10.9189885312955,27.8132392755922));
#4254=CARTESIAN_POINT('',(43.25,14.9189885312955,27.8132392755922));
#4255=CARTESIAN_POINT('',(43.25,14.9189885312955,29.5632392755922));
#4256=CARTESIAN_POINT('',(41.5,14.9189885312955,29.5632392755922));
#4257=CARTESIAN_POINT('',(39.75,14.9189885312955,29.5632392755922));
#4258=CARTESIAN_POINT('',(39.75,14.9189885312955,27.8132392755922));
#4259=CARTESIAN_POINT('',(39.75,10.9189885312955,27.8132392755922));
#4260=CARTESIAN_POINT('',(39.75,10.9189885312955,29.5632392755922));
#4261=CARTESIAN_POINT('',(41.5,10.9189885312955,29.5632392755922));
#4262=CARTESIAN_POINT('',(43.25,10.9189885312955,29.5632392755922));
#4263=CARTESIAN_POINT('',(43.25,10.9189885312955,27.8132392755922));
#4264=CARTESIAN_POINT('',(-43.25,14.9189885312955,27.8132392755922));
#4265=CARTESIAN_POINT('',(-43.25,14.9189885312955,26.0632392755922));
#4266=CARTESIAN_POINT('',(-41.5,14.9189885312955,26.0632392755922));
#4267=CARTESIAN_POINT('',(-39.75,14.9189885312955,26.0632392755922));
#4268=CARTESIAN_POINT('',(-39.75,14.9189885312955,27.8132392755922));
#4269=CARTESIAN_POINT('',(-43.25,10.9189885312955,27.8132392755922));
#4270=CARTESIAN_POINT('',(-43.25,14.9189885312955,27.8132392755922));
#4271=CARTESIAN_POINT('',(-39.75,10.9189885312955,27.8132392755922));
#4272=CARTESIAN_POINT('',(-39.75,10.9189885312955,26.0632392755922));
#4273=CARTESIAN_POINT('',(-41.5,10.9189885312955,26.0632392755922));
#4274=CARTESIAN_POINT('',(-43.25,10.9189885312955,26.0632392755922));
#4275=CARTESIAN_POINT('',(-43.25,10.9189885312955,27.8132392755922));
#4276=CARTESIAN_POINT('',(-39.75,14.9189885312955,27.8132392755922));
#4277=CARTESIAN_POINT('',(-39.75,10.9189885312955,27.8132392755922));
#4278=CARTESIAN_POINT('',(-39.75,14.9189885312955,27.8132392755922));
#4279=CARTESIAN_POINT('',(-39.75,14.9189885312955,29.5632392755922));
#4280=CARTESIAN_POINT('',(-41.5,14.9189885312955,29.5632392755922));
#4281=CARTESIAN_POINT('',(-43.25,14.9189885312955,29.5632392755922));
#4282=CARTESIAN_POINT('',(-43.25,14.9189885312955,27.8132392755922));
#4283=CARTESIAN_POINT('',(-43.25,10.9189885312955,27.8132392755922));
#4284=CARTESIAN_POINT('',(-43.25,10.9189885312955,29.5632392755922));
#4285=CARTESIAN_POINT('',(-41.5,10.9189885312955,29.5632392755922));
#4286=CARTESIAN_POINT('',(-39.75,10.9189885312955,29.5632392755922));
#4287=CARTESIAN_POINT('',(-39.75,10.9189885312955,27.8132392755922));
#4288=CARTESIAN_POINT('',(3.,10.9189885312955,32.8132392755922));
#4289=CARTESIAN_POINT('',(3.,10.9189885312955,23.7897864697486));
#4290=CARTESIAN_POINT('',(3.,10.9189885312955,14.766333663905));
#4291=CARTESIAN_POINT('',(-44.1867643085529,12.3789126586817,-8.18676072440778));
#4292=CARTESIAN_POINT('',(3.85063472826316E-15,12.3789126586817,-8.18676072440777));
#4293=CARTESIAN_POINT('',(44.1867643085529,12.3789126586817,-8.18676072440777));
#4294=CARTESIAN_POINT('',(44.1867643085529,12.3789126586817,-8.18676072440777));
#4295=CARTESIAN_POINT('',(44.1867643085529,10.9189885312955,-8.18676072440777));
#4296=CARTESIAN_POINT('',(44.1867643085529,9.41898845021682,-8.18676072440777));
#4297=CARTESIAN_POINT('',(44.1867643085529,8.37891265868172,-8.18676072440777));
#4298=CARTESIAN_POINT('',(44.1867643085529,8.37891265868172,-8.18676072440777));
#4299=CARTESIAN_POINT('',(3.85063472826316E-15,8.37891265868172,-8.18676072440777));
#4300=CARTESIAN_POINT('',(-44.1867643085529,8.37891265868172,-8.18676072440778));
#4301=CARTESIAN_POINT('',(44.1867643085529,12.3789126586817,-8.18676072440777));
#4302=CARTESIAN_POINT('',(47.2848215651583,12.3789126586817,-8.18676072440776));
#4303=CARTESIAN_POINT('',(47.2848215651583,12.3789126586817,-3.14179278623136));
#4304=CARTESIAN_POINT('',(47.2848215651583,9.41898845021682,-3.14179278623136));
#4305=CARTESIAN_POINT('',(47.2848215651583,10.9189885312955,-3.14179278623136));
#4306=CARTESIAN_POINT('',(-44.1867643085529,14.9189885312955,-8.18676072440778));
#4307=CARTESIAN_POINT('',(-47.2848215651583,16.0690022254689,-8.18676072440778));
#4308=CARTESIAN_POINT('',(-47.2848215651583,17.2190159196422,-3.14179278623138));
#4309=CARTESIAN_POINT('',(-44.1867643085529,14.9189885312955,-8.18676072440778));
#4310=CARTESIAN_POINT('',(-44.1867643085529,12.3789126586817,-8.18676072440778));
#4311=CARTESIAN_POINT('',(44.1867643085529,14.9189885312955,-8.18676072440777));
#4312=CARTESIAN_POINT('',(44.1867643085529,12.3789126586817,-8.18676072440777));
#4313=CARTESIAN_POINT('',(47.2848215651583,17.2190159196422,-3.14179278623136));
#4314=CARTESIAN_POINT('',(47.2848215651583,16.0690022254689,-8.18676072440776));
#4315=CARTESIAN_POINT('',(44.1867643085529,14.9189885312955,-8.18676072440777));
#4316=CARTESIAN_POINT('',(4.550496520977,9.41898845021682,13.5668328311183));
#4317=CARTESIAN_POINT('',(4.550496520977,9.41898845021682,23.1900360533553));
#4318=CARTESIAN_POINT('',(4.550496520977,9.41898845021682,32.8132392755922));
#4319=CARTESIAN_POINT('',(-4.550496520977,5.41898845021682,32.8132392755922));
#4320=CARTESIAN_POINT('',(-4.550496520977,9.41898845021682,32.8132392755922));
#4321=CARTESIAN_POINT('',(-44.1867643085529,5.41898845021682,32.8132392755922));
#4322=CARTESIAN_POINT('',(-43.0141552080321,5.41898845021682,32.8132392755922));
#4323=CARTESIAN_POINT('',(-41.8415461075113,5.41898845021682,32.8132392755922));
#4324=CARTESIAN_POINT('',(-25.5876998600156,5.41898845021682,32.8132392755922));
#4325=CARTESIAN_POINT('',(-15.0690981904963,5.41898845021682,32.8132392755922));
#4326=CARTESIAN_POINT('',(-4.550496520977,5.41898845021682,32.8132392755922));
#4327=CARTESIAN_POINT('',(-44.1867643085529,14.9189885312955,32.8132392755922));
#4328=CARTESIAN_POINT('',(-23.5933821542765,14.9189885312955,32.8132392755922));
#4329=CARTESIAN_POINT('',(-3.,14.9189885312955,32.8132392755922));
#4330=CARTESIAN_POINT('',(-3.,14.9189885312955,32.8132392755922));
#4331=CARTESIAN_POINT('',(-3.,14.9189885312955,23.7897864697486));
#4332=CARTESIAN_POINT('',(-3.,14.9189885312955,14.766333663905));
#4333=CARTESIAN_POINT('',(-3.,10.9189885312955,32.8132392755922));
#4334=CARTESIAN_POINT('',(-3.,14.9189885312955,32.8132392755922));
#4335=CARTESIAN_POINT('',(-44.1867643085529,10.9189885312955,32.8132392755922));
#4336=CARTESIAN_POINT('',(-23.5933821542765,10.9189885312955,32.8132392755922));
#4337=CARTESIAN_POINT('',(-3.,10.9189885312955,32.8132392755922));
#4338=CARTESIAN_POINT('',(-3.,10.9189885312955,14.766333663905));
#4339=CARTESIAN_POINT('',(-3.,10.9189885312955,23.7897864697486));
#4340=CARTESIAN_POINT('',(-3.,10.9189885312955,32.8132392755922));
#4341=CARTESIAN_POINT('',(-1.72694178304547,14.9189885312955,12.3132392755922));
#4342=CARTESIAN_POINT('',(-0.950070726859243,14.9189885312955,11.766333663905));
#4343=CARTESIAN_POINT('',(3.62672854710884E-15,14.9189885312955,11.766333663905));
#4344=CARTESIAN_POINT('',(-3.,14.9189885312955,14.766333663905));
#4345=CARTESIAN_POINT('',(-2.99999999999999,14.9189885312955,13.209453231966));
#4346=CARTESIAN_POINT('',(-1.72694178304547,14.9189885312955,12.3132392755922));
#4347=CARTESIAN_POINT('',(-3.,10.9189885312955,14.766333663905));
#4348=CARTESIAN_POINT('',(-3.,14.9189885312955,14.766333663905));
#4349=CARTESIAN_POINT('',(-1.72694178304547,10.9189885312955,12.3132392755922));
#4350=CARTESIAN_POINT('',(-2.99999999999999,10.9189885312955,13.209453231966));
#4351=CARTESIAN_POINT('',(-3.,10.9189885312955,14.766333663905));
#4352=CARTESIAN_POINT('',(3.5527136788005E-15,10.9189885312955,11.766333663905));
#4353=CARTESIAN_POINT('',(-0.950070726859243,10.9189885312955,11.766333663905));
#4354=CARTESIAN_POINT('',(-1.72694178304547,10.9189885312955,12.3132392755922));
#4355=CARTESIAN_POINT('',(3.62672854710884E-15,14.9189885312955,11.766333663905));
#4356=CARTESIAN_POINT('',(3.5527136788005E-15,10.9189885312955,11.766333663905));
#4357=CARTESIAN_POINT('',(3.62672854710884E-15,14.9189885312955,11.766333663905));
#4358=CARTESIAN_POINT('',(0.950070726859248,14.9189885312955,11.766333663905));
#4359=CARTESIAN_POINT('',(1.72694178304547,14.9189885312955,12.3132392755922));
#4360=CARTESIAN_POINT('',(1.72694178304547,10.9189885312955,12.3132392755922));
#4361=CARTESIAN_POINT('',(0.950070726859248,10.9189885312955,11.766333663905));
#4362=CARTESIAN_POINT('',(3.5527136788005E-15,10.9189885312955,11.766333663905));
#4363=CARTESIAN_POINT('',(3.,10.9189885312955,14.766333663905));
#4364=CARTESIAN_POINT('',(2.99999999999999,10.9189885312955,13.209453231966));
#4365=CARTESIAN_POINT('',(1.72694178304547,10.9189885312955,12.3132392755922));
#4366=CARTESIAN_POINT('',(3.,14.9189885312955,14.766333663905));
#4367=CARTESIAN_POINT('',(3.,10.9189885312955,14.766333663905));
#4368=CARTESIAN_POINT('',(1.72694178304547,14.9189885312955,12.3132392755922));
#4369=CARTESIAN_POINT('',(2.99999999999999,14.9189885312955,13.209453231966));
#4370=CARTESIAN_POINT('',(3.,14.9189885312955,14.766333663905));
#4371=CARTESIAN_POINT('',(-4.550496520977,5.41898845021682,32.8132392755922));
#4372=CARTESIAN_POINT('',(-4.550496520977,5.41898845021682,23.1900360533553));
#4373=CARTESIAN_POINT('',(-4.550496520977,5.41898845021682,13.5668328311183));
#4374=CARTESIAN_POINT('',(-4.550496520977,5.41898845021682,13.5668328311183));
#4375=CARTESIAN_POINT('',(-4.550496520977,9.41898845021682,13.5668328311183));
#4376=CARTESIAN_POINT('',(-4.550496520977,5.41898845021682,13.5668328311183));
#4377=CARTESIAN_POINT('',(-4.550496520977,5.41898845021682,12.9141498918295));
#4378=CARTESIAN_POINT('',(-4.18954059314876,5.41898845021682,12.3132392755922));
#4379=CARTESIAN_POINT('',(-4.18954059314876,5.41898845021682,12.3132392755922));
#4380=CARTESIAN_POINT('',(-3.01335620013003,5.41898845021683,10.3551562135677));
#4381=CARTESIAN_POINT('',(3.5527136788005E-15,5.41898845021682,10.3551562135677));
#4382=CARTESIAN_POINT('',(3.5527136788005E-15,5.41898845021682,10.3551562135677));
#4383=CARTESIAN_POINT('',(3.5527136788005E-15,9.41898845021682,10.3551562135677));
#4384=CARTESIAN_POINT('',(-4.18954059314876,9.41898845021682,12.3132392755922));
#4385=CARTESIAN_POINT('',(-3.01335620012979,9.41898845021682,10.3551562135677));
#4386=CARTESIAN_POINT('',(3.5527136788005E-15,9.41898845021682,10.3551562135677));
#4387=CARTESIAN_POINT('',(-4.550496520977,9.41898845021682,13.5668328311183));
#4388=CARTESIAN_POINT('',(-4.550496520977,9.41898845021682,12.9141498918596));
#4389=CARTESIAN_POINT('',(-4.18954059314876,9.41898845021682,12.3132392755922));
#4390=CARTESIAN_POINT('',(4.550496520977,9.41898845021682,13.5668328311183));
#4391=CARTESIAN_POINT('',(4.550496520977,5.41898845021682,13.5668328311183));
#4392=CARTESIAN_POINT('',(3.5527136788005E-15,9.41898845021682,10.3551562135677));
#4393=CARTESIAN_POINT('',(3.01335620016019,9.41898845021682,10.3551562135677));
#4394=CARTESIAN_POINT('',(4.18954059314876,9.41898845021682,12.3132392755922));
#4395=CARTESIAN_POINT('',(3.5527136788005E-15,5.41898845021682,10.3551562135677));
#4396=CARTESIAN_POINT('',(3.01335620013002,5.41898845021683,10.3551562135677));
#4397=CARTESIAN_POINT('',(4.18954059314875,5.41898845021682,12.3132392755922));
#4398=CARTESIAN_POINT('',(4.550496520977,5.41898845021682,13.5668328311183));
#4399=CARTESIAN_POINT('',(4.550496520977,5.41898845021682,12.9141498918295));
#4400=CARTESIAN_POINT('',(4.18954059314875,5.41898845021682,12.3132392755922));
#4401=CARTESIAN_POINT('',(4.18954059314876,9.41898845021682,12.3132392755922));
#4402=CARTESIAN_POINT('',(4.55049652097699,9.41898845021682,12.9141498918295));
#4403=CARTESIAN_POINT('',(4.550496520977,9.41898845021682,13.5668328311183));
#4404=CARTESIAN_POINT('',(27.7150888646806,5.41898845021682,-8.18676072440779));
#4405=CARTESIAN_POINT('',(0.0208386336294018,5.41898845021682,-8.18676072440779));
#4406=CARTESIAN_POINT('',(-27.6734115974218,5.41898845021682,-8.18676072440779));
#4407=CARTESIAN_POINT('',(44.1867643085529,5.41898845021682,-8.18676072440777));
#4408=CARTESIAN_POINT('',(41.9712993393291,5.41898845021682,-8.18676072440778));
#4409=CARTESIAN_POINT('',(39.7558343701052,5.41898845021682,-8.18676072440779));
#4410=CARTESIAN_POINT('',(-25.5876998600157,5.41898845021682,12.3132392755922));
#4411=CARTESIAN_POINT('',(-4.18954059314876,5.41898845021682,12.3132392755922));
#4412=CARTESIAN_POINT('',(41.8415461075113,5.41898845021682,12.3132392755922));
#4413=CARTESIAN_POINT('',(47.2848215651583,5.41898845021682,12.3132392755922));
#4414=CARTESIAN_POINT('',(-27.6734103366537,5.41898845021682,11.1211962919723));
#4415=CARTESIAN_POINT('',(-25.5876998600157,5.41898845021682,11.1211950062998));
#4416=CARTESIAN_POINT('',(-27.6734115974218,5.41898845021682,-8.18676072440779));
#4417=CARTESIAN_POINT('',(-27.6734103366537,5.41898845021682,11.1211962919723));
#4418=CARTESIAN_POINT('',(27.7151025513244,5.41898845021682,11.1212512379181));
#4419=CARTESIAN_POINT('',(27.7150888646806,5.41898845021682,-8.18676072440779));
#4420=CARTESIAN_POINT('',(25.5876998600156,5.41898845021682,11.1211950062999));
#4421=CARTESIAN_POINT('',(27.7151025513244,5.41898845021682,11.1212512379181));
#4422=CARTESIAN_POINT('',(39.7558315763476,5.41898845021682,-0.745882275279659));
#4423=CARTESIAN_POINT('',(39.7558356308732,5.41898845021682,11.1211962919723));
#4424=CARTESIAN_POINT('',(39.7558315763476,5.41898845021682,-0.745882275279659));
#4425=CARTESIAN_POINT('',(38.4999988308296,5.41898845021682,-1.64325832451875));
#4426=CARTESIAN_POINT('',(38.4999988308296,5.41898845021682,-3.1867607244078));
#4427=CARTESIAN_POINT('',(38.4999988308296,5.41898845021682,-4.73026312429686));
#4428=CARTESIAN_POINT('',(39.7558315763476,5.41898845021682,-5.62763917353595));
#4429=CARTESIAN_POINT('',(39.7558343701052,5.41898845021682,-8.18676072440779));
#4430=CARTESIAN_POINT('',(39.7558315763476,5.41898845021682,-5.62763917353595));
#4431=CARTESIAN_POINT('',(39.7558356308732,5.41898845021682,11.1211962919723));
#4432=CARTESIAN_POINT('',(41.8415461075113,5.41898845021682,11.1211950062998));
#4433=CARTESIAN_POINT('',(35.1929343880323,-7.7991444859319E-7,12.1140411876617));
#4434=CARTESIAN_POINT('',(35.1929343880323,-0.198426509982231,12.1140411876617));
#4435=CARTESIAN_POINT('',(35.1536604621064,-0.393927565304861,12.1256195312551));
#4436=CARTESIAN_POINT('',(35.0023260996825,-0.757789061992466,12.1657371907668));
#4437=CARTESIAN_POINT('',(34.8919600389485,-0.92231791772836,12.1936660941389));
#4438=CARTESIAN_POINT('',(34.6150807233511,-1.19915233287381,12.2507336983483));
#4439=CARTESIAN_POINT('',(34.4505643298319,-1.30946924916213,12.2792142088762));
#4440=CARTESIAN_POINT('',(34.086825475648,-1.46073077076504,12.3205714448248));
#4441=CARTESIAN_POINT('',(33.8913968562056,-1.50000077991445,12.332723307009));
#4442=CARTESIAN_POINT('',(33.6929343880322,-1.50000077991445,12.332723307009));
#4443=CARTESIAN_POINT('',(33.4945190831025,-1.50000077991445,12.332723307009));
#4444=CARTESIAN_POINT('',(33.299087398894,-1.46074910920407,12.3205764588373));
#4445=CARTESIAN_POINT('',(32.9352729488266,-1.30945615090359,12.2792106276101));
#4446=CARTESIAN_POINT('',(32.7707636844222,-1.19912796853436,12.2507286757991));
#4447=CARTESIAN_POINT('',(32.4939336275341,-0.922342804110131,12.1936712243038));
#4448=CARTESIAN_POINT('',(32.3835560489893,-0.757821214484663,12.1657407357495));
#4449=CARTESIAN_POINT('',(32.2321902968502,-0.393884245785596,12.1256147550483));
#4450=CARTESIAN_POINT('',(32.1929343880322,-0.198379950516326,12.1140411876617));
#4451=CARTESIAN_POINT('',(32.1929343880322,-7.79914457619216E-7,12.1140411876617));
#4452=CARTESIAN_POINT('',(32.1929343880322,-7.79914458504767E-7,9.11402067176916));
#4453=CARTESIAN_POINT('',(32.1929343880322,-0.197529754330123,9.11402067176916));
#4454=CARTESIAN_POINT('',(32.2319082097056,-0.392746604935954,9.12126639028974));
#4455=CARTESIAN_POINT('',(32.3829003319355,-0.756700561588472,9.1463827429381));
#4456=CARTESIAN_POINT('',(32.4933403731373,-0.921730498160736,9.16387409801515));
#4457=CARTESIAN_POINT('',(32.7712303657312,-1.19961371136289,9.19947154970249));
#4458=CARTESIAN_POINT('',(32.9362584651961,-1.31004635316316,9.21709772110898));
#4459=CARTESIAN_POINT('',(33.3001942014854,-1.46102767703811,9.24251423549791));
#4460=CARTESIAN_POINT('',(33.4953997525877,-1.50000077991445,9.24989675088382));
#4461=CARTESIAN_POINT('',(33.6929343880322,-1.50000077991445,9.24989675088382));
#4462=CARTESIAN_POINT('',(33.8904690234768,-1.50000077991445,9.24989675088382));
#4463=CARTESIAN_POINT('',(34.0856745745791,-1.46102767703811,9.24251423549791));
#4464=CARTESIAN_POINT('',(34.4496103108684,-1.31004635316314,9.21709772110898));
#4465=CARTESIAN_POINT('',(34.6146384103333,-1.19961371136289,9.19947154970249));
#4466=CARTESIAN_POINT('',(34.8925284029271,-0.921730498160775,9.16387409801516));
#4467=CARTESIAN_POINT('',(35.0029684441291,-0.756700561588408,9.1463827429381));
#4468=CARTESIAN_POINT('',(35.1539605663589,-0.392746604935996,9.12126639028974));
#4469=CARTESIAN_POINT('',(35.1929343880322,-0.197529754330069,9.11402067176916));
#4470=CARTESIAN_POINT('',(35.1929343880322,-7.79914447781321E-7,9.11402067176916));
#4471=CARTESIAN_POINT('',(36.70693561317,-7.7991444676619E-7,31.7971463645152));
#4472=CARTESIAN_POINT('',(36.70693561317,-0.193667513562419,31.708138141527));
#4473=CARTESIAN_POINT('',(36.6881978060547,-0.384582058192606,31.6139120356342));
#4474=CARTESIAN_POINT('',(36.6162351501443,-0.756157207374528,31.4181381725002));
#4475=CARTESIAN_POINT('',(36.5630561674205,-0.936657185621176,31.3166849054157));
#4476=CARTESIAN_POINT('',(36.3565297849477,-1.45530805926361,31.0081575797744));
#4477=CARTESIAN_POINT('',(36.1551557096419,-1.77402202542308,30.794429877052));
#4478=CARTESIAN_POINT('',(35.6391916040757,-2.32615672367888,30.3934351402963));
#4479=CARTESIAN_POINT('',(35.3179957856424,-2.56345893227537,30.2028754761881));
#4480=CARTESIAN_POINT('',(34.5682287145405,-2.90348965624896,29.9185924180454));
#4481=CARTESIAN_POINT('',(34.148365992698,-3.00000077991445,29.8316413881262));
#4482=CARTESIAN_POINT('',(33.70693561317,-3.00000077991445,29.8316413881262));
#4483=CARTESIAN_POINT('',(33.265505233642,-3.00000077991445,29.8316413881262));
#4484=CARTESIAN_POINT('',(32.8456425117997,-2.90348965624899,29.9185924180454));
#4485=CARTESIAN_POINT('',(32.0958754406976,-2.56345893227536,30.2028754761881));
#4486=CARTESIAN_POINT('',(31.7746796222644,-2.32615672367891,30.3934351402962));
#4487=CARTESIAN_POINT('',(31.2587155166981,-1.77402202542309,30.794429877052));
#4488=CARTESIAN_POINT('',(31.0573414413923,-1.4553080592636,31.0081575797744));
#4489=CARTESIAN_POINT('',(30.8508150589196,-0.936657185621286,31.3166849054157));
#4490=CARTESIAN_POINT('',(30.7976360761957,-0.756157207374418,31.4181381725003));
#4491=CARTESIAN_POINT('',(30.7256734202852,-0.384582058192157,31.6139120356344));
#4492=CARTESIAN_POINT('',(30.70693561317,-0.193667513562892,31.7081381415268));
#4493=CARTESIAN_POINT('',(30.70693561317,-7.79914445351345E-7,31.7971463645152));
#4494=CARTESIAN_POINT('',(30.70693561317,-7.7991444688696E-7,28.4009992320953));
#4495=CARTESIAN_POINT('',(30.70693561317,-3.00000077991446,28.4009992320953));
#4496=CARTESIAN_POINT('',(33.70693561317,-3.00000077991446,28.4009992320953));
#4497=CARTESIAN_POINT('',(36.70693561317,-3.00000077991446,28.4009992320953));
#4498=CARTESIAN_POINT('',(36.70693561317,-7.79914447363593E-7,28.4009992320953));
#4499=CARTESIAN_POINT('',(35.1929343880322,-7.79914447275276E-7,28.4009992320953));
#4500=CARTESIAN_POINT('',(35.1929343880322,-1.50000077991444,28.4009992320953));
#4501=CARTESIAN_POINT('',(33.6929343880322,-1.50000077991444,28.4009992320953));
#4502=CARTESIAN_POINT('',(32.1929343880322,-1.50000077991444,28.4009992320953));
#4503=CARTESIAN_POINT('',(32.1929343880322,-7.79914446990095E-7,28.4009992320953));
#4504=CARTESIAN_POINT('',(35.1929343880322,-7.7991444859319E-7,22.3140411876617));
#4505=CARTESIAN_POINT('',(35.1929343880322,-7.79914447275276E-7,28.4009992320953));
#4506=CARTESIAN_POINT('',(32.1929343880322,-7.79914457619216E-7,22.3140411876617));
#4507=CARTESIAN_POINT('',(32.1929343880322,-0.198379950516357,22.3140411876617));
#4508=CARTESIAN_POINT('',(32.2321902968502,-0.393884245785553,22.302467620275));
#4509=CARTESIAN_POINT('',(32.3835560489893,-0.757821214484658,22.2623416395739));
#4510=CARTESIAN_POINT('',(32.4939336275341,-0.922342804110127,22.2344111510196));
#4511=CARTESIAN_POINT('',(32.7707636844222,-1.19912796853436,22.1773536995243));
#4512=CARTESIAN_POINT('',(32.9352729488266,-1.30945615090359,22.1488717477133));
#4513=CARTESIAN_POINT('',(33.299087398894,-1.46074910920407,22.1075059164861));
#4514=CARTESIAN_POINT('',(33.4945190831025,-1.50000077991445,22.0953590683144));
#4515=CARTESIAN_POINT('',(33.6929343880322,-1.50000077991445,22.0953590683144));
#4516=CARTESIAN_POINT('',(33.8913968562057,-1.50000077991445,22.0953590683144));
#4517=CARTESIAN_POINT('',(34.0868254756479,-1.46073077076506,22.1075109304986));
#4518=CARTESIAN_POINT('',(34.4505643298318,-1.30946924916216,22.1488681664472));
#4519=CARTESIAN_POINT('',(34.6150807233512,-1.19915233287378,22.1773486769751));
#4520=CARTESIAN_POINT('',(34.8919600389484,-0.922317917728434,22.2344162811845));
#4521=CARTESIAN_POINT('',(35.0023260996825,-0.757789061992382,22.2623451845566));
#4522=CARTESIAN_POINT('',(35.1536604621065,-0.393927565304786,22.3024628440683));
#4523=CARTESIAN_POINT('',(35.1929343880322,-0.198426509982313,22.3140411876617));
#4524=CARTESIAN_POINT('',(35.1929343880322,-7.7991444859319E-7,22.3140411876617));
#4525=CARTESIAN_POINT('',(-32.193784350134,-7.79914448556008E-7,12.1140411876617));
#4526=CARTESIAN_POINT('',(-32.193784350134,-0.198426509982279,12.1140411876617));
#4527=CARTESIAN_POINT('',(-32.2330582760598,-0.393927565304823,12.1256195312551));
#4528=CARTESIAN_POINT('',(-32.3843926384838,-0.757789061992464,12.1657371907668));
#4529=CARTESIAN_POINT('',(-32.4947586992178,-0.922317917728373,12.1936660941389));
#4530=CARTESIAN_POINT('',(-32.7716380148152,-1.19915233287385,12.2507336983483));
#4531=CARTESIAN_POINT('',(-32.9361544083344,-1.30946924916213,12.2792142088762));
#4532=CARTESIAN_POINT('',(-33.2998932625183,-1.46073077076504,12.3205714448249));
#4533=CARTESIAN_POINT('',(-33.4953218819607,-1.50000077991445,12.332723307009));
#4534=CARTESIAN_POINT('',(-33.693784350134,-1.50000077991445,12.332723307009));
#4535=CARTESIAN_POINT('',(-33.8921996550638,-1.50000077991445,12.332723307009));
#4536=CARTESIAN_POINT('',(-34.0876313392723,-1.46074910920407,12.3205764588373));
#4537=CARTESIAN_POINT('',(-34.4514457893397,-1.30945615090359,12.2792106276101));
#4538=CARTESIAN_POINT('',(-34.6159550537441,-1.19912796853434,12.2507286757991));
#4539=CARTESIAN_POINT('',(-34.8927851106321,-0.922342804110151,12.1936712243038));
#4540=CARTESIAN_POINT('',(-35.003162689177,-0.757821214484633,12.1657407357495));
#4541=CARTESIAN_POINT('',(-35.1545284413161,-0.393884245785573,12.1256147550483));
#4542=CARTESIAN_POINT('',(-35.193784350134,-0.198379950516349,12.1140411876617));
#4543=CARTESIAN_POINT('',(-35.193784350134,-7.79914457582034E-7,12.1140411876617));
#4544=CARTESIAN_POINT('',(-35.193784350134,-7.79914457582034E-7,9.11402067176916));
#4545=CARTESIAN_POINT('',(-35.193784350134,-0.197529754330066,9.11402067176916));
#4546=CARTESIAN_POINT('',(-35.1548105284607,-0.392746604936005,9.12126639028974));
#4547=CARTESIAN_POINT('',(-35.0038184062308,-0.756700561588444,9.1463827429381));
#4548=CARTESIAN_POINT('',(-34.8933783650289,-0.921730498160747,9.16387409801515));
#4549=CARTESIAN_POINT('',(-34.6154883724351,-1.19961371136286,9.19947154970248));
#4550=CARTESIAN_POINT('',(-34.4504602729701,-1.31004635316316,9.21709772110899));
#4551=CARTESIAN_POINT('',(-34.0865245366808,-1.46102767703812,9.24251423549791));
#4552=CARTESIAN_POINT('',(-33.8913189855786,-1.50000077991445,9.24989675088382));
#4553=CARTESIAN_POINT('',(-33.693784350134,-1.50000077991445,9.24989675088382));
#4554=CARTESIAN_POINT('',(-33.4962497146895,-1.50000077991445,9.24989675088382));
#4555=CARTESIAN_POINT('',(-33.3010441635872,-1.46102767703812,9.24251423549791));
#4556=CARTESIAN_POINT('',(-32.9371084272979,-1.31004635316317,9.21709772110899));
#4557=CARTESIAN_POINT('',(-32.7720803278329,-1.19961371136286,9.19947154970248));
#4558=CARTESIAN_POINT('',(-32.4941903352391,-0.921730498160709,9.16387409801515));
#4559=CARTESIAN_POINT('',(-32.3837502940373,-0.756700561588488,9.1463827429381));
#4560=CARTESIAN_POINT('',(-32.2327581718074,-0.392746604935976,9.12126639028974));
#4561=CARTESIAN_POINT('',(-32.193784350134,-0.197529754330092,9.11402067176916));
#4562=CARTESIAN_POINT('',(-32.193784350134,-7.79914448556008E-7,9.11402067176916));
#4563=CARTESIAN_POINT('',(-30.693784350134,-7.79914446954448E-7,31.7971463645152));
#4564=CARTESIAN_POINT('',(-30.693784350134,-0.193667513562566,31.7081381415269));
#4565=CARTESIAN_POINT('',(-30.7125221572493,-0.384582058192469,31.6139120356343));
#4566=CARTESIAN_POINT('',(-30.7844848131597,-0.756157207374498,31.4181381725002));
#4567=CARTESIAN_POINT('',(-30.8376637958835,-0.936657185621212,31.3166849054157));
#4568=CARTESIAN_POINT('',(-31.0441901783563,-1.45530805926354,31.0081575797744));
#4569=CARTESIAN_POINT('',(-31.2455642536622,-1.77402202542315,30.7944298770519));
#4570=CARTESIAN_POINT('',(-31.7615283592283,-2.32615672367887,30.3934351402963));
#4571=CARTESIAN_POINT('',(-32.0827241776616,-2.56345893227537,30.2028754761881));
#4572=CARTESIAN_POINT('',(-32.8324912487636,-2.90348965624897,29.9185924180454));
#4573=CARTESIAN_POINT('',(-33.252353970606,-3.00000077991445,29.8316413881262));
#4574=CARTESIAN_POINT('',(-33.693784350134,-3.00000077991445,29.8316413881262));
#4575=CARTESIAN_POINT('',(-34.135214729662,-3.00000077991445,29.8316413881262));
#4576=CARTESIAN_POINT('',(-34.5550774515044,-2.90348965624897,29.9185924180454));
#4577=CARTESIAN_POINT('',(-35.3048445226064,-2.56345893227536,30.2028754761881));
#4578=CARTESIAN_POINT('',(-35.6260403410397,-2.32615672367887,30.3934351402963));
#4579=CARTESIAN_POINT('',(-36.1420044466059,-1.77402202542317,30.7944298770519));
#4580=CARTESIAN_POINT('',(-36.3433785219118,-1.45530805926349,31.0081575797745));
#4581=CARTESIAN_POINT('',(-36.5499049043845,-0.936657185621186,31.3166849054157));
#4582=CARTESIAN_POINT('',(-36.6030838871083,-0.756157207374519,31.4181381725002));
#4583=CARTESIAN_POINT('',(-36.6750465430188,-0.384582058192267,31.6139120356344));
#4584=CARTESIAN_POINT('',(-36.693784350134,-0.193667513562778,31.7081381415268));
#4585=CARTESIAN_POINT('',(-36.693784350134,-7.7991444856334E-7,31.7971463645152));
#4586=CARTESIAN_POINT('',(-36.693784350134,-7.7991444688696E-7,28.4009992320953));
#4587=CARTESIAN_POINT('',(-36.693784350134,-3.00000077991445,28.4009992320953));
#4588=CARTESIAN_POINT('',(-33.693784350134,-3.00000077991445,28.4009992320953));
#4589=CARTESIAN_POINT('',(-30.693784350134,-3.00000077991445,28.4009992320953));
#4590=CARTESIAN_POINT('',(-30.693784350134,-7.79914447511623E-7,28.4009992320953));
#4591=CARTESIAN_POINT('',(-32.193784350134,-7.79914446365065E-7,28.4009992320953));
#4592=CARTESIAN_POINT('',(-32.193784350134,-1.50000077991444,28.4009992320953));
#4593=CARTESIAN_POINT('',(-33.693784350134,-1.50000077991444,28.4009992320953));
#4594=CARTESIAN_POINT('',(-35.193784350134,-1.50000077991444,28.4009992320953));
#4595=CARTESIAN_POINT('',(-35.193784350134,-7.79914447053356E-7,28.4009992320953));
#4596=CARTESIAN_POINT('',(-32.193784350134,-7.79914445308532E-7,22.3140411876617));
#4597=CARTESIAN_POINT('',(-32.193784350134,-7.79914446365065E-7,28.4009992320953));
#4598=CARTESIAN_POINT('',(-35.193784350134,-7.79914457582034E-7,22.3140411876617));
#4599=CARTESIAN_POINT('',(-35.193784350134,-0.19837995051632,22.3140411876617));
#4600=CARTESIAN_POINT('',(-35.1545284413161,-0.393884245785592,22.302467620275));
#4601=CARTESIAN_POINT('',(-35.0031626891769,-0.757821214484697,22.2623416395739));
#4602=CARTESIAN_POINT('',(-34.8927851106322,-0.922342804110105,22.2344111510197));
#4603=CARTESIAN_POINT('',(-34.6159550537441,-1.19912796853435,22.1773536995243));
#4604=CARTESIAN_POINT('',(-34.4514457893396,-1.3094561509036,22.1488717477133));
#4605=CARTESIAN_POINT('',(-34.0876313392722,-1.46074910920409,22.1075059164861));
#4606=CARTESIAN_POINT('',(-33.8921996550638,-1.50000077991445,22.0953590683144));
#4607=CARTESIAN_POINT('',(-33.693784350134,-1.50000077991445,22.0953590683144));
#4608=CARTESIAN_POINT('',(-33.4953218819606,-1.50000077991445,22.0953590683144));
#4609=CARTESIAN_POINT('',(-33.2998932625183,-1.46073077076505,22.1075109304986));
#4610=CARTESIAN_POINT('',(-32.9361544083344,-1.30946924916214,22.1488681664472));
#4611=CARTESIAN_POINT('',(-32.7716380148151,-1.19915233287382,22.1773486769751));
#4612=CARTESIAN_POINT('',(-32.4947586992178,-0.922317917728403,22.2344162811845));
#4613=CARTESIAN_POINT('',(-32.3843926384838,-0.757789061992426,22.2623451845566));
#4614=CARTESIAN_POINT('',(-32.2330582760598,-0.393927565304779,22.3024628440683));
#4615=CARTESIAN_POINT('',(-32.193784350134,-0.198426509982321,22.3140411876617));
#4616=CARTESIAN_POINT('',(-32.193784350134,-7.79914445308532E-7,22.3140411876617));
#4617=CARTESIAN_POINT('',(36.926031354326,-3.97875036668112,-15.8859793282308));
#4618=CARTESIAN_POINT('',(32.9472817675593,-7.16932010361423,-15.8859793282309));
#4619=CARTESIAN_POINT('',(29.7567120306262,-3.19057051684759,-15.8859793282309));
#4620=CARTESIAN_POINT('',(26.5661422936931,0.788179069919046,-15.8859793282309));
#4621=CARTESIAN_POINT('',(30.5448918804597,3.97874880685219,-15.8859793282308));
#4622=CARTESIAN_POINT('',(28.6680911951246,6.31918345235794,-15.8859793282308));
#4623=CARTESIAN_POINT('',(34.987275427397,11.3865538746262,-15.8859793282308));
#4624=CARTESIAN_POINT('',(40.0546458496653,5.06736964235383,-15.8859793282308));
#4625=CARTESIAN_POINT('',(45.1220162719336,-1.25181458991856,-15.8859793282308));
#4626=CARTESIAN_POINT('',(38.8028320396612,-6.31918501218686,-15.8859793282308));
#4627=CARTESIAN_POINT('',(30.5448918804597,3.97874880685219,-15.8859793282308));
#4628=CARTESIAN_POINT('',(34.5236414672264,7.16931854378539,-15.8859793282309));
#4629=CARTESIAN_POINT('',(37.7142112041595,3.1905689570187,-15.8859793282309));
#4630=CARTESIAN_POINT('',(40.9047809410927,-0.788180629747981,-15.8859793282309));
#4631=CARTESIAN_POINT('',(36.926031354326,-3.97875036668112,-15.8859793282308));
#4632=CARTESIAN_POINT('',(38.8028320396612,-6.31918501218686,-15.8859793282308));
#4633=CARTESIAN_POINT('',(32.4836478073888,-11.3865554344552,-15.8859793282308));
#4634=CARTESIAN_POINT('',(27.4162773851205,-5.06737120218276,-15.8859793282308));
#4635=CARTESIAN_POINT('',(22.3489069628522,1.25181303008964,-15.8859793282309));
#4636=CARTESIAN_POINT('',(28.6680911951246,6.31918345235794,-15.8859793282308));
#4637=CARTESIAN_POINT('',(-38.7611547724023,6.31918345235795,-15.8859793282308));
#4638=CARTESIAN_POINT('',(-32.44197054008,11.3865538746661,-15.8859793282308));
#4639=CARTESIAN_POINT('',(-27.3746001178217,5.0673696423039,-15.8859793282308));
#4640=CARTESIAN_POINT('',(-22.3072296955633,-1.25181459005832,-15.8859793282308));
#4641=CARTESIAN_POINT('',(-28.6264139279655,-6.31918501226684,-15.8859793282308));
#4642=CARTESIAN_POINT('',(-30.5032146132009,-3.97875036668112,-15.8859793282308));
#4643=CARTESIAN_POINT('',(-34.4819641999676,-7.16932010361432,-15.8859793282309));
#4644=CARTESIAN_POINT('',(-37.6725339369007,-3.19057051684764,-15.8859793282309));
#4645=CARTESIAN_POINT('',(-40.8631036738339,0.788179069919043,-15.8859793282309));
#4646=CARTESIAN_POINT('',(-36.8843540870672,3.97874880685218,-15.8859793282309));
#4647=CARTESIAN_POINT('',(-28.6264139279655,-6.31918501226685,-15.8859793282308));
#4648=CARTESIAN_POINT('',(-34.9455981602681,-11.3865554343954,-15.8859793282309));
#4649=CARTESIAN_POINT('',(-40.0129685824465,-5.06737120213288,-15.8859793282309));
#4650=CARTESIAN_POINT('',(-45.0803390046249,1.25181303012969,-15.8859793282309));
#4651=CARTESIAN_POINT('',(-38.7611547724023,6.31918345235795,-15.8859793282308));
#4652=CARTESIAN_POINT('',(-36.8843540870672,3.97874880685219,-15.8859793282309));
#4653=CARTESIAN_POINT('',(-32.9056045003005,7.16931854378537,-15.8859793282309));
#4654=CARTESIAN_POINT('',(-29.7150347633674,3.1905689570187,-15.8859793282309));
#4655=CARTESIAN_POINT('',(-26.5244650264342,-0.788180629747972,-15.8859793282309));
#4656=CARTESIAN_POINT('',(-30.5032146132009,-3.97875036668111,-15.8859793282308));
#4657=CARTESIAN_POINT('',(36.926031354326,-3.97875036668112,-15.8859793282308));
#4658=CARTESIAN_POINT('',(36.926031354326,-3.97875036668112,10.1250963531571));
#4659=CARTESIAN_POINT('',(28.6680911951246,6.31918345235794,-15.8859793282308));
#4660=CARTESIAN_POINT('',(28.6680911951246,6.31918345235794,-8.18676072440779));
#4661=CARTESIAN_POINT('',(-38.7611547724023,6.31918345235795,-15.8859793282308));
#4662=CARTESIAN_POINT('',(-38.7611547724023,6.31918345235794,-8.18676072440779));
#4663=CARTESIAN_POINT('',(-30.5032146132009,-3.97875036668112,-15.8859793282308));
#4664=CARTESIAN_POINT('',(-30.5032146132009,-3.97875036668112,10.1250963531571));
#4665=CARTESIAN_POINT('',(-47.2848215651583,9.41898845021682,0.466333663905));
#4666=CARTESIAN_POINT('',(-47.2848215651583,9.41898845021682,6.38978646974861));
#4667=CARTESIAN_POINT('',(-47.2848215651583,9.41898845021682,12.3132392755922));
#4668=CARTESIAN_POINT('',(-47.2848215651583,10.2189885312955,-0.233666336094993));
#4669=CARTESIAN_POINT('',(-47.2848215651583,10.1189884502168,-0.233666336094993));
#4670=CARTESIAN_POINT('',(47.2848215651583,10.1189884502168,-0.233666336094993));
#4671=CARTESIAN_POINT('',(47.2848215651583,10.2189885312955,-0.233666336094993));
#4672=CARTESIAN_POINT('',(47.2848215651583,9.41898845021682,-0.23366633609499));
#4673=CARTESIAN_POINT('',(47.2848215651583,9.41898845021682,0.466333225846572));
#4674=CARTESIAN_POINT('',(47.2848215651583,9.41898845021682,0.466333225846572));
#4675=CARTESIAN_POINT('',(47.2848215651583,9.41898845021682,0.466333663905004));
#4676=CARTESIAN_POINT('',(-47.2848215651583,9.41898845021682,0.466333663905));
#4677=CARTESIAN_POINT('',(-47.2848215651583,9.41898845021682,0.466333222871543));
#4678=CARTESIAN_POINT('',(-47.2848215651583,9.41898845021682,0.466333222871543));
#4679=CARTESIAN_POINT('',(-47.2848215651583,9.41898845021682,-0.233666336094992));
#4680=CARTESIAN_POINT('',(-47.2848215651583,10.9189885312955,-0.233666336094992));
#4681=CARTESIAN_POINT('',(-47.2848215651583,10.9189885312955,0.466333663905004));
#4682=CARTESIAN_POINT('',(47.2848215651583,10.9189885312955,-0.233666336094992));
#4683=CARTESIAN_POINT('',(47.2848215651583,10.9189885312955,0.466333663905004));
#4684=CARTESIAN_POINT('',(47.2848215651583,9.41898845021682,0.466333663905004));
#4685=CARTESIAN_POINT('',(-47.2848215651583,9.41898845021682,0.466333663905));
#4686=CARTESIAN_POINT('',(47.2848215651583,10.2189885312955,-0.233666336094993));
#4687=CARTESIAN_POINT('',(-47.2848215651583,10.2189885312955,-0.233666336094993));
#4688=CARTESIAN_POINT('',(47.2848215651583,10.1189884502168,-0.233666336094993));
#4689=CARTESIAN_POINT('',(-47.2848215651583,10.1189884502168,-0.233666336094993));
#4690=CARTESIAN_POINT('',(47.2848215651583,10.9189885312955,0.466333663905004));
#4691=CARTESIAN_POINT('',(-47.2848215651583,10.9189885312955,0.466333663905004));
#4692=CARTESIAN_POINT('',(-47.2848215651583,10.9189885312955,0.466333663905004));
#4693=CARTESIAN_POINT('',(-47.2848215651583,10.9189885312955,6.38978646974861));
#4694=CARTESIAN_POINT('',(-47.2848215651583,10.9189885312955,12.3132392755922));
#4695=CARTESIAN_POINT('',(47.2848215651583,10.1189884502168,-0.233666336094993));
#4696=CARTESIAN_POINT('',(47.2848215651583,9.41898888827506,-0.233666336094988));
#4697=CARTESIAN_POINT('',(47.2848215651583,9.41898845021682,0.466333225846572));
#4698=CARTESIAN_POINT('',(-47.2848215651583,9.41898845021682,0.466333222871543));
#4699=CARTESIAN_POINT('',(-47.2848215651583,9.41898889125007,-0.233666336094996));
#4700=CARTESIAN_POINT('',(-47.2848215651583,10.1189884502168,-0.233666336094993));
#4701=CARTESIAN_POINT('',(-47.2848215651583,10.2189885312955,-0.233666336094993));
#4702=CARTESIAN_POINT('',(-47.2848215651583,10.9189885312955,-0.233666336094995));
#4703=CARTESIAN_POINT('',(-47.2848215651583,10.9189885312955,0.466333663905004));
#4704=CARTESIAN_POINT('',(47.2848215651583,10.9189885312955,0.466333663905004));
#4705=CARTESIAN_POINT('',(47.2848215651583,10.9189885312955,-0.233666336094994));
#4706=CARTESIAN_POINT('',(47.2848215651583,10.2189885312955,-0.233666336094993));
#4707=CARTESIAN_POINT('',(0.,0.,0.));
ENDSEC;
END-ISO-10303-21;
