ISO-10303-21;
HEADER;
/* Generated by software containing ST-Developer
 * from STEP Tools, Inc. (www.steptools.com) 
 */
/* OPTION: using custom schema-name function */

FILE_DESCRIPTION(
/* description */ (''),
/* implementation_level */ '2;1');

FILE_NAME(
/* name */ 'top',
/* time_stamp */ '2026-06-28T17:21:44+03:00',
/* author */ (''),
/* organization */ (''),
/* preprocessor_version */ 'ST-DEVELOPER v16.5',
/* originating_system */ 'Rhino 7.13',
/* authorisation */ '');

FILE_SCHEMA (('CONFIG_CONTROL_DESIGN'));
ENDSEC;

DATA;
#10=SHAPE_REPRESENTATION_RELATIONSHIP('','',#908,#12);
#11=MANIFOLD_SOLID_BREP('brep_1',#13);
#12=ADVANCED_BREP_SHAPE_REPRESENTATION('brep_rep_0',(#11,#961),#907);
#13=CLOSED_SHELL('',(#14,#15,#16,#17,#18,#19,#20,#21,#22,#23,#24,#25,#26,
#27,#28,#29,#30,#31,#32,#33,#34,#35,#36,#37,#38,#39,#40,#41,#42,#43,#44,
#45,#46,#47,#48,#49,#50,#51,#52,#53,#54,#55,#56,#57,#58,#59,#60,#61,#62,
#63,#64));
#14=ADVANCED_FACE('',(#69,#65),#795,.T.);
#15=ADVANCED_FACE('',(#70),#796,.T.);
#16=ADVANCED_FACE('',(#71),#797,.T.);
#17=ADVANCED_FACE('',(#72,#66),#798,.T.);
#18=ADVANCED_FACE('',(#73),#799,.T.);
#19=ADVANCED_FACE('',(#74,#67),#800,.T.);
#20=ADVANCED_FACE('',(#75),#801,.T.);
#21=ADVANCED_FACE('',(#76),#802,.T.);
#22=ADVANCED_FACE('',(#77),#803,.T.);
#23=ADVANCED_FACE('',(#78),#804,.T.);
#24=ADVANCED_FACE('',(#79),#805,.T.);
#25=ADVANCED_FACE('',(#80),#806,.T.);
#26=ADVANCED_FACE('',(#81),#807,.T.);
#27=ADVANCED_FACE('',(#82,#68),#808,.T.);
#28=ADVANCED_FACE('',(#83),#809,.T.);
#29=ADVANCED_FACE('',(#84),#810,.T.);
#30=ADVANCED_FACE('',(#85),#811,.T.);
#31=ADVANCED_FACE('',(#86),#771,.T.);
#32=ADVANCED_FACE('',(#87),#772,.T.);
#33=ADVANCED_FACE('',(#88),#773,.T.);
#34=ADVANCED_FACE('',(#89),#774,.T.);
#35=ADVANCED_FACE('',(#90),#775,.T.);
#36=ADVANCED_FACE('',(#91),#776,.T.);
#37=ADVANCED_FACE('',(#92),#777,.T.);
#38=ADVANCED_FACE('',(#93),#778,.T.);
#39=ADVANCED_FACE('',(#94),#779,.T.);
#40=ADVANCED_FACE('',(#95),#780,.T.);
#41=ADVANCED_FACE('',(#96),#812,.T.);
#42=ADVANCED_FACE('',(#97),#813,.T.);
#43=ADVANCED_FACE('',(#98),#814,.T.);
#44=ADVANCED_FACE('',(#99),#815,.T.);
#45=ADVANCED_FACE('',(#100),#816,.T.);
#46=ADVANCED_FACE('',(#101),#817,.T.);
#47=ADVANCED_FACE('',(#102),#818,.T.);
#48=ADVANCED_FACE('',(#103),#819,.T.);
#49=ADVANCED_FACE('',(#104),#820,.T.);
#50=ADVANCED_FACE('',(#105),#821,.T.);
#51=ADVANCED_FACE('',(#106),#781,.T.);
#52=ADVANCED_FACE('',(#107),#782,.T.);
#53=ADVANCED_FACE('',(#108),#783,.T.);
#54=ADVANCED_FACE('',(#109),#784,.T.);
#55=ADVANCED_FACE('',(#110),#785,.T.);
#56=ADVANCED_FACE('',(#111),#786,.T.);
#57=ADVANCED_FACE('',(#112),#787,.T.);
#58=ADVANCED_FACE('',(#113),#788,.T.);
#59=ADVANCED_FACE('',(#114),#789,.T.);
#60=ADVANCED_FACE('',(#115),#790,.T.);
#61=ADVANCED_FACE('',(#116),#791,.F.);
#62=ADVANCED_FACE('',(#117),#792,.F.);
#63=ADVANCED_FACE('',(#118),#793,.F.);
#64=ADVANCED_FACE('',(#119),#794,.F.);
#65=FACE_BOUND('',#121,.T.);
#66=FACE_BOUND('',#125,.T.);
#67=FACE_BOUND('',#128,.T.);
#68=FACE_BOUND('',#137,.T.);
#69=FACE_OUTER_BOUND('',#120,.T.);
#70=FACE_OUTER_BOUND('',#122,.T.);
#71=FACE_OUTER_BOUND('',#123,.T.);
#72=FACE_OUTER_BOUND('',#124,.T.);
#73=FACE_OUTER_BOUND('',#126,.T.);
#74=FACE_OUTER_BOUND('',#127,.T.);
#75=FACE_OUTER_BOUND('',#129,.T.);
#76=FACE_OUTER_BOUND('',#130,.T.);
#77=FACE_OUTER_BOUND('',#131,.T.);
#78=FACE_OUTER_BOUND('',#132,.T.);
#79=FACE_OUTER_BOUND('',#133,.T.);
#80=FACE_OUTER_BOUND('',#134,.T.);
#81=FACE_OUTER_BOUND('',#135,.T.);
#82=FACE_OUTER_BOUND('',#136,.T.);
#83=FACE_OUTER_BOUND('',#138,.T.);
#84=FACE_OUTER_BOUND('',#139,.T.);
#85=FACE_OUTER_BOUND('',#140,.T.);
#86=FACE_OUTER_BOUND('',#141,.T.);
#87=FACE_OUTER_BOUND('',#142,.T.);
#88=FACE_OUTER_BOUND('',#143,.T.);
#89=FACE_OUTER_BOUND('',#144,.T.);
#90=FACE_OUTER_BOUND('',#145,.T.);
#91=FACE_OUTER_BOUND('',#146,.T.);
#92=FACE_OUTER_BOUND('',#147,.T.);
#93=FACE_OUTER_BOUND('',#148,.T.);
#94=FACE_OUTER_BOUND('',#149,.T.);
#95=FACE_OUTER_BOUND('',#150,.T.);
#96=FACE_OUTER_BOUND('',#151,.T.);
#97=FACE_OUTER_BOUND('',#152,.T.);
#98=FACE_OUTER_BOUND('',#153,.T.);
#99=FACE_OUTER_BOUND('',#154,.T.);
#100=FACE_OUTER_BOUND('',#155,.T.);
#101=FACE_OUTER_BOUND('',#156,.T.);
#102=FACE_OUTER_BOUND('',#157,.T.);
#103=FACE_OUTER_BOUND('',#158,.T.);
#104=FACE_OUTER_BOUND('',#159,.T.);
#105=FACE_OUTER_BOUND('',#160,.T.);
#106=FACE_OUTER_BOUND('',#161,.T.);
#107=FACE_OUTER_BOUND('',#162,.T.);
#108=FACE_OUTER_BOUND('',#163,.T.);
#109=FACE_OUTER_BOUND('',#164,.T.);
#110=FACE_OUTER_BOUND('',#165,.T.);
#111=FACE_OUTER_BOUND('',#166,.T.);
#112=FACE_OUTER_BOUND('',#167,.T.);
#113=FACE_OUTER_BOUND('',#168,.T.);
#114=FACE_OUTER_BOUND('',#169,.T.);
#115=FACE_OUTER_BOUND('',#170,.T.);
#116=FACE_OUTER_BOUND('',#171,.T.);
#117=FACE_OUTER_BOUND('',#172,.T.);
#118=FACE_OUTER_BOUND('',#173,.T.);
#119=FACE_OUTER_BOUND('',#174,.T.);
#120=EDGE_LOOP('',(#175,#176,#177,#178));
#121=EDGE_LOOP('',(#179,#180));
#122=EDGE_LOOP('',(#181,#182,#183,#184,#185,#186));
#123=EDGE_LOOP('',(#187,#188,#189,#190,#191,#192));
#124=EDGE_LOOP('',(#193,#194,#195,#196));
#125=EDGE_LOOP('',(#197,#198));
#126=EDGE_LOOP('',(#199,#200,#201,#202));
#127=EDGE_LOOP('',(#203,#204,#205,#206));
#128=EDGE_LOOP('',(#207,#208));
#129=EDGE_LOOP('',(#209,#210,#211,#212));
#130=EDGE_LOOP('',(#213,#214,#215,#216));
#131=EDGE_LOOP('',(#217,#218,#219,#220));
#132=EDGE_LOOP('',(#221,#222,#223,#224));
#133=EDGE_LOOP('',(#225,#226,#227,#228));
#134=EDGE_LOOP('',(#229,#230,#231,#232));
#135=EDGE_LOOP('',(#233,#234,#235,#236));
#136=EDGE_LOOP('',(#237,#238,#239,#240));
#137=EDGE_LOOP('',(#241,#242));
#138=EDGE_LOOP('',(#243,#244,#245,#246));
#139=EDGE_LOOP('',(#247,#248,#249,#250,#251,#252,#253,#254,#255,#256,#257,
#258,#259,#260,#261,#262,#263,#264,#265,#266,#267,#268,#269,#270,#271));
#140=EDGE_LOOP('',(#272,#273,#274,#275,#276,#277,#278,#279,#280,#281,#282,
#283,#284,#285,#286,#287,#288,#289,#290,#291,#292,#293,#294,#295,#296));
#141=EDGE_LOOP('',(#297,#298,#299,#300));
#142=EDGE_LOOP('',(#301,#302,#303,#304));
#143=EDGE_LOOP('',(#305,#306,#307,#308));
#144=EDGE_LOOP('',(#309,#310,#311,#312));
#145=EDGE_LOOP('',(#313,#314,#315,#316));
#146=EDGE_LOOP('',(#317,#318,#319,#320));
#147=EDGE_LOOP('',(#321,#322,#323,#324));
#148=EDGE_LOOP('',(#325,#326,#327,#328));
#149=EDGE_LOOP('',(#329,#330,#331,#332));
#150=EDGE_LOOP('',(#333,#334,#335,#336));
#151=EDGE_LOOP('',(#337,#338,#339,#340));
#152=EDGE_LOOP('',(#341,#342,#343,#344));
#153=EDGE_LOOP('',(#345,#346,#347,#348));
#154=EDGE_LOOP('',(#349,#350,#351,#352));
#155=EDGE_LOOP('',(#353,#354,#355,#356));
#156=EDGE_LOOP('',(#357,#358,#359,#360));
#157=EDGE_LOOP('',(#361,#362,#363,#364));
#158=EDGE_LOOP('',(#365,#366,#367,#368));
#159=EDGE_LOOP('',(#369,#370,#371,#372));
#160=EDGE_LOOP('',(#373,#374,#375,#376));
#161=EDGE_LOOP('',(#377,#378,#379,#380));
#162=EDGE_LOOP('',(#381,#382,#383,#384));
#163=EDGE_LOOP('',(#385,#386,#387,#388));
#164=EDGE_LOOP('',(#389,#390,#391,#392));
#165=EDGE_LOOP('',(#393,#394,#395,#396));
#166=EDGE_LOOP('',(#397,#398,#399,#400));
#167=EDGE_LOOP('',(#401,#402,#403,#404));
#168=EDGE_LOOP('',(#405,#406,#407,#408));
#169=EDGE_LOOP('',(#409,#410,#411,#412));
#170=EDGE_LOOP('',(#413,#414,#415,#416));
#171=EDGE_LOOP('',(#417,#418,#419,#420));
#172=EDGE_LOOP('',(#421,#422,#423,#424));
#173=EDGE_LOOP('',(#425,#426,#427,#428));
#174=EDGE_LOOP('',(#429,#430,#431,#432));
#175=ORIENTED_EDGE('',*,*,#433,.T.);
#176=ORIENTED_EDGE('',*,*,#434,.T.);
#177=ORIENTED_EDGE('',*,*,#435,.T.);
#178=ORIENTED_EDGE('',*,*,#436,.T.);
#179=ORIENTED_EDGE('',*,*,#558,.T.);
#180=ORIENTED_EDGE('',*,*,#551,.T.);
#181=ORIENTED_EDGE('',*,*,#437,.T.);
#182=ORIENTED_EDGE('',*,*,#434,.F.);
#183=ORIENTED_EDGE('',*,*,#438,.T.);
#184=ORIENTED_EDGE('',*,*,#489,.T.);
#185=ORIENTED_EDGE('',*,*,#439,.T.);
#186=ORIENTED_EDGE('',*,*,#535,.T.);
#187=ORIENTED_EDGE('',*,*,#440,.T.);
#188=ORIENTED_EDGE('',*,*,#513,.T.);
#189=ORIENTED_EDGE('',*,*,#441,.T.);
#190=ORIENTED_EDGE('',*,*,#442,.T.);
#191=ORIENTED_EDGE('',*,*,#443,.T.);
#192=ORIENTED_EDGE('',*,*,#549,.T.);
#193=ORIENTED_EDGE('',*,*,#444,.T.);
#194=ORIENTED_EDGE('',*,*,#445,.T.);
#195=ORIENTED_EDGE('',*,*,#446,.T.);
#196=ORIENTED_EDGE('',*,*,#442,.F.);
#197=ORIENTED_EDGE('',*,*,#560,.T.);
#198=ORIENTED_EDGE('',*,*,#555,.T.);
#199=ORIENTED_EDGE('',*,*,#447,.T.);
#200=ORIENTED_EDGE('',*,*,#448,.T.);
#201=ORIENTED_EDGE('',*,*,#449,.T.);
#202=ORIENTED_EDGE('',*,*,#445,.F.);
#203=ORIENTED_EDGE('',*,*,#450,.T.);
#204=ORIENTED_EDGE('',*,*,#451,.T.);
#205=ORIENTED_EDGE('',*,*,#452,.T.);
#206=ORIENTED_EDGE('',*,*,#448,.F.);
#207=ORIENTED_EDGE('',*,*,#557,.T.);
#208=ORIENTED_EDGE('',*,*,#561,.T.);
#209=ORIENTED_EDGE('',*,*,#453,.T.);
#210=ORIENTED_EDGE('',*,*,#454,.T.);
#211=ORIENTED_EDGE('',*,*,#455,.T.);
#212=ORIENTED_EDGE('',*,*,#451,.F.);
#213=ORIENTED_EDGE('',*,*,#456,.T.);
#214=ORIENTED_EDGE('',*,*,#457,.T.);
#215=ORIENTED_EDGE('',*,*,#458,.T.);
#216=ORIENTED_EDGE('',*,*,#454,.F.);
#217=ORIENTED_EDGE('',*,*,#459,.T.);
#218=ORIENTED_EDGE('',*,*,#460,.T.);
#219=ORIENTED_EDGE('',*,*,#461,.T.);
#220=ORIENTED_EDGE('',*,*,#457,.F.);
#221=ORIENTED_EDGE('',*,*,#462,.T.);
#222=ORIENTED_EDGE('',*,*,#463,.T.);
#223=ORIENTED_EDGE('',*,*,#464,.T.);
#224=ORIENTED_EDGE('',*,*,#460,.F.);
#225=ORIENTED_EDGE('',*,*,#465,.T.);
#226=ORIENTED_EDGE('',*,*,#466,.T.);
#227=ORIENTED_EDGE('',*,*,#467,.T.);
#228=ORIENTED_EDGE('',*,*,#463,.F.);
#229=ORIENTED_EDGE('',*,*,#468,.T.);
#230=ORIENTED_EDGE('',*,*,#469,.T.);
#231=ORIENTED_EDGE('',*,*,#470,.T.);
#232=ORIENTED_EDGE('',*,*,#466,.F.);
#233=ORIENTED_EDGE('',*,*,#471,.T.);
#234=ORIENTED_EDGE('',*,*,#472,.T.);
#235=ORIENTED_EDGE('',*,*,#473,.T.);
#236=ORIENTED_EDGE('',*,*,#469,.F.);
#237=ORIENTED_EDGE('',*,*,#474,.T.);
#238=ORIENTED_EDGE('',*,*,#475,.T.);
#239=ORIENTED_EDGE('',*,*,#476,.T.);
#240=ORIENTED_EDGE('',*,*,#472,.F.);
#241=ORIENTED_EDGE('',*,*,#553,.T.);
#242=ORIENTED_EDGE('',*,*,#559,.T.);
#243=ORIENTED_EDGE('',*,*,#477,.T.);
#244=ORIENTED_EDGE('',*,*,#436,.F.);
#245=ORIENTED_EDGE('',*,*,#478,.T.);
#246=ORIENTED_EDGE('',*,*,#475,.F.);
#247=ORIENTED_EDGE('',*,*,#492,.T.);
#248=ORIENTED_EDGE('',*,*,#479,.T.);
#249=ORIENTED_EDGE('',*,*,#438,.F.);
#250=ORIENTED_EDGE('',*,*,#433,.F.);
#251=ORIENTED_EDGE('',*,*,#477,.F.);
#252=ORIENTED_EDGE('',*,*,#474,.F.);
#253=ORIENTED_EDGE('',*,*,#471,.F.);
#254=ORIENTED_EDGE('',*,*,#468,.F.);
#255=ORIENTED_EDGE('',*,*,#465,.F.);
#256=ORIENTED_EDGE('',*,*,#462,.F.);
#257=ORIENTED_EDGE('',*,*,#459,.F.);
#258=ORIENTED_EDGE('',*,*,#456,.F.);
#259=ORIENTED_EDGE('',*,*,#453,.F.);
#260=ORIENTED_EDGE('',*,*,#450,.F.);
#261=ORIENTED_EDGE('',*,*,#447,.F.);
#262=ORIENTED_EDGE('',*,*,#444,.F.);
#263=ORIENTED_EDGE('',*,*,#441,.F.);
#264=ORIENTED_EDGE('',*,*,#480,.T.);
#265=ORIENTED_EDGE('',*,*,#510,.T.);
#266=ORIENTED_EDGE('',*,*,#481,.T.);
#267=ORIENTED_EDGE('',*,*,#505,.T.);
#268=ORIENTED_EDGE('',*,*,#482,.T.);
#269=ORIENTED_EDGE('',*,*,#500,.T.);
#270=ORIENTED_EDGE('',*,*,#483,.T.);
#271=ORIENTED_EDGE('',*,*,#495,.T.);
#272=ORIENTED_EDGE('',*,*,#537,.T.);
#273=ORIENTED_EDGE('',*,*,#484,.T.);
#274=ORIENTED_EDGE('',*,*,#541,.T.);
#275=ORIENTED_EDGE('',*,*,#485,.T.);
#276=ORIENTED_EDGE('',*,*,#544,.T.);
#277=ORIENTED_EDGE('',*,*,#486,.T.);
#278=ORIENTED_EDGE('',*,*,#547,.T.);
#279=ORIENTED_EDGE('',*,*,#487,.T.);
#280=ORIENTED_EDGE('',*,*,#443,.F.);
#281=ORIENTED_EDGE('',*,*,#446,.F.);
#282=ORIENTED_EDGE('',*,*,#449,.F.);
#283=ORIENTED_EDGE('',*,*,#452,.F.);
#284=ORIENTED_EDGE('',*,*,#455,.F.);
#285=ORIENTED_EDGE('',*,*,#458,.F.);
#286=ORIENTED_EDGE('',*,*,#461,.F.);
#287=ORIENTED_EDGE('',*,*,#464,.F.);
#288=ORIENTED_EDGE('',*,*,#467,.F.);
#289=ORIENTED_EDGE('',*,*,#470,.F.);
#290=ORIENTED_EDGE('',*,*,#473,.F.);
#291=ORIENTED_EDGE('',*,*,#476,.F.);
#292=ORIENTED_EDGE('',*,*,#478,.F.);
#293=ORIENTED_EDGE('',*,*,#435,.F.);
#294=ORIENTED_EDGE('',*,*,#437,.F.);
#295=ORIENTED_EDGE('',*,*,#488,.T.);
#296=ORIENTED_EDGE('',*,*,#536,.T.);
#297=ORIENTED_EDGE('',*,*,#489,.F.);
#298=ORIENTED_EDGE('',*,*,#479,.F.);
#299=ORIENTED_EDGE('',*,*,#491,.T.);
#300=ORIENTED_EDGE('',*,*,#490,.T.);
#301=ORIENTED_EDGE('',*,*,#491,.F.);
#302=ORIENTED_EDGE('',*,*,#492,.F.);
#303=ORIENTED_EDGE('',*,*,#494,.T.);
#304=ORIENTED_EDGE('',*,*,#493,.T.);
#305=ORIENTED_EDGE('',*,*,#494,.F.);
#306=ORIENTED_EDGE('',*,*,#495,.F.);
#307=ORIENTED_EDGE('',*,*,#496,.T.);
#308=ORIENTED_EDGE('',*,*,#497,.T.);
#309=ORIENTED_EDGE('',*,*,#496,.F.);
#310=ORIENTED_EDGE('',*,*,#483,.F.);
#311=ORIENTED_EDGE('',*,*,#498,.T.);
#312=ORIENTED_EDGE('',*,*,#499,.T.);
#313=ORIENTED_EDGE('',*,*,#498,.F.);
#314=ORIENTED_EDGE('',*,*,#500,.F.);
#315=ORIENTED_EDGE('',*,*,#501,.T.);
#316=ORIENTED_EDGE('',*,*,#502,.T.);
#317=ORIENTED_EDGE('',*,*,#501,.F.);
#318=ORIENTED_EDGE('',*,*,#482,.F.);
#319=ORIENTED_EDGE('',*,*,#503,.T.);
#320=ORIENTED_EDGE('',*,*,#504,.T.);
#321=ORIENTED_EDGE('',*,*,#503,.F.);
#322=ORIENTED_EDGE('',*,*,#505,.F.);
#323=ORIENTED_EDGE('',*,*,#506,.T.);
#324=ORIENTED_EDGE('',*,*,#507,.T.);
#325=ORIENTED_EDGE('',*,*,#506,.F.);
#326=ORIENTED_EDGE('',*,*,#481,.F.);
#327=ORIENTED_EDGE('',*,*,#508,.T.);
#328=ORIENTED_EDGE('',*,*,#509,.T.);
#329=ORIENTED_EDGE('',*,*,#508,.F.);
#330=ORIENTED_EDGE('',*,*,#510,.F.);
#331=ORIENTED_EDGE('',*,*,#512,.T.);
#332=ORIENTED_EDGE('',*,*,#511,.T.);
#333=ORIENTED_EDGE('',*,*,#512,.F.);
#334=ORIENTED_EDGE('',*,*,#480,.F.);
#335=ORIENTED_EDGE('',*,*,#513,.F.);
#336=ORIENTED_EDGE('',*,*,#514,.T.);
#337=ORIENTED_EDGE('',*,*,#439,.F.);
#338=ORIENTED_EDGE('',*,*,#490,.F.);
#339=ORIENTED_EDGE('',*,*,#515,.T.);
#340=ORIENTED_EDGE('',*,*,#516,.T.);
#341=ORIENTED_EDGE('',*,*,#515,.F.);
#342=ORIENTED_EDGE('',*,*,#493,.F.);
#343=ORIENTED_EDGE('',*,*,#517,.T.);
#344=ORIENTED_EDGE('',*,*,#518,.T.);
#345=ORIENTED_EDGE('',*,*,#517,.F.);
#346=ORIENTED_EDGE('',*,*,#497,.F.);
#347=ORIENTED_EDGE('',*,*,#519,.T.);
#348=ORIENTED_EDGE('',*,*,#520,.T.);
#349=ORIENTED_EDGE('',*,*,#519,.F.);
#350=ORIENTED_EDGE('',*,*,#499,.F.);
#351=ORIENTED_EDGE('',*,*,#521,.T.);
#352=ORIENTED_EDGE('',*,*,#522,.T.);
#353=ORIENTED_EDGE('',*,*,#521,.F.);
#354=ORIENTED_EDGE('',*,*,#502,.F.);
#355=ORIENTED_EDGE('',*,*,#523,.T.);
#356=ORIENTED_EDGE('',*,*,#524,.T.);
#357=ORIENTED_EDGE('',*,*,#523,.F.);
#358=ORIENTED_EDGE('',*,*,#504,.F.);
#359=ORIENTED_EDGE('',*,*,#525,.T.);
#360=ORIENTED_EDGE('',*,*,#526,.T.);
#361=ORIENTED_EDGE('',*,*,#525,.F.);
#362=ORIENTED_EDGE('',*,*,#507,.F.);
#363=ORIENTED_EDGE('',*,*,#527,.T.);
#364=ORIENTED_EDGE('',*,*,#528,.T.);
#365=ORIENTED_EDGE('',*,*,#527,.F.);
#366=ORIENTED_EDGE('',*,*,#509,.F.);
#367=ORIENTED_EDGE('',*,*,#529,.T.);
#368=ORIENTED_EDGE('',*,*,#530,.T.);
#369=ORIENTED_EDGE('',*,*,#529,.F.);
#370=ORIENTED_EDGE('',*,*,#511,.F.);
#371=ORIENTED_EDGE('',*,*,#531,.T.);
#372=ORIENTED_EDGE('',*,*,#532,.T.);
#373=ORIENTED_EDGE('',*,*,#531,.F.);
#374=ORIENTED_EDGE('',*,*,#514,.F.);
#375=ORIENTED_EDGE('',*,*,#440,.F.);
#376=ORIENTED_EDGE('',*,*,#533,.T.);
#377=ORIENTED_EDGE('',*,*,#516,.F.);
#378=ORIENTED_EDGE('',*,*,#534,.T.);
#379=ORIENTED_EDGE('',*,*,#488,.F.);
#380=ORIENTED_EDGE('',*,*,#535,.F.);
#381=ORIENTED_EDGE('',*,*,#518,.F.);
#382=ORIENTED_EDGE('',*,*,#538,.T.);
#383=ORIENTED_EDGE('',*,*,#536,.F.);
#384=ORIENTED_EDGE('',*,*,#534,.F.);
#385=ORIENTED_EDGE('',*,*,#520,.F.);
#386=ORIENTED_EDGE('',*,*,#539,.T.);
#387=ORIENTED_EDGE('',*,*,#537,.F.);
#388=ORIENTED_EDGE('',*,*,#538,.F.);
#389=ORIENTED_EDGE('',*,*,#522,.F.);
#390=ORIENTED_EDGE('',*,*,#542,.T.);
#391=ORIENTED_EDGE('',*,*,#484,.F.);
#392=ORIENTED_EDGE('',*,*,#539,.F.);
#393=ORIENTED_EDGE('',*,*,#524,.F.);
#394=ORIENTED_EDGE('',*,*,#540,.T.);
#395=ORIENTED_EDGE('',*,*,#541,.F.);
#396=ORIENTED_EDGE('',*,*,#542,.F.);
#397=ORIENTED_EDGE('',*,*,#526,.F.);
#398=ORIENTED_EDGE('',*,*,#543,.T.);
#399=ORIENTED_EDGE('',*,*,#485,.F.);
#400=ORIENTED_EDGE('',*,*,#540,.F.);
#401=ORIENTED_EDGE('',*,*,#528,.F.);
#402=ORIENTED_EDGE('',*,*,#545,.T.);
#403=ORIENTED_EDGE('',*,*,#544,.F.);
#404=ORIENTED_EDGE('',*,*,#543,.F.);
#405=ORIENTED_EDGE('',*,*,#530,.F.);
#406=ORIENTED_EDGE('',*,*,#548,.T.);
#407=ORIENTED_EDGE('',*,*,#486,.F.);
#408=ORIENTED_EDGE('',*,*,#545,.F.);
#409=ORIENTED_EDGE('',*,*,#532,.F.);
#410=ORIENTED_EDGE('',*,*,#546,.T.);
#411=ORIENTED_EDGE('',*,*,#547,.F.);
#412=ORIENTED_EDGE('',*,*,#548,.F.);
#413=ORIENTED_EDGE('',*,*,#533,.F.);
#414=ORIENTED_EDGE('',*,*,#549,.F.);
#415=ORIENTED_EDGE('',*,*,#487,.F.);
#416=ORIENTED_EDGE('',*,*,#546,.F.);
#417=ORIENTED_EDGE('',*,*,#551,.F.);
#418=ORIENTED_EDGE('',*,*,#552,.F.);
#419=ORIENTED_EDGE('',*,*,#553,.F.);
#420=ORIENTED_EDGE('',*,*,#550,.F.);
#421=ORIENTED_EDGE('',*,*,#555,.F.);
#422=ORIENTED_EDGE('',*,*,#556,.F.);
#423=ORIENTED_EDGE('',*,*,#557,.F.);
#424=ORIENTED_EDGE('',*,*,#554,.F.);
#425=ORIENTED_EDGE('',*,*,#550,.T.);
#426=ORIENTED_EDGE('',*,*,#559,.F.);
#427=ORIENTED_EDGE('',*,*,#552,.T.);
#428=ORIENTED_EDGE('',*,*,#558,.F.);
#429=ORIENTED_EDGE('',*,*,#554,.T.);
#430=ORIENTED_EDGE('',*,*,#561,.F.);
#431=ORIENTED_EDGE('',*,*,#556,.T.);
#432=ORIENTED_EDGE('',*,*,#560,.F.);
#433=EDGE_CURVE('',#691,#692,#586,.T.);
#434=EDGE_CURVE('',#692,#693,#587,.T.);
#435=EDGE_CURVE('',#693,#694,#588,.T.);
#436=EDGE_CURVE('',#694,#691,#589,.T.);
#437=EDGE_CURVE('',#697,#693,#590,.T.);
#438=EDGE_CURVE('',#692,#698,#591,.T.);
#439=EDGE_CURVE('',#699,#700,#592,.T.);
#440=EDGE_CURVE('',#701,#702,#593,.T.);
#441=EDGE_CURVE('',#703,#704,#594,.T.);
#442=EDGE_CURVE('',#704,#705,#595,.T.);
#443=EDGE_CURVE('',#705,#706,#596,.T.);
#444=EDGE_CURVE('',#704,#707,#597,.T.);
#445=EDGE_CURVE('',#707,#708,#598,.T.);
#446=EDGE_CURVE('',#708,#705,#599,.T.);
#447=EDGE_CURVE('',#707,#711,#600,.T.);
#448=EDGE_CURVE('',#711,#712,#601,.T.);
#449=EDGE_CURVE('',#712,#708,#602,.T.);
#450=EDGE_CURVE('',#711,#713,#603,.T.);
#451=EDGE_CURVE('',#713,#714,#604,.T.);
#452=EDGE_CURVE('',#714,#712,#605,.T.);
#453=EDGE_CURVE('',#713,#717,#606,.T.);
#454=EDGE_CURVE('',#717,#718,#607,.T.);
#455=EDGE_CURVE('',#718,#714,#608,.T.);
#456=EDGE_CURVE('',#717,#719,#609,.T.);
#457=EDGE_CURVE('',#719,#720,#610,.T.);
#458=EDGE_CURVE('',#720,#718,#611,.T.);
#459=EDGE_CURVE('',#719,#721,#612,.T.);
#460=EDGE_CURVE('',#721,#722,#613,.T.);
#461=EDGE_CURVE('',#722,#720,#614,.T.);
#462=EDGE_CURVE('',#721,#723,#615,.T.);
#463=EDGE_CURVE('',#723,#724,#616,.T.);
#464=EDGE_CURVE('',#724,#722,#617,.T.);
#465=EDGE_CURVE('',#723,#725,#618,.T.);
#466=EDGE_CURVE('',#725,#726,#619,.T.);
#467=EDGE_CURVE('',#726,#724,#620,.T.);
#468=EDGE_CURVE('',#725,#727,#621,.T.);
#469=EDGE_CURVE('',#727,#728,#622,.T.);
#470=EDGE_CURVE('',#728,#726,#623,.T.);
#471=EDGE_CURVE('',#727,#729,#624,.T.);
#472=EDGE_CURVE('',#729,#730,#625,.T.);
#473=EDGE_CURVE('',#730,#728,#626,.T.);
#474=EDGE_CURVE('',#729,#731,#627,.T.);
#475=EDGE_CURVE('',#731,#732,#628,.T.);
#476=EDGE_CURVE('',#732,#730,#629,.T.);
#477=EDGE_CURVE('',#731,#691,#630,.T.);
#478=EDGE_CURVE('',#694,#732,#631,.T.);
#479=EDGE_CURVE('',#736,#698,#632,.T.);
#480=EDGE_CURVE('',#703,#737,#633,.T.);
#481=EDGE_CURVE('',#738,#739,#634,.T.);
#482=EDGE_CURVE('',#740,#741,#635,.T.);
#483=EDGE_CURVE('',#742,#743,#636,.T.);
#484=EDGE_CURVE('',#745,#746,#637,.T.);
#485=EDGE_CURVE('',#747,#748,#638,.T.);
#486=EDGE_CURVE('',#749,#750,#639,.T.);
#487=EDGE_CURVE('',#751,#706,#640,.T.);
#488=EDGE_CURVE('',#697,#752,#641,.T.);
#489=EDGE_CURVE('',#698,#699,#562,.T.);
#490=EDGE_CURVE('',#753,#699,#563,.T.);
#491=EDGE_CURVE('',#736,#753,#642,.T.);
#492=EDGE_CURVE('',#735,#736,#564,.T.);
#493=EDGE_CURVE('',#754,#753,#643,.T.);
#494=EDGE_CURVE('',#735,#754,#644,.T.);
#495=EDGE_CURVE('',#743,#735,#565,.T.);
#496=EDGE_CURVE('',#743,#755,#645,.T.);
#497=EDGE_CURVE('',#755,#754,#646,.T.);
#498=EDGE_CURVE('',#742,#756,#647,.T.);
#499=EDGE_CURVE('',#756,#755,#648,.T.);
#500=EDGE_CURVE('',#741,#742,#566,.T.);
#501=EDGE_CURVE('',#741,#757,#649,.T.);
#502=EDGE_CURVE('',#757,#756,#650,.T.);
#503=EDGE_CURVE('',#740,#758,#651,.T.);
#504=EDGE_CURVE('',#758,#757,#652,.T.);
#505=EDGE_CURVE('',#739,#740,#567,.T.);
#506=EDGE_CURVE('',#739,#759,#653,.T.);
#507=EDGE_CURVE('',#759,#758,#654,.T.);
#508=EDGE_CURVE('',#738,#760,#655,.T.);
#509=EDGE_CURVE('',#760,#759,#656,.T.);
#510=EDGE_CURVE('',#737,#738,#568,.T.);
#511=EDGE_CURVE('',#761,#760,#657,.T.);
#512=EDGE_CURVE('',#737,#761,#658,.T.);
#513=EDGE_CURVE('',#702,#703,#569,.T.);
#514=EDGE_CURVE('',#702,#761,#659,.T.);
#515=EDGE_CURVE('',#753,#762,#660,.T.);
#516=EDGE_CURVE('',#762,#700,#570,.T.);
#517=EDGE_CURVE('',#754,#763,#661,.T.);
#518=EDGE_CURVE('',#763,#762,#662,.T.);
#519=EDGE_CURVE('',#755,#764,#663,.T.);
#520=EDGE_CURVE('',#764,#763,#664,.T.);
#521=EDGE_CURVE('',#756,#765,#665,.T.);
#522=EDGE_CURVE('',#765,#764,#666,.T.);
#523=EDGE_CURVE('',#757,#766,#667,.T.);
#524=EDGE_CURVE('',#766,#765,#668,.T.);
#525=EDGE_CURVE('',#758,#767,#669,.T.);
#526=EDGE_CURVE('',#767,#766,#670,.T.);
#527=EDGE_CURVE('',#759,#768,#671,.T.);
#528=EDGE_CURVE('',#768,#767,#672,.T.);
#529=EDGE_CURVE('',#760,#769,#673,.T.);
#530=EDGE_CURVE('',#769,#768,#674,.T.);
#531=EDGE_CURVE('',#761,#770,#675,.T.);
#532=EDGE_CURVE('',#770,#769,#676,.T.);
#533=EDGE_CURVE('',#701,#770,#677,.T.);
#534=EDGE_CURVE('',#762,#752,#678,.T.);
#535=EDGE_CURVE('',#700,#697,#571,.T.);
#536=EDGE_CURVE('',#752,#744,#572,.T.);
#537=EDGE_CURVE('',#744,#745,#573,.T.);
#538=EDGE_CURVE('',#763,#744,#679,.T.);
#539=EDGE_CURVE('',#764,#745,#680,.T.);
#540=EDGE_CURVE('',#766,#747,#681,.T.);
#541=EDGE_CURVE('',#746,#747,#574,.T.);
#542=EDGE_CURVE('',#765,#746,#682,.T.);
#543=EDGE_CURVE('',#767,#748,#683,.T.);
#544=EDGE_CURVE('',#748,#749,#575,.T.);
#545=EDGE_CURVE('',#768,#749,#684,.T.);
#546=EDGE_CURVE('',#770,#751,#685,.T.);
#547=EDGE_CURVE('',#750,#751,#576,.T.);
#548=EDGE_CURVE('',#769,#750,#686,.T.);
#549=EDGE_CURVE('',#706,#701,#577,.T.);
#550=EDGE_CURVE('',#696,#734,#687,.T.);
#551=EDGE_CURVE('',#695,#696,#578,.T.);
#552=EDGE_CURVE('',#733,#695,#688,.T.);
#553=EDGE_CURVE('',#734,#733,#579,.T.);
#554=EDGE_CURVE('',#710,#716,#689,.T.);
#555=EDGE_CURVE('',#709,#710,#580,.T.);
#556=EDGE_CURVE('',#715,#709,#690,.T.);
#557=EDGE_CURVE('',#716,#715,#581,.T.);
#558=EDGE_CURVE('',#696,#695,#582,.T.);
#559=EDGE_CURVE('',#733,#734,#583,.T.);
#560=EDGE_CURVE('',#710,#709,#584,.T.);
#561=EDGE_CURVE('',#715,#716,#585,.T.);
#562=(
BOUNDED_CURVE()
B_SPLINE_CURVE(2,(#1261,#1262,#1263),.UNSPECIFIED.,.F.,.F.)
B_SPLINE_CURVE_WITH_KNOTS((3,3),(-3.00000000000001,0.),.UNSPECIFIED.)
CURVE()
GEOMETRIC_REPRESENTATION_ITEM()
RATIONAL_B_SPLINE_CURVE((1.,0.707106781186544,1.))
REPRESENTATION_ITEM('')
);
#563=(
BOUNDED_CURVE()
B_SPLINE_CURVE(1,(#1264,#1265),.UNSPECIFIED.,.F.,.F.)
B_SPLINE_CURVE_WITH_KNOTS((2,2),(0.,3.7084622922805),.UNSPECIFIED.)
CURVE()
GEOMETRIC_REPRESENTATION_ITEM()
RATIONAL_B_SPLINE_CURVE((1.,1.))
REPRESENTATION_ITEM('')
);
#564=(
BOUNDED_CURVE()
B_SPLINE_CURVE(1,(#1278,#1279),.UNSPECIFIED.,.F.,.F.)
B_SPLINE_CURVE_WITH_KNOTS((2,2),(-0.573863785319411,0.),.UNSPECIFIED.)
CURVE()
GEOMETRIC_REPRESENTATION_ITEM()
RATIONAL_B_SPLINE_CURVE((1.,1.))
REPRESENTATION_ITEM('')
);
#565=(
BOUNDED_CURVE()
B_SPLINE_CURVE(1,(#1294,#1295),.UNSPECIFIED.,.F.,.F.)
B_SPLINE_CURVE_WITH_KNOTS((2,2),(-2.89718314988899,0.),.UNSPECIFIED.)
CURVE()
GEOMETRIC_REPRESENTATION_ITEM()
RATIONAL_B_SPLINE_CURVE((1.,1.))
REPRESENTATION_ITEM('')
);
#566=(
BOUNDED_CURVE()
B_SPLINE_CURVE(1,(#1324,#1325),.UNSPECIFIED.,.F.,.F.)
B_SPLINE_CURVE_WITH_KNOTS((2,2),(-3.24264068711928,0.),.UNSPECIFIED.)
CURVE()
GEOMETRIC_REPRESENTATION_ITEM()
RATIONAL_B_SPLINE_CURVE((1.,1.))
REPRESENTATION_ITEM('')
);
#567=(
BOUNDED_CURVE()
B_SPLINE_CURVE(1,(#1354,#1355),.UNSPECIFIED.,.F.,.F.)
B_SPLINE_CURVE_WITH_KNOTS((2,2),(-3.24264068711928,0.),.UNSPECIFIED.)
CURVE()
GEOMETRIC_REPRESENTATION_ITEM()
RATIONAL_B_SPLINE_CURVE((1.,1.))
REPRESENTATION_ITEM('')
);
#568=(
BOUNDED_CURVE()
B_SPLINE_CURVE(1,(#1384,#1385),.UNSPECIFIED.,.F.,.F.)
B_SPLINE_CURVE_WITH_KNOTS((2,2),(-3.24264068711914,0.),.UNSPECIFIED.)
CURVE()
GEOMETRIC_REPRESENTATION_ITEM()
RATIONAL_B_SPLINE_CURVE((1.,1.))
REPRESENTATION_ITEM('')
);
#569=(
BOUNDED_CURVE()
B_SPLINE_CURVE(2,(#1400,#1401,#1402),.UNSPECIFIED.,.F.,.F.)
B_SPLINE_CURVE_WITH_KNOTS((3,3),(-3.00000000000003,0.),.UNSPECIFIED.)
CURVE()
GEOMETRIC_REPRESENTATION_ITEM()
RATIONAL_B_SPLINE_CURVE((1.,0.707106781186541,1.))
REPRESENTATION_ITEM('')
);
#570=(
BOUNDED_CURVE()
B_SPLINE_CURVE(1,(#1407,#1408),.UNSPECIFIED.,.F.,.F.)
B_SPLINE_CURVE_WITH_KNOTS((2,2),(0.,3.7084622922805),.UNSPECIFIED.)
CURVE()
GEOMETRIC_REPRESENTATION_ITEM()
RATIONAL_B_SPLINE_CURVE((1.,1.))
REPRESENTATION_ITEM('')
);
#571=(
BOUNDED_CURVE()
B_SPLINE_CURVE(2,(#1455,#1456,#1457),.UNSPECIFIED.,.F.,.F.)
B_SPLINE_CURVE_WITH_KNOTS((3,3),(-2.99999999999976,0.),.UNSPECIFIED.)
CURVE()
GEOMETRIC_REPRESENTATION_ITEM()
RATIONAL_B_SPLINE_CURVE((1.,0.707106781186393,1.))
REPRESENTATION_ITEM('')
);
#572=(
BOUNDED_CURVE()
B_SPLINE_CURVE(1,(#1458,#1459),.UNSPECIFIED.,.F.,.F.)
B_SPLINE_CURVE_WITH_KNOTS((2,2),(-0.573863785319422,0.),.UNSPECIFIED.)
CURVE()
GEOMETRIC_REPRESENTATION_ITEM()
RATIONAL_B_SPLINE_CURVE((1.,1.))
REPRESENTATION_ITEM('')
);
#573=(
BOUNDED_CURVE()
B_SPLINE_CURVE(1,(#1460,#1461),.UNSPECIFIED.,.F.,.F.)
B_SPLINE_CURVE_WITH_KNOTS((2,2),(-2.89718314988898,0.),.UNSPECIFIED.)
CURVE()
GEOMETRIC_REPRESENTATION_ITEM()
RATIONAL_B_SPLINE_CURVE((1.,1.))
REPRESENTATION_ITEM('')
);
#574=(
BOUNDED_CURVE()
B_SPLINE_CURVE(1,(#1498,#1499),.UNSPECIFIED.,.F.,.F.)
B_SPLINE_CURVE_WITH_KNOTS((2,2),(-3.24264068711921,0.),.UNSPECIFIED.)
CURVE()
GEOMETRIC_REPRESENTATION_ITEM()
RATIONAL_B_SPLINE_CURVE((1.,1.))
REPRESENTATION_ITEM('')
);
#575=(
BOUNDED_CURVE()
B_SPLINE_CURVE(1,(#1524,#1525),.UNSPECIFIED.,.F.,.F.)
B_SPLINE_CURVE_WITH_KNOTS((2,2),(-3.24264068711928,0.),.UNSPECIFIED.)
CURVE()
GEOMETRIC_REPRESENTATION_ITEM()
RATIONAL_B_SPLINE_CURVE((1.,1.))
REPRESENTATION_ITEM('')
);
#576=(
BOUNDED_CURVE()
B_SPLINE_CURVE(1,(#1550,#1551),.UNSPECIFIED.,.F.,.F.)
B_SPLINE_CURVE_WITH_KNOTS((2,2),(-3.24264068711907,0.),.UNSPECIFIED.)
CURVE()
GEOMETRIC_REPRESENTATION_ITEM()
RATIONAL_B_SPLINE_CURVE((1.,1.))
REPRESENTATION_ITEM('')
);
#577=(
BOUNDED_CURVE()
B_SPLINE_CURVE(2,(#1564,#1565,#1566),.UNSPECIFIED.,.F.,.F.)
B_SPLINE_CURVE_WITH_KNOTS((3,3),(-3.00000000000002,0.),.UNSPECIFIED.)
CURVE()
GEOMETRIC_REPRESENTATION_ITEM()
RATIONAL_B_SPLINE_CURVE((1.,0.707106781186541,1.))
REPRESENTATION_ITEM('')
);
#578=(
BOUNDED_CURVE()
B_SPLINE_CURVE(2,(#1569,#1570,#1571,#1572,#1573),.UNSPECIFIED.,.F.,.F.)
B_SPLINE_CURVE_WITH_KNOTS((3,2,3),(-6.,-3.,0.),.UNSPECIFIED.)
CURVE()
GEOMETRIC_REPRESENTATION_ITEM()
RATIONAL_B_SPLINE_CURVE((1.,0.707106781186548,1.,0.707106781186548,1.))
REPRESENTATION_ITEM('')
);
#579=(
BOUNDED_CURVE()
B_SPLINE_CURVE(2,(#1576,#1577,#1578,#1579,#1580),.UNSPECIFIED.,.F.,.F.)
B_SPLINE_CURVE_WITH_KNOTS((3,2,3),(-5.99999999999994,-2.99999999999998,
0.),.UNSPECIFIED.)
CURVE()
GEOMETRIC_REPRESENTATION_ITEM()
RATIONAL_B_SPLINE_CURVE((1.,0.707106781186551,1.,0.707106781186551,1.))
REPRESENTATION_ITEM('')
);
#580=(
BOUNDED_CURVE()
B_SPLINE_CURVE(2,(#1583,#1584,#1585,#1586,#1587),.UNSPECIFIED.,.F.,.F.)
B_SPLINE_CURVE_WITH_KNOTS((3,2,3),(-6.,-3.,0.),.UNSPECIFIED.)
CURVE()
GEOMETRIC_REPRESENTATION_ITEM()
RATIONAL_B_SPLINE_CURVE((1.,0.707106781186548,1.,0.707106781186548,1.))
REPRESENTATION_ITEM('')
);
#581=(
BOUNDED_CURVE()
B_SPLINE_CURVE(2,(#1590,#1591,#1592,#1593,#1594),.UNSPECIFIED.,.F.,.F.)
B_SPLINE_CURVE_WITH_KNOTS((3,2,3),(-6.00000000000007,-3.00000000000003,
0.),.UNSPECIFIED.)
CURVE()
GEOMETRIC_REPRESENTATION_ITEM()
RATIONAL_B_SPLINE_CURVE((1.,0.707106781186544,1.,0.707106781186544,1.))
REPRESENTATION_ITEM('')
);
#582=(
BOUNDED_CURVE()
B_SPLINE_CURVE(2,(#1595,#1596,#1597,#1598,#1599),.UNSPECIFIED.,.F.,.F.)
B_SPLINE_CURVE_WITH_KNOTS((3,2,3),(-6.00000000000002,-3.00000000000001,
0.),.UNSPECIFIED.)
CURVE()
GEOMETRIC_REPRESENTATION_ITEM()
RATIONAL_B_SPLINE_CURVE((1.,0.707106781186548,1.,0.707106781186548,1.))
REPRESENTATION_ITEM('')
);
#583=(
BOUNDED_CURVE()
B_SPLINE_CURVE(2,(#1600,#1601,#1602,#1603,#1604),.UNSPECIFIED.,.F.,.F.)
B_SPLINE_CURVE_WITH_KNOTS((3,2,3),(-6.00000000000006,-3.00000000000003,
0.),.UNSPECIFIED.)
CURVE()
GEOMETRIC_REPRESENTATION_ITEM()
RATIONAL_B_SPLINE_CURVE((1.,0.707106781186544,1.,0.707106781186544,1.))
REPRESENTATION_ITEM('')
);
#584=(
BOUNDED_CURVE()
B_SPLINE_CURVE(2,(#1605,#1606,#1607,#1608,#1609),.UNSPECIFIED.,.F.,.F.)
B_SPLINE_CURVE_WITH_KNOTS((3,2,3),(-6.00000000000009,-3.00000000000005,
0.),.UNSPECIFIED.)
CURVE()
GEOMETRIC_REPRESENTATION_ITEM()
RATIONAL_B_SPLINE_CURVE((1.,0.707106781186543,1.,0.707106781186543,1.))
REPRESENTATION_ITEM('')
);
#585=(
BOUNDED_CURVE()
B_SPLINE_CURVE(2,(#1610,#1611,#1612,#1613,#1614),.UNSPECIFIED.,.F.,.F.)
B_SPLINE_CURVE_WITH_KNOTS((3,2,3),(-6.00000000000002,-3.00000000000001,
0.),.UNSPECIFIED.)
CURVE()
GEOMETRIC_REPRESENTATION_ITEM()
RATIONAL_B_SPLINE_CURVE((1.,0.707106781186548,1.,0.707106781186548,1.))
REPRESENTATION_ITEM('')
);
#586=B_SPLINE_CURVE_WITH_KNOTS('',1,(#1149,#1150),.UNSPECIFIED.,.F.,.F.,
(2,2),(0.,5.5315887137117),.UNSPECIFIED.);
#587=B_SPLINE_CURVE_WITH_KNOTS('',1,(#1151,#1152),.UNSPECIFIED.,.F.,.F.,
(2,2),(0.,12.),.UNSPECIFIED.);
#588=B_SPLINE_CURVE_WITH_KNOTS('',1,(#1153,#1154),.UNSPECIFIED.,.F.,.F.,
(2,2),(0.,5.5315887137117),.UNSPECIFIED.);
#589=B_SPLINE_CURVE_WITH_KNOTS('',1,(#1155,#1156),.UNSPECIFIED.,.F.,.F.,
(2,2),(0.,12.),.UNSPECIFIED.);
#590=B_SPLINE_CURVE_WITH_KNOTS('',1,(#1157,#1158),.UNSPECIFIED.,.F.,.F.,
(2,2),(0.,8.20669646127291),.UNSPECIFIED.);
#591=B_SPLINE_CURVE_WITH_KNOTS('',1,(#1159,#1160),.UNSPECIFIED.,.F.,.F.,
(2,2),(0.,8.20669646127386),.UNSPECIFIED.);
#592=B_SPLINE_CURVE_WITH_KNOTS('',1,(#1161,#1162),.UNSPECIFIED.,.F.,.F.,
(2,2),(0.,9.),.UNSPECIFIED.);
#593=B_SPLINE_CURVE_WITH_KNOTS('',1,(#1163,#1164),.UNSPECIFIED.,.F.,.F.,
(2,2),(0.,9.),.UNSPECIFIED.);
#594=B_SPLINE_CURVE_WITH_KNOTS('',1,(#1165,#1166),.UNSPECIFIED.,.F.,.F.,
(2,2),(0.,8.28713582353845),.UNSPECIFIED.);
#595=B_SPLINE_CURVE_WITH_KNOTS('',1,(#1167,#1168),.UNSPECIFIED.,.F.,.F.,
(2,2),(0.,12.),.UNSPECIFIED.);
#596=B_SPLINE_CURVE_WITH_KNOTS('',1,(#1169,#1170),.UNSPECIFIED.,.F.,.F.,
(2,2),(0.,8.28713582353845),.UNSPECIFIED.);
#597=B_SPLINE_CURVE_WITH_KNOTS('',1,(#1171,#1172),.UNSPECIFIED.,.F.,.F.,
(2,2),(0.,5.4261091220505),.UNSPECIFIED.);
#598=B_SPLINE_CURVE_WITH_KNOTS('',1,(#1173,#1174),.UNSPECIFIED.,.F.,.F.,
(2,2),(0.,12.),.UNSPECIFIED.);
#599=B_SPLINE_CURVE_WITH_KNOTS('',1,(#1175,#1176),.UNSPECIFIED.,.F.,.F.,
(2,2),(0.,5.4261091220505),.UNSPECIFIED.);
#600=B_SPLINE_CURVE_WITH_KNOTS('',1,(#1177,#1178),.UNSPECIFIED.,.F.,.F.,
(2,2),(0.,9.248921229219),.UNSPECIFIED.);
#601=B_SPLINE_CURVE_WITH_KNOTS('',1,(#1179,#1180),.UNSPECIFIED.,.F.,.F.,
(2,2),(0.,12.),.UNSPECIFIED.);
#602=B_SPLINE_CURVE_WITH_KNOTS('',1,(#1181,#1182),.UNSPECIFIED.,.F.,.F.,
(2,2),(0.,9.248921229219),.UNSPECIFIED.);
#603=B_SPLINE_CURVE_WITH_KNOTS('',1,(#1183,#1184),.UNSPECIFIED.,.F.,.F.,
(2,2),(0.,7.913212264953),.UNSPECIFIED.);
#604=B_SPLINE_CURVE_WITH_KNOTS('',1,(#1185,#1186),.UNSPECIFIED.,.F.,.F.,
(2,2),(0.,12.),.UNSPECIFIED.);
#605=B_SPLINE_CURVE_WITH_KNOTS('',1,(#1187,#1188),.UNSPECIFIED.,.F.,.F.,
(2,2),(0.,7.913212264953),.UNSPECIFIED.);
#606=B_SPLINE_CURVE_WITH_KNOTS('',1,(#1189,#1190),.UNSPECIFIED.,.F.,.F.,
(2,2),(0.,2.48958296072356),.UNSPECIFIED.);
#607=B_SPLINE_CURVE_WITH_KNOTS('',1,(#1191,#1192),.UNSPECIFIED.,.F.,.F.,
(2,2),(0.,12.),.UNSPECIFIED.);
#608=B_SPLINE_CURVE_WITH_KNOTS('',1,(#1193,#1194),.UNSPECIFIED.,.F.,.F.,
(2,2),(0.,2.48958296072356),.UNSPECIFIED.);
#609=B_SPLINE_CURVE_WITH_KNOTS('',1,(#1195,#1196),.UNSPECIFIED.,.F.,.F.,
(2,2),(0.,12.),.UNSPECIFIED.);
#610=B_SPLINE_CURVE_WITH_KNOTS('',1,(#1197,#1198),.UNSPECIFIED.,.F.,.F.,
(2,2),(0.,12.),.UNSPECIFIED.);
#611=B_SPLINE_CURVE_WITH_KNOTS('',1,(#1199,#1200),.UNSPECIFIED.,.F.,.F.,
(2,2),(0.,12.),.UNSPECIFIED.);
#612=B_SPLINE_CURVE_WITH_KNOTS('',1,(#1201,#1202),.UNSPECIFIED.,.F.,.F.,
(2,2),(0.,2.48958296072355),.UNSPECIFIED.);
#613=B_SPLINE_CURVE_WITH_KNOTS('',1,(#1203,#1204),.UNSPECIFIED.,.F.,.F.,
(2,2),(0.,12.),.UNSPECIFIED.);
#614=B_SPLINE_CURVE_WITH_KNOTS('',1,(#1205,#1206),.UNSPECIFIED.,.F.,.F.,
(2,2),(0.,2.48958296072355),.UNSPECIFIED.);
#615=B_SPLINE_CURVE_WITH_KNOTS('',1,(#1207,#1208),.UNSPECIFIED.,.F.,.F.,
(2,2),(0.,63.6196874719832),.UNSPECIFIED.);
#616=B_SPLINE_CURVE_WITH_KNOTS('',1,(#1209,#1210),.UNSPECIFIED.,.F.,.F.,
(2,2),(0.,12.),.UNSPECIFIED.);
#617=B_SPLINE_CURVE_WITH_KNOTS('',1,(#1211,#1212),.UNSPECIFIED.,.F.,.F.,
(2,2),(0.,63.6196874719832),.UNSPECIFIED.);
#618=B_SPLINE_CURVE_WITH_KNOTS('',1,(#1213,#1214),.UNSPECIFIED.,.F.,.F.,
(2,2),(0.,2.48958296072362),.UNSPECIFIED.);
#619=B_SPLINE_CURVE_WITH_KNOTS('',1,(#1215,#1216),.UNSPECIFIED.,.F.,.F.,
(2,2),(0.,12.),.UNSPECIFIED.);
#620=B_SPLINE_CURVE_WITH_KNOTS('',1,(#1217,#1218),.UNSPECIFIED.,.F.,.F.,
(2,2),(0.,2.48958296072362),.UNSPECIFIED.);
#621=B_SPLINE_CURVE_WITH_KNOTS('',1,(#1219,#1220),.UNSPECIFIED.,.F.,.F.,
(2,2),(0.,12.),.UNSPECIFIED.);
#622=B_SPLINE_CURVE_WITH_KNOTS('',1,(#1221,#1222),.UNSPECIFIED.,.F.,.F.,
(2,2),(0.,12.),.UNSPECIFIED.);
#623=B_SPLINE_CURVE_WITH_KNOTS('',1,(#1223,#1224),.UNSPECIFIED.,.F.,.F.,
(2,2),(0.,12.),.UNSPECIFIED.);
#624=B_SPLINE_CURVE_WITH_KNOTS('',1,(#1225,#1226),.UNSPECIFIED.,.F.,.F.,
(2,2),(0.,2.48958296072364),.UNSPECIFIED.);
#625=B_SPLINE_CURVE_WITH_KNOTS('',1,(#1227,#1228),.UNSPECIFIED.,.F.,.F.,
(2,2),(0.,12.),.UNSPECIFIED.);
#626=B_SPLINE_CURVE_WITH_KNOTS('',1,(#1229,#1230),.UNSPECIFIED.,.F.,.F.,
(2,2),(0.,2.48958296072364),.UNSPECIFIED.);
#627=B_SPLINE_CURVE_WITH_KNOTS('',1,(#1231,#1232),.UNSPECIFIED.,.F.,.F.,
(2,2),(0.,8.1064752070302),.UNSPECIFIED.);
#628=B_SPLINE_CURVE_WITH_KNOTS('',1,(#1233,#1234),.UNSPECIFIED.,.F.,.F.,
(2,2),(0.,12.),.UNSPECIFIED.);
#629=B_SPLINE_CURVE_WITH_KNOTS('',1,(#1235,#1236),.UNSPECIFIED.,.F.,.F.,
(2,2),(0.,8.1064752070302),.UNSPECIFIED.);
#630=B_SPLINE_CURVE_WITH_KNOTS('',1,(#1237,#1238),.UNSPECIFIED.,.F.,.F.,
(2,2),(0.,9.2489212292169),.UNSPECIFIED.);
#631=B_SPLINE_CURVE_WITH_KNOTS('',1,(#1239,#1240),.UNSPECIFIED.,.F.,.F.,
(2,2),(0.,9.2489212292169),.UNSPECIFIED.);
#632=B_SPLINE_CURVE_WITH_KNOTS('',1,(#1241,#1242),.UNSPECIFIED.,.F.,.F.,
(2,2),(0.,3.2432653252436),.UNSPECIFIED.);
#633=B_SPLINE_CURVE_WITH_KNOTS('',1,(#1243,#1244),.UNSPECIFIED.,.F.,.F.,
(2,2),(0.,3.3843661880969),.UNSPECIFIED.);
#634=B_SPLINE_CURVE_WITH_KNOTS('',1,(#1245,#1246),.UNSPECIFIED.,.F.,.F.,
(2,2),(0.,12.4142135623731),.UNSPECIFIED.);
#635=B_SPLINE_CURVE_WITH_KNOTS('',1,(#1247,#1248),.UNSPECIFIED.,.F.,.F.,
(2,2),(0.,65.414213562373),.UNSPECIFIED.);
#636=B_SPLINE_CURVE_WITH_KNOTS('',1,(#1249,#1250),.UNSPECIFIED.,.F.,.F.,
(2,2),(0.,12.4142135623731),.UNSPECIFIED.);
#637=B_SPLINE_CURVE_WITH_KNOTS('',1,(#1251,#1252),.UNSPECIFIED.,.F.,.F.,
(2,2),(0.,12.4142135623731),.UNSPECIFIED.);
#638=B_SPLINE_CURVE_WITH_KNOTS('',1,(#1253,#1254),.UNSPECIFIED.,.F.,.F.,
(2,2),(0.,65.4142135623731),.UNSPECIFIED.);
#639=B_SPLINE_CURVE_WITH_KNOTS('',1,(#1255,#1256),.UNSPECIFIED.,.F.,.F.,
(2,2),(0.,12.4142135623731),.UNSPECIFIED.);
#640=B_SPLINE_CURVE_WITH_KNOTS('',1,(#1257,#1258),.UNSPECIFIED.,.F.,.F.,
(2,2),(0.,3.384366188097),.UNSPECIFIED.);
#641=B_SPLINE_CURVE_WITH_KNOTS('',1,(#1259,#1260),.UNSPECIFIED.,.F.,.F.,
(2,2),(0.,3.2432653252436),.UNSPECIFIED.);
#642=B_SPLINE_CURVE_WITH_KNOTS('',3,(#1266,#1267,#1268,#1269,#1270,#1271,
#1272,#1273,#1274,#1275,#1276,#1277),.UNSPECIFIED.,.F.,.F.,(4,1,1,1,1,1,
1,1,1,4),(-2.42057054611372,-2.16515906935268,-1.89637832519786,-1.61797937886648,
-1.33455848595865,-1.05107182450562,-0.7722720964566,-0.50223547561711,
-0.244096107459193,0.),.UNSPECIFIED.);
#643=B_SPLINE_CURVE_WITH_KNOTS('',1,(#1280,#1281),.UNSPECIFIED.,.F.,.F.,
(2,2),(0.,1.17741150839984),.UNSPECIFIED.);
#644=B_SPLINE_CURVE_WITH_KNOTS('',3,(#1282,#1283,#1284,#1285,#1286,#1287,
#1288,#1289,#1290,#1291,#1292,#1293),.UNSPECIFIED.,.F.,.F.,(4,1,1,1,1,1,
1,1,1,4),(-2.36971945419733,-2.12467106740342,-1.86624657062835,-1.59741583145071,
-1.32202894742093,-1.04453392669053,-0.769564588642938,-0.501489366761508,
-0.24402621081627,0.),.UNSPECIFIED.);
#645=B_SPLINE_CURVE_WITH_KNOTS('',3,(#1296,#1297,#1298,#1299,#1300,#1301,
#1302,#1303,#1304,#1305,#1306,#1307),.UNSPECIFIED.,.F.,.F.,(4,1,1,1,1,1,
1,1,1,4),(0.,0.263997312790063,0.541374066110646,0.82774487262317,1.11789606185068,
1.4064351451569,1.68848672313727,1.96019833072917,2.21891747554698,2.46307340183659),
 .UNSPECIFIED.);
#646=B_SPLINE_CURVE_WITH_KNOTS('',1,(#1308,#1309),.UNSPECIFIED.,.F.,.F.,
(2,2),(0.,3.65685424949237),.UNSPECIFIED.);
#647=B_SPLINE_CURVE_WITH_KNOTS('',3,(#1310,#1311,#1312,#1313,#1314,#1315,
#1316,#1317,#1318,#1319,#1320,#1321),.UNSPECIFIED.,.F.,.F.,(4,1,1,1,1,1,
1,1,1,4),(0.,0.263997312790088,0.541374066110666,0.827744872623195,1.11789606185068,
1.40643514515688,1.68848672313725,1.96019833072914,2.21891747554695,2.46307340183657),
 .UNSPECIFIED.);
#648=B_SPLINE_CURVE_WITH_KNOTS('',1,(#1322,#1323),.UNSPECIFIED.,.F.,.F.,
(2,2),(0.,13.6568542494924),.UNSPECIFIED.);
#649=B_SPLINE_CURVE_WITH_KNOTS('',3,(#1326,#1327,#1328,#1329,#1330,#1331,
#1332,#1333,#1334,#1335,#1336,#1337),.UNSPECIFIED.,.F.,.F.,(4,1,1,1,1,1,
1,1,1,4),(0.,0.263997312790038,0.541374066110645,0.827744872623165,1.11789606185068,
1.40643514515688,1.68848672313725,1.96019833072915,2.21891747554697,2.46307340183666),
 .UNSPECIFIED.);
#650=B_SPLINE_CURVE_WITH_KNOTS('',1,(#1338,#1339),.UNSPECIFIED.,.F.,.F.,
(2,2),(0.,4.48528137423856),.UNSPECIFIED.);
#651=B_SPLINE_CURVE_WITH_KNOTS('',3,(#1340,#1341,#1342,#1343,#1344,#1345,
#1346,#1347,#1348,#1349,#1350,#1351),.UNSPECIFIED.,.F.,.F.,(4,1,1,1,1,1,
1,1,1,4),(0.,0.263997312790055,0.541374066110669,0.827744872623196,1.11789606185069,
1.40643514515691,1.68848672313729,1.96019833072919,2.218917475547,2.46307340183665),
 .UNSPECIFIED.);
#652=B_SPLINE_CURVE_WITH_KNOTS('',1,(#1352,#1353),.UNSPECIFIED.,.F.,.F.,
(2,2),(0.,66.6568542494924),.UNSPECIFIED.);
#653=B_SPLINE_CURVE_WITH_KNOTS('',3,(#1356,#1357,#1358,#1359,#1360,#1361,
#1362,#1363,#1364,#1365,#1366,#1367),.UNSPECIFIED.,.F.,.F.,(4,1,1,1,1,1,
1,1,1,4),(0.,0.263997312790048,0.541374066110645,0.827744872623154,1.11789606185065,
1.40643514515684,1.6884867231372,1.96019833072909,2.21891747554689,2.46307340183656),
 .UNSPECIFIED.);
#654=B_SPLINE_CURVE_WITH_KNOTS('',1,(#1368,#1369),.UNSPECIFIED.,.F.,.F.,
(2,2),(0.,4.48528137423856),.UNSPECIFIED.);
#655=B_SPLINE_CURVE_WITH_KNOTS('',3,(#1370,#1371,#1372,#1373,#1374,#1375,
#1376,#1377,#1378,#1379,#1380,#1381),.UNSPECIFIED.,.F.,.F.,(4,1,1,1,1,1,
1,1,1,4),(0.,0.263997312790061,0.54137406611064,0.827744872623163,1.11789606185066,
1.40643514515687,1.68848672313723,1.96019833072912,2.21891747554692,2.46307340183659),
 .UNSPECIFIED.);
#656=B_SPLINE_CURVE_WITH_KNOTS('',1,(#1382,#1383),.UNSPECIFIED.,.F.,.F.,
(2,2),(0.,13.6568542494923),.UNSPECIFIED.);
#657=B_SPLINE_CURVE_WITH_KNOTS('',1,(#1386,#1387),.UNSPECIFIED.,.F.,.F.,
(2,2),(0.,4.48528137423856),.UNSPECIFIED.);
#658=B_SPLINE_CURVE_WITH_KNOTS('',3,(#1388,#1389,#1390,#1391,#1392,#1393,
#1394,#1395,#1396,#1397,#1398,#1399),.UNSPECIFIED.,.F.,.F.,(4,1,1,1,1,1,
1,1,1,4),(-2.46307340183668,-2.19907608904663,-1.92169933572601,-1.63532852921348,
-1.34517733998597,-1.05663825667975,-0.774586678699378,-0.502875071107476,
-0.244155926289669,0.),.UNSPECIFIED.);
#659=B_SPLINE_CURVE_WITH_KNOTS('',1,(#1403,#1404),.UNSPECIFIED.,.F.,.F.,
(2,2),(0.,4.0056865316567),.UNSPECIFIED.);
#660=B_SPLINE_CURVE_WITH_KNOTS('',1,(#1405,#1406),.UNSPECIFIED.,.F.,.F.,
(2,2),(0.,9.),.UNSPECIFIED.);
#661=B_SPLINE_CURVE_WITH_KNOTS('',1,(#1409,#1410),.UNSPECIFIED.,.F.,.F.,
(2,2),(0.,9.),.UNSPECIFIED.);
#662=B_SPLINE_CURVE_WITH_KNOTS('',1,(#1411,#1412),.UNSPECIFIED.,.F.,.F.,
(2,2),(0.,1.17741150839986),.UNSPECIFIED.);
#663=B_SPLINE_CURVE_WITH_KNOTS('',1,(#1413,#1414),.UNSPECIFIED.,.F.,.F.,
(2,2),(0.,9.),.UNSPECIFIED.);
#664=B_SPLINE_CURVE_WITH_KNOTS('',1,(#1415,#1416),.UNSPECIFIED.,.F.,.F.,
(2,2),(0.,3.65685424949235),.UNSPECIFIED.);
#665=B_SPLINE_CURVE_WITH_KNOTS('',1,(#1417,#1418),.UNSPECIFIED.,.F.,.F.,
(2,2),(0.,9.),.UNSPECIFIED.);
#666=B_SPLINE_CURVE_WITH_KNOTS('',1,(#1419,#1420),.UNSPECIFIED.,.F.,.F.,
(2,2),(0.,13.6568542494924),.UNSPECIFIED.);
#667=B_SPLINE_CURVE_WITH_KNOTS('',1,(#1421,#1422),.UNSPECIFIED.,.F.,.F.,
(2,2),(0.,9.),.UNSPECIFIED.);
#668=B_SPLINE_CURVE_WITH_KNOTS('',1,(#1423,#1424),.UNSPECIFIED.,.F.,.F.,
(2,2),(0.,4.48528137423856),.UNSPECIFIED.);
#669=B_SPLINE_CURVE_WITH_KNOTS('',1,(#1425,#1426),.UNSPECIFIED.,.F.,.F.,
(2,2),(0.,9.),.UNSPECIFIED.);
#670=B_SPLINE_CURVE_WITH_KNOTS('',1,(#1427,#1428),.UNSPECIFIED.,.F.,.F.,
(2,2),(0.,66.6568542494924),.UNSPECIFIED.);
#671=B_SPLINE_CURVE_WITH_KNOTS('',1,(#1429,#1430),.UNSPECIFIED.,.F.,.F.,
(2,2),(0.,9.),.UNSPECIFIED.);
#672=B_SPLINE_CURVE_WITH_KNOTS('',1,(#1431,#1432),.UNSPECIFIED.,.F.,.F.,
(2,2),(0.,4.48528137423856),.UNSPECIFIED.);
#673=B_SPLINE_CURVE_WITH_KNOTS('',1,(#1433,#1434),.UNSPECIFIED.,.F.,.F.,
(2,2),(0.,9.),.UNSPECIFIED.);
#674=B_SPLINE_CURVE_WITH_KNOTS('',1,(#1435,#1436),.UNSPECIFIED.,.F.,.F.,
(2,2),(0.,13.6568542494923),.UNSPECIFIED.);
#675=B_SPLINE_CURVE_WITH_KNOTS('',1,(#1437,#1438),.UNSPECIFIED.,.F.,.F.,
(2,2),(0.,9.),.UNSPECIFIED.);
#676=B_SPLINE_CURVE_WITH_KNOTS('',1,(#1439,#1440),.UNSPECIFIED.,.F.,.F.,
(2,2),(0.,4.48528137423856),.UNSPECIFIED.);
#677=B_SPLINE_CURVE_WITH_KNOTS('',1,(#1441,#1442),.UNSPECIFIED.,.F.,.F.,
(2,2),(0.,4.0056865316567),.UNSPECIFIED.);
#678=B_SPLINE_CURVE_WITH_KNOTS('',3,(#1443,#1444,#1445,#1446,#1447,#1448,
#1449,#1450,#1451,#1452,#1453,#1454),.UNSPECIFIED.,.F.,.F.,(4,1,1,1,1,1,
1,1,1,4),(0.,0.24409610745921,0.50223547561713,0.77227209645661,1.05107182450563,
1.33455848595866,1.61797937886649,1.89637832519787,2.16515906935266,2.42057054611369),
 .UNSPECIFIED.);
#679=B_SPLINE_CURVE_WITH_KNOTS('',3,(#1462,#1463,#1464,#1465,#1466,#1467,
#1468,#1469,#1470,#1471,#1472,#1473),.UNSPECIFIED.,.F.,.F.,(4,1,1,1,1,1,
1,1,1,4),(-2.36971945419734,-2.12569324338106,-1.86823008743581,-1.6001548655544,
-1.32518552750681,-1.0476905067764,-0.772303622746632,-0.503472883568981,
-0.245048386793896,0.),.UNSPECIFIED.);
#680=B_SPLINE_CURVE_WITH_KNOTS('',3,(#1474,#1475,#1476,#1477,#1478,#1479,
#1480,#1481,#1482,#1483,#1484,#1485),.UNSPECIFIED.,.F.,.F.,(4,1,1,1,1,1,
1,1,1,4),(-2.46307340183658,-2.21891747554693,-1.96019833072912,-1.68848672313722,
-1.40643514515685,-1.11789606185065,-0.827744872623141,-0.54137406611066,
-0.26399731279002,0.),.UNSPECIFIED.);
#681=B_SPLINE_CURVE_WITH_KNOTS('',3,(#1486,#1487,#1488,#1489,#1490,#1491,
#1492,#1493,#1494,#1495,#1496,#1497),.UNSPECIFIED.,.F.,.F.,(4,1,1,1,1,1,
1,1,1,4),(0.,0.244155926289652,0.502875071107457,0.774586678699342,1.05663825667971,
1.34517733998591,1.63532852921342,1.92169933572592,2.19907608904653,2.46307340183656),
 .UNSPECIFIED.);
#682=B_SPLINE_CURVE_WITH_KNOTS('',3,(#1500,#1501,#1502,#1503,#1504,#1505,
#1506,#1507,#1508,#1509,#1510,#1511),.UNSPECIFIED.,.F.,.F.,(4,1,1,1,1,1,
1,1,1,4),(-2.46307340183656,-2.21891747554692,-1.96019833072911,-1.68848672313722,
-1.40643514515685,-1.11789606185065,-0.827744872623147,-0.541374066110657,
-0.263997312790069,0.),.UNSPECIFIED.);
#683=B_SPLINE_CURVE_WITH_KNOTS('',3,(#1512,#1513,#1514,#1515,#1516,#1517,
#1518,#1519,#1520,#1521,#1522,#1523),.UNSPECIFIED.,.F.,.F.,(4,1,1,1,1,1,
1,1,1,4),(0.,0.244155926289647,0.502875071107452,0.774586678699348,1.05663825667972,
1.34517733998592,1.63532852921342,1.92169933572595,2.19907608904655,2.46307340183658),
 .UNSPECIFIED.);
#684=B_SPLINE_CURVE_WITH_KNOTS('',3,(#1526,#1527,#1528,#1529,#1530,#1531,
#1532,#1533,#1534,#1535,#1536,#1537),.UNSPECIFIED.,.F.,.F.,(4,1,1,1,1,1,
1,1,1,4),(-2.46307340183654,-2.21891747554692,-1.96019833072912,-1.68848672313723,
-1.40643514515684,-1.11789606185066,-0.82774487262315,-0.541374066110643,
-0.263997312790047,0.),.UNSPECIFIED.);
#685=B_SPLINE_CURVE_WITH_KNOTS('',3,(#1538,#1539,#1540,#1541,#1542,#1543,
#1544,#1545,#1546,#1547,#1548,#1549),.UNSPECIFIED.,.F.,.F.,(4,1,1,1,1,1,
1,1,1,4),(0.,0.24415592628965,0.502875071107446,0.774586678699332,1.0566382566797,
1.34517733998591,1.63532852921343,1.92169933572594,2.19907608904656,2.46307340183657),
 .UNSPECIFIED.);
#686=B_SPLINE_CURVE_WITH_KNOTS('',3,(#1552,#1553,#1554,#1555,#1556,#1557,
#1558,#1559,#1560,#1561,#1562,#1563),.UNSPECIFIED.,.F.,.F.,(4,1,1,1,1,1,
1,1,1,4),(-2.46307340183654,-2.21891747554689,-1.9601983307291,-1.6884867231372,
-1.40643514515683,-1.11789606185064,-0.827744872623154,-0.541374066110625,
-0.263997312790028,0.),.UNSPECIFIED.);
#687=B_SPLINE_CURVE_WITH_KNOTS('',1,(#1567,#1568),.UNSPECIFIED.,.F.,.F.,
(2,2),(-9.2489212292173,0.),.UNSPECIFIED.);
#688=B_SPLINE_CURVE_WITH_KNOTS('',1,(#1574,#1575),.UNSPECIFIED.,.F.,.F.,
(2,2),(-9.2489212292176,0.),.UNSPECIFIED.);
#689=B_SPLINE_CURVE_WITH_KNOTS('',1,(#1581,#1582),.UNSPECIFIED.,.F.,.F.,
(2,2),(-9.2489212292188,0.),.UNSPECIFIED.);
#690=B_SPLINE_CURVE_WITH_KNOTS('',1,(#1588,#1589),.UNSPECIFIED.,.F.,.F.,
(2,2),(-9.2489212292188,0.),.UNSPECIFIED.);
#691=VERTEX_POINT('',#1069);
#692=VERTEX_POINT('',#1070);
#693=VERTEX_POINT('',#1071);
#694=VERTEX_POINT('',#1072);
#695=VERTEX_POINT('',#1073);
#696=VERTEX_POINT('',#1074);
#697=VERTEX_POINT('',#1075);
#698=VERTEX_POINT('',#1076);
#699=VERTEX_POINT('',#1077);
#700=VERTEX_POINT('',#1078);
#701=VERTEX_POINT('',#1079);
#702=VERTEX_POINT('',#1080);
#703=VERTEX_POINT('',#1081);
#704=VERTEX_POINT('',#1082);
#705=VERTEX_POINT('',#1083);
#706=VERTEX_POINT('',#1084);
#707=VERTEX_POINT('',#1085);
#708=VERTEX_POINT('',#1086);
#709=VERTEX_POINT('',#1087);
#710=VERTEX_POINT('',#1088);
#711=VERTEX_POINT('',#1089);
#712=VERTEX_POINT('',#1090);
#713=VERTEX_POINT('',#1091);
#714=VERTEX_POINT('',#1092);
#715=VERTEX_POINT('',#1093);
#716=VERTEX_POINT('',#1094);
#717=VERTEX_POINT('',#1095);
#718=VERTEX_POINT('',#1096);
#719=VERTEX_POINT('',#1097);
#720=VERTEX_POINT('',#1098);
#721=VERTEX_POINT('',#1099);
#722=VERTEX_POINT('',#1100);
#723=VERTEX_POINT('',#1101);
#724=VERTEX_POINT('',#1102);
#725=VERTEX_POINT('',#1103);
#726=VERTEX_POINT('',#1104);
#727=VERTEX_POINT('',#1105);
#728=VERTEX_POINT('',#1106);
#729=VERTEX_POINT('',#1107);
#730=VERTEX_POINT('',#1108);
#731=VERTEX_POINT('',#1109);
#732=VERTEX_POINT('',#1110);
#733=VERTEX_POINT('',#1111);
#734=VERTEX_POINT('',#1112);
#735=VERTEX_POINT('',#1113);
#736=VERTEX_POINT('',#1114);
#737=VERTEX_POINT('',#1115);
#738=VERTEX_POINT('',#1116);
#739=VERTEX_POINT('',#1117);
#740=VERTEX_POINT('',#1118);
#741=VERTEX_POINT('',#1119);
#742=VERTEX_POINT('',#1120);
#743=VERTEX_POINT('',#1121);
#744=VERTEX_POINT('',#1122);
#745=VERTEX_POINT('',#1123);
#746=VERTEX_POINT('',#1124);
#747=VERTEX_POINT('',#1125);
#748=VERTEX_POINT('',#1126);
#749=VERTEX_POINT('',#1127);
#750=VERTEX_POINT('',#1128);
#751=VERTEX_POINT('',#1129);
#752=VERTEX_POINT('',#1130);
#753=VERTEX_POINT('',#1131);
#754=VERTEX_POINT('',#1132);
#755=VERTEX_POINT('',#1133);
#756=VERTEX_POINT('',#1134);
#757=VERTEX_POINT('',#1135);
#758=VERTEX_POINT('',#1136);
#759=VERTEX_POINT('',#1137);
#760=VERTEX_POINT('',#1138);
#761=VERTEX_POINT('',#1139);
#762=VERTEX_POINT('',#1140);
#763=VERTEX_POINT('',#1141);
#764=VERTEX_POINT('',#1142);
#765=VERTEX_POINT('',#1143);
#766=VERTEX_POINT('',#1144);
#767=VERTEX_POINT('',#1145);
#768=VERTEX_POINT('',#1146);
#769=VERTEX_POINT('',#1147);
#770=VERTEX_POINT('',#1148);
#771=CYLINDRICAL_SURFACE('',#927,1.49999999999997);
#772=CYLINDRICAL_SURFACE('',#928,1.5);
#773=CYLINDRICAL_SURFACE('',#929,1.50000000000004);
#774=CYLINDRICAL_SURFACE('',#930,1.49999999999991);
#775=CYLINDRICAL_SURFACE('',#931,1.49999999999999);
#776=CYLINDRICAL_SURFACE('',#932,1.50000000000014);
#777=CYLINDRICAL_SURFACE('',#933,1.49999999999994);
#778=CYLINDRICAL_SURFACE('',#934,1.49999999999994);
#779=CYLINDRICAL_SURFACE('',#935,1.49999999999997);
#780=CYLINDRICAL_SURFACE('',#936,1.49999999999998);
#781=CYLINDRICAL_SURFACE('',#947,1.50000000000001);
#782=CYLINDRICAL_SURFACE('',#948,1.49999999999996);
#783=CYLINDRICAL_SURFACE('',#949,1.50000000000004);
#784=CYLINDRICAL_SURFACE('',#950,1.50000000000001);
#785=CYLINDRICAL_SURFACE('',#951,1.49999999999996);
#786=CYLINDRICAL_SURFACE('',#952,1.4999999999999);
#787=CYLINDRICAL_SURFACE('',#953,1.50000000000005);
#788=CYLINDRICAL_SURFACE('',#954,1.49999999999999);
#789=CYLINDRICAL_SURFACE('',#955,1.49999999999997);
#790=CYLINDRICAL_SURFACE('',#956,1.50000000000003);
#791=CYLINDRICAL_SURFACE('',#957,1.5);
#792=CYLINDRICAL_SURFACE('',#958,1.5);
#793=CYLINDRICAL_SURFACE('',#959,1.5);
#794=CYLINDRICAL_SURFACE('',#960,1.5);
#795=PLANE('',#910);
#796=PLANE('',#911);
#797=PLANE('',#912);
#798=PLANE('',#913);
#799=PLANE('',#914);
#800=PLANE('',#915);
#801=PLANE('',#916);
#802=PLANE('',#917);
#803=PLANE('',#918);
#804=PLANE('',#919);
#805=PLANE('',#920);
#806=PLANE('',#921);
#807=PLANE('',#922);
#808=PLANE('',#923);
#809=PLANE('',#924);
#810=PLANE('',#925);
#811=PLANE('',#926);
#812=PLANE('',#937);
#813=PLANE('',#938);
#814=PLANE('',#939);
#815=PLANE('',#940);
#816=PLANE('',#941);
#817=PLANE('',#942);
#818=PLANE('',#943);
#819=PLANE('',#944);
#820=PLANE('',#945);
#821=PLANE('',#946);
#822=SHAPE_DEFINITION_REPRESENTATION(#823,#908);
#823=PRODUCT_DEFINITION_SHAPE('Document','',#825);
#824=PRODUCT_DEFINITION_CONTEXT('3D Mechanical Parts',#897,'design');
#825=PRODUCT_DEFINITION('A','First version',#867,#824);
#826=DATE_TIME_ROLE('classification_date');
#827=DATE_TIME_ROLE('creation_date');
#828=APPLIED_DATE_AND_TIME_ASSIGNMENT(#852,#826,(#831));
#829=APPLIED_DATE_AND_TIME_ASSIGNMENT(#854,#827,(#825));
#830=SECURITY_CLASSIFICATION_LEVEL('unclassified');
#831=SECURITY_CLASSIFICATION('A','Security for version',#830);
#832=APPLIED_SECURITY_CLASSIFICATION_ASSIGNMENT(#831,(#867));
#833=APPROVAL_ROLE('Version approval');
#834=APPROVAL_ROLE('Version Security approval');
#835=APPROVAL_ROLE('Definition approval');
#836=APPROVAL_PERSON_ORGANIZATION(#885,#861,#833);
#837=APPROVAL_PERSON_ORGANIZATION(#886,#862,#834);
#838=APPROVAL_PERSON_ORGANIZATION(#889,#863,#835);
#839=COORDINATED_UNIVERSAL_TIME_OFFSET(5,0,.BEHIND.);
#840=LOCAL_TIME(0,0,0.,#839);
#841=LOCAL_TIME(0,0,0.,#839);
#842=LOCAL_TIME(0,0,0.,#839);
#843=LOCAL_TIME(0,0,0.,#839);
#844=LOCAL_TIME(0,0,0.,#839);
#845=CALENDAR_DATE(1999,1,1);
#846=CALENDAR_DATE(1999,1,1);
#847=CALENDAR_DATE(1999,1,1);
#848=CALENDAR_DATE(1999,1,1);
#849=CALENDAR_DATE(1999,1,1);
#850=DATE_AND_TIME(#845,#840);
#851=DATE_AND_TIME(#846,#841);
#852=DATE_AND_TIME(#847,#842);
#853=DATE_AND_TIME(#848,#843);
#854=DATE_AND_TIME(#849,#844);
#855=APPROVAL_DATE_TIME(#850,#861);
#856=APPROVAL_DATE_TIME(#851,#862);
#857=APPROVAL_DATE_TIME(#853,#863);
#858=APPROVAL_STATUS('not_yet_approved');
#859=APPROVAL_STATUS('not_yet_approved');
#860=APPROVAL_STATUS('approved');
#861=APPROVAL(#858,'Version approval');
#862=APPROVAL(#859,'Version Security approval');
#863=APPROVAL(#860,'Definition approval');
#864=APPLIED_APPROVAL_ASSIGNMENT(#861,(#867));
#865=APPLIED_APPROVAL_ASSIGNMENT(#862,(#831));
#866=APPLIED_APPROVAL_ASSIGNMENT(#863,(#825));
#867=PRODUCT_DEFINITION_FORMATION_WITH_SPECIFIED_SOURCE('A',
'First version',#899,.MADE.);
#868=PERSON_AND_ORGANIZATION_ROLE('design_owner');
#869=PERSON_AND_ORGANIZATION_ROLE('creator');
#870=PERSON_AND_ORGANIZATION_ROLE('design_supplier');
#871=PERSON_AND_ORGANIZATION_ROLE('classification_officer');
#872=PERSON_AND_ORGANIZATION_ROLE('creator');
#873=ORGANIZATION('STI','lab','lab');
#874=ORGANIZATION('STI','unknown','unknown');
#875=ORGANIZATION('STI','unknown','unknown');
#876=ORGANIZATION('STI','unknown','unknown');
#877=ORGANIZATION('STI','unknown','unknown');
#878=ORGANIZATION('STI','unknown','unknown');
#879=ORGANIZATION('STI','unknown','unknown');
#880=PERSON('1','Box','vc60',$,$,$);
#881=PERSON('2','last','first',$,$,$);
#882=PERSON('3','President','Mr.',$,$,$);
#883=PERSON_AND_ORGANIZATION(#880,#873);
#884=PERSON_AND_ORGANIZATION(#881,#874);
#885=PERSON_AND_ORGANIZATION(#882,#875);
#886=PERSON_AND_ORGANIZATION(#882,#876);
#887=PERSON_AND_ORGANIZATION(#882,#877);
#888=PERSON_AND_ORGANIZATION(#881,#878);
#889=PERSON_AND_ORGANIZATION(#882,#879);
#890=APPLIED_PERSON_AND_ORGANIZATION_ASSIGNMENT(#883,#868,(#899));
#891=APPLIED_PERSON_AND_ORGANIZATION_ASSIGNMENT(#884,#869,(#867));
#892=APPLIED_PERSON_AND_ORGANIZATION_ASSIGNMENT(#884,#870,(#867));
#893=APPLIED_PERSON_AND_ORGANIZATION_ASSIGNMENT(#887,#871,(#831));
#894=APPLIED_PERSON_AND_ORGANIZATION_ASSIGNMENT(#888,#872,(#825));
#895=PRODUCT_RELATED_PRODUCT_CATEGORY('detail','detail',(#899));
#896=APPLICATION_PROTOCOL_DEFINITION('International Standard',
'config_control_design',1994,#897);
#897=APPLICATION_CONTEXT(
'configuration controlled 3d designs of mechanical parts and assemblie
s');
#898=PRODUCT_CONTEXT('3D Mechanical Parts',#897,'mechanical');
#899=PRODUCT('Document','Document','',(#898));
#900=(
LENGTH_UNIT()
NAMED_UNIT(*)
SI_UNIT(.MILLI.,.METRE.)
);
#901=(
NAMED_UNIT(*)
PLANE_ANGLE_UNIT()
SI_UNIT($,.RADIAN.)
);
#902=DIMENSIONAL_EXPONENTS(0.,0.,0.,0.,0.,0.,0.);
#903=PLANE_ANGLE_MEASURE_WITH_UNIT(PLANE_ANGLE_MEASURE(0.01745329252),#901);
#904=(
CONVERSION_BASED_UNIT('DEGREES',#903)
NAMED_UNIT(#902)
PLANE_ANGLE_UNIT()
);
#905=(
NAMED_UNIT(*)
SI_UNIT($,.STERADIAN.)
SOLID_ANGLE_UNIT()
);
#906=UNCERTAINTY_MEASURE_WITH_UNIT(LENGTH_MEASURE(0.001),#900,
'DISTANCE_ACCURACY_VALUE',
'Maximum model space distance between geometric entities at asserted c
onnectivities');
#907=(
GEOMETRIC_REPRESENTATION_CONTEXT(3)
GLOBAL_UNCERTAINTY_ASSIGNED_CONTEXT((#906))
GLOBAL_UNIT_ASSIGNED_CONTEXT((#905,#904,#900))
REPRESENTATION_CONTEXT('ID1','3D')
);
#908=SHAPE_REPRESENTATION('Document',(#909,#961),#907);
#909=AXIS2_PLACEMENT_3D('',#1017,#962,#963);
#910=AXIS2_PLACEMENT_3D('',#1018,#964,$);
#911=AXIS2_PLACEMENT_3D('',#1019,#965,$);
#912=AXIS2_PLACEMENT_3D('',#1020,#966,$);
#913=AXIS2_PLACEMENT_3D('',#1021,#967,$);
#914=AXIS2_PLACEMENT_3D('',#1022,#968,$);
#915=AXIS2_PLACEMENT_3D('',#1023,#969,$);
#916=AXIS2_PLACEMENT_3D('',#1024,#970,$);
#917=AXIS2_PLACEMENT_3D('',#1025,#971,$);
#918=AXIS2_PLACEMENT_3D('',#1026,#972,$);
#919=AXIS2_PLACEMENT_3D('',#1027,#973,$);
#920=AXIS2_PLACEMENT_3D('',#1028,#974,$);
#921=AXIS2_PLACEMENT_3D('',#1029,#975,$);
#922=AXIS2_PLACEMENT_3D('',#1030,#976,$);
#923=AXIS2_PLACEMENT_3D('',#1031,#977,$);
#924=AXIS2_PLACEMENT_3D('',#1032,#978,$);
#925=AXIS2_PLACEMENT_3D('',#1033,#979,$);
#926=AXIS2_PLACEMENT_3D('',#1034,#980,$);
#927=AXIS2_PLACEMENT_3D('',#1035,#981,$);
#928=AXIS2_PLACEMENT_3D('',#1036,#982,$);
#929=AXIS2_PLACEMENT_3D('',#1037,#983,$);
#930=AXIS2_PLACEMENT_3D('',#1038,#984,$);
#931=AXIS2_PLACEMENT_3D('',#1039,#985,$);
#932=AXIS2_PLACEMENT_3D('',#1040,#986,$);
#933=AXIS2_PLACEMENT_3D('',#1041,#987,$);
#934=AXIS2_PLACEMENT_3D('',#1042,#988,$);
#935=AXIS2_PLACEMENT_3D('',#1043,#989,$);
#936=AXIS2_PLACEMENT_3D('',#1044,#990,$);
#937=AXIS2_PLACEMENT_3D('',#1045,#991,$);
#938=AXIS2_PLACEMENT_3D('',#1046,#992,$);
#939=AXIS2_PLACEMENT_3D('',#1047,#993,$);
#940=AXIS2_PLACEMENT_3D('',#1048,#994,$);
#941=AXIS2_PLACEMENT_3D('',#1049,#995,$);
#942=AXIS2_PLACEMENT_3D('',#1050,#996,$);
#943=AXIS2_PLACEMENT_3D('',#1051,#997,$);
#944=AXIS2_PLACEMENT_3D('',#1052,#998,$);
#945=AXIS2_PLACEMENT_3D('',#1053,#999,$);
#946=AXIS2_PLACEMENT_3D('',#1054,#1000,$);
#947=AXIS2_PLACEMENT_3D('',#1055,#1001,$);
#948=AXIS2_PLACEMENT_3D('',#1056,#1002,$);
#949=AXIS2_PLACEMENT_3D('',#1057,#1003,$);
#950=AXIS2_PLACEMENT_3D('',#1058,#1004,$);
#951=AXIS2_PLACEMENT_3D('',#1059,#1005,$);
#952=AXIS2_PLACEMENT_3D('',#1060,#1006,$);
#953=AXIS2_PLACEMENT_3D('',#1061,#1007,$);
#954=AXIS2_PLACEMENT_3D('',#1062,#1008,$);
#955=AXIS2_PLACEMENT_3D('',#1063,#1009,$);
#956=AXIS2_PLACEMENT_3D('',#1064,#1010,$);
#957=AXIS2_PLACEMENT_3D('',#1065,#1011,$);
#958=AXIS2_PLACEMENT_3D('',#1066,#1012,$);
#959=AXIS2_PLACEMENT_3D('',#1067,#1013,$);
#960=AXIS2_PLACEMENT_3D('',#1068,#1014,$);
#961=AXIS2_PLACEMENT_3D('',#1615,#1015,#1016);
#962=DIRECTION('',(0.,0.,1.));
#963=DIRECTION('',(1.,0.,0.));
#964=DIRECTION('',(0.,0.,-1.));
#965=DIRECTION('',(-1.,0.,0.));
#966=DIRECTION('',(1.,0.,0.));
#967=DIRECTION('',(0.,0.,-1.));
#968=DIRECTION('',(-1.,0.,0.));
#969=DIRECTION('',(0.,0.,1.));
#970=DIRECTION('',(-0.617860347932301,0.,0.786287854702701));
#971=DIRECTION('',(-1.,0.,0.));
#972=DIRECTION('',(-0.6178603479323,0.,-0.786287854702702));
#973=DIRECTION('',(0.,0.,-1.));
#974=DIRECTION('',(0.6178603479323,0.,-0.786287854702702));
#975=DIRECTION('',(1.,0.,0.));
#976=DIRECTION('',(0.617860347932302,0.,0.7862878547027));
#977=DIRECTION('',(0.,0.,1.));
#978=DIRECTION('',(1.,0.,0.));
#979=DIRECTION('',(0.,-1.,0.));
#980=DIRECTION('',(0.,1.,0.));
#981=DIRECTION('',(-1.,-2.53911455332068E-13,-1.52066996539785E-13));
#982=DIRECTION('',(-0.824515490543385,-4.2637863082814E-13,0.565839381674695));
#983=DIRECTION('',(-0.707106781186975,-6.11558649440843E-13,0.70710678118612));
#984=DIRECTION('',(1.77951907792771E-13,1.70846480435169E-13,1.));
#985=DIRECTION('',(0.70710678118692,5.3219152985256E-13,0.707106781186175));
#986=DIRECTION('',(1.,1.24029348046147E-13,-1.24029348046145E-13));
#987=DIRECTION('',(0.707106781186508,2.90665323523286E-14,-0.707106781186587));
#988=DIRECTION('',(-2.71605302308639E-14,2.71605302308642E-14,-1.));
#989=DIRECTION('',(-0.707106781186337,-2.76727683010074E-13,-0.707106781186758));
#990=DIRECTION('',(-1.,1.23473461040104E-14,1.59192844827766E-13));
#991=DIRECTION('',(0.,0.,-1.));
#992=DIRECTION('',(-0.565839381675047,0.,-0.824515490543143));
#993=DIRECTION('',(-0.707106781186546,0.,-0.707106781186549));
#994=DIRECTION('',(-1.,0.,0.));
#995=DIRECTION('',(-0.707106781186548,0.,0.707106781186547));
#996=DIRECTION('',(0.,0.,1.));
#997=DIRECTION('',(0.70710678118655,0.,0.707106781186545));
#998=DIRECTION('',(1.,0.,0.));
#999=DIRECTION('',(0.707106781186546,0.,-0.707106781186549));
#1000=DIRECTION('',(0.,0.,-1.));
#1001=DIRECTION('',(1.,1.20821144635905E-13,-2.10823224498851E-13));
#1002=DIRECTION('',(0.82451549054305,2.09064607698108E-13,-0.565839381675183));
#1003=DIRECTION('',(0.707106781186941,-5.74361826789258E-13,-0.707106781186154));
#1004=DIRECTION('',(6.46744268477174E-14,-6.1121713168917E-14,-1.));
#1005=DIRECTION('',(-0.707106781186576,6.51316662444106E-14,-0.707106781186519));
#1006=DIRECTION('',(-1.,4.8545888232244E-14,4.85458882322448E-14));
#1007=DIRECTION('',(-0.70710678118643,1.6486918350664E-13,0.707106781186665));
#1008=DIRECTION('',(-3.13060848450487E-13,-3.13060848450491E-13,1.));
#1009=DIRECTION('',(0.707106781186554,-4.16937964070298E-15,0.707106781186541));
#1010=DIRECTION('',(1.,-1.23903751848748E-13,-3.24156500184717E-14));
#1011=DIRECTION('',(4.9737991503207E-14,1.42108547151977E-14,-1.));
#1012=DIRECTION('',(0.,-2.36847578586701E-15,-1.));
#1013=DIRECTION('',(4.97379915032068E-14,1.89478062869356E-14,-1.));
#1014=DIRECTION('',(0.,0.,-1.));
#1015=DIRECTION('',(0.,0.,1.));
#1016=DIRECTION('',(1.,0.,0.));
#1017=CARTESIAN_POINT('',(0.,0.,0.));
#1018=CARTESIAN_POINT('',(-23.7033679931197,-42.000000451846,-15.1435664516263));
#1019=CARTESIAN_POINT('',(-29.2349567068314,-30.000000451846,-15.1435664516282));
#1020=CARTESIAN_POINT('',(29.3227411289313,-42.000000451846,-15.1435664516282));
#1021=CARTESIAN_POINT('',(29.3227411289309,-42.000000451846,-15.1435664516282));
#1022=CARTESIAN_POINT('',(23.8966320068804,-30.000000451846,-15.1435664516284));
#1023=CARTESIAN_POINT('',(23.8966320068803,-42.000000451846,-2.8946452224094));
#1024=CARTESIAN_POINT('',(31.8098442718333,-42.000000451846,-2.89464522240941));
#1025=CARTESIAN_POINT('',(33.7673731171251,-30.000000451846,-1.35643062809037));
#1026=CARTESIAN_POINT('',(33.767373117125,-42.000000451846,10.6435693719096));
#1027=CARTESIAN_POINT('',(31.8098442718333,-42.000000451846,12.1817839662286));
#1028=CARTESIAN_POINT('',(-31.8098432001499,-42.000000451846,12.1817839662286));
#1029=CARTESIAN_POINT('',(-33.7673720454417,-42.000000451846,-1.35643062809037));
#1030=CARTESIAN_POINT('',(-33.7673720454417,-42.000000451846,-1.35643062809036));
#1031=CARTESIAN_POINT('',(-31.8098432001499,-42.000000451846,-2.8946452224094));
#1032=CARTESIAN_POINT('',(-23.7033679931197,-42.000000451846,-15.1435664516263));
#1033=CARTESIAN_POINT('',(-34.9999994641583,-42.000000451846,13.1435693719096));
#1034=CARTESIAN_POINT('',(-34.9999994641583,-30.000000451846,-15.1435664516284));
#1035=CARTESIAN_POINT('',(-31.0891878529722,-40.500000451846,-3.93686999035522));
#1036=CARTESIAN_POINT('',(-32.5800569403096,-40.500000451846,-3.86698385459338));
#1037=CARTESIAN_POINT('',(-34.1464460735657,-40.500000451846,-2.41709079986956));
#1038=CARTESIAN_POINT('',(-34.9999994641583,-40.500000451846,4.64356937190935));
#1039=CARTESIAN_POINT('',(-33.8535528547521,-40.500000451846,11.9971227625023));
#1040=CARTESIAN_POINT('',(5.35841503198012E-7,-40.5000004518462,13.1435693719096));
#1041=CARTESIAN_POINT('',(33.853553926435,-40.500000451846,11.997122762503));
#1042=CARTESIAN_POINT('',(35.0000005358417,-40.500000451846,4.64356937190967));
#1043=CARTESIAN_POINT('',(33.8535539264347,-40.500000451846,-2.70998401868399));
#1044=CARTESIAN_POINT('',(31.3255843947598,-40.500000451846,-3.85643062809008));
#1045=CARTESIAN_POINT('',(-29.2349567068317,-40.500000451846,-5.4368699903537));
#1046=CARTESIAN_POINT('',(-32.9434189991119,-40.500000451846,-5.43686999035349));
#1047=CARTESIAN_POINT('',(-33.9142130265314,-40.500000451846,-4.77064419046346));
#1048=CARTESIAN_POINT('',(-36.4999994641583,-31.500000451846,-2.18485775283659));
#1049=CARTESIAN_POINT('',(-33.3284265889045,-31.500000451846,14.6435693719096));
#1050=CARTESIAN_POINT('',(-33.3284265889045,-40.500000451846,14.6435693719096));
#1051=CARTESIAN_POINT('',(36.5000005358417,-31.500000451846,11.4719964966558));
#1052=CARTESIAN_POINT('',(36.5000005358417,-40.500000451846,-2.18485775283655));
#1053=CARTESIAN_POINT('',(36.5000005358417,-40.500000451846,-2.18485775283655));
#1054=CARTESIAN_POINT('',(33.3284276605879,-40.500000451846,-5.35643062809037));
#1055=CARTESIAN_POINT('',(-31.0891878529716,-31.500000451846,-3.93686999035518));
#1056=CARTESIAN_POINT('',(-32.5800569403089,-31.500000451846,-3.86698385459392));
#1057=CARTESIAN_POINT('',(-34.1464460735656,-31.500000451846,-2.41709079986959));
#1058=CARTESIAN_POINT('',(-34.9999994641581,-31.5000004518461,4.71185364315716));
#1059=CARTESIAN_POINT('',(-33.8535528547516,-31.500000451846,11.9971227625029));
#1060=CARTESIAN_POINT('',(5.3584163418677E-7,-31.5000004518461,13.1435693719096));
#1061=CARTESIAN_POINT('',(33.8376960620585,-31.500000451846,12.0129806268793));
#1062=CARTESIAN_POINT('',(35.0000005358417,-31.500000451846,4.64356937190916));
#1063=CARTESIAN_POINT('',(33.853553926435,-31.500000451846,-2.7099840186836));
#1064=CARTESIAN_POINT('',(31.3255843947596,-31.500000451846,-3.85643062809004));
#1065=CARTESIAN_POINT('',(-26.4685866722921,-36.0000004518461,-9.01910583701812));
#1066=CARTESIAN_POINT('',(26.6078964227626,-36.000000451846,-9.0191058370188));
#1067=CARTESIAN_POINT('',(-26.4685866722921,-36.000000451846,-9.01910583701813));
#1068=CARTESIAN_POINT('',(26.6078964227626,-36.000000451846,-9.0191058370188));
#1069=CARTESIAN_POINT('',(-23.7033679931197,-42.000000451846,-15.1435664516263));
#1070=CARTESIAN_POINT('',(-29.2349567068314,-42.000000451846,-15.1435664516282));
#1071=CARTESIAN_POINT('',(-29.2349567068314,-30.000000451846,-15.1435664516282));
#1072=CARTESIAN_POINT('',(-23.7033679931197,-30.000000451846,-15.1435664516263));
#1073=CARTESIAN_POINT('',(-27.9685866722921,-36.000000451846,-15.143566451627));
#1074=CARTESIAN_POINT('',(-24.9685866722921,-36.000000451846,-15.1435664516267));
#1075=CARTESIAN_POINT('',(-29.2349567068316,-30.000000451846,-3.93686999035529));
#1076=CARTESIAN_POINT('',(-29.2349567068316,-42.000000451846,-3.93686999035434));
#1077=CARTESIAN_POINT('',(-29.2349567068317,-40.500000451846,-5.43686999035434));
#1078=CARTESIAN_POINT('',(-29.2349567068317,-31.500000451846,-5.43686999035439));
#1079=CARTESIAN_POINT('',(29.3227411289312,-31.500000451846,-5.35643062808974));
#1080=CARTESIAN_POINT('',(29.3227411289312,-40.500000451846,-5.35643062808975));
#1081=CARTESIAN_POINT('',(29.3227411289314,-42.000000451846,-3.85643062808975));
#1082=CARTESIAN_POINT('',(29.3227411289309,-42.000000451846,-15.1435664516282));
#1083=CARTESIAN_POINT('',(29.3227411289309,-30.000000451846,-15.1435664516282));
#1084=CARTESIAN_POINT('',(29.3227411289314,-30.000000451846,-3.85643062808975));
#1085=CARTESIAN_POINT('',(23.8966320068804,-42.000000451846,-15.1435664516284));
#1086=CARTESIAN_POINT('',(23.8966320068804,-30.000000451846,-15.1435664516284));
#1087=CARTESIAN_POINT('',(25.1078964227626,-36.000000451846,-15.1435664516282));
#1088=CARTESIAN_POINT('',(28.1078964227626,-36.000000451846,-15.1435664516282));
#1089=CARTESIAN_POINT('',(23.8966320068803,-42.000000451846,-2.8946452224094));
#1090=CARTESIAN_POINT('',(23.8966320068803,-30.000000451846,-2.8946452224094));
#1091=CARTESIAN_POINT('',(31.8098442718333,-42.000000451846,-2.8946452224094));
#1092=CARTESIAN_POINT('',(31.8098442718333,-30.000000451846,-2.8946452224094));
#1093=CARTESIAN_POINT('',(25.1078964227626,-36.000000451846,-2.8946452224094));
#1094=CARTESIAN_POINT('',(28.1078964227626,-36.000000451846,-2.8946452224094));
#1095=CARTESIAN_POINT('',(33.767373117125,-42.000000451846,-1.35643062809037));
#1096=CARTESIAN_POINT('',(33.767373117125,-30.000000451846,-1.35643062809037));
#1097=CARTESIAN_POINT('',(33.767373117125,-42.000000451846,10.6435693719096));
#1098=CARTESIAN_POINT('',(33.767373117125,-30.000000451846,10.6435693719096));
#1099=CARTESIAN_POINT('',(31.8098442718333,-42.000000451846,12.1817839662286));
#1100=CARTESIAN_POINT('',(31.8098442718333,-30.000000451846,12.1817839662286));
#1101=CARTESIAN_POINT('',(-31.8098432001499,-42.000000451846,12.1817839662286));
#1102=CARTESIAN_POINT('',(-31.8098432001499,-30.000000451846,12.1817839662286));
#1103=CARTESIAN_POINT('',(-33.7673720454417,-42.000000451846,10.6435693719096));
#1104=CARTESIAN_POINT('',(-33.7673720454417,-30.000000451846,10.6435693719096));
#1105=CARTESIAN_POINT('',(-33.7673720454417,-42.000000451846,-1.35643062809037));
#1106=CARTESIAN_POINT('',(-33.7673720454417,-30.000000451846,-1.35643062809037));
#1107=CARTESIAN_POINT('',(-31.8098432001499,-42.000000451846,-2.8946452224094));
#1108=CARTESIAN_POINT('',(-31.8098432001499,-30.000000451846,-2.8946452224094));
#1109=CARTESIAN_POINT('',(-23.7033679931197,-42.000000451846,-2.8946452224094));
#1110=CARTESIAN_POINT('',(-23.7033679931197,-30.000000451846,-2.8946452224094));
#1111=CARTESIAN_POINT('',(-27.9685866722921,-36.000000451846,-2.8946452224094));
#1112=CARTESIAN_POINT('',(-24.9685866722921,-36.000000451846,-2.8946452224094));
#1113=CARTESIAN_POINT('',(-32.9513816125324,-42.000000451846,-3.61215526090281));
#1114=CARTESIAN_POINT('',(-32.4782220320752,-42.000000451846,-3.9368699903542));
#1115=CARTESIAN_POINT('',(32.7071073170283,-42.000000451846,-3.85643062809023));
#1116=CARTESIAN_POINT('',(35.0000005358417,-42.000000451846,-1.56353740927693));
#1117=CARTESIAN_POINT('',(35.0000005358417,-42.000000451846,10.8506761530962));
#1118=CARTESIAN_POINT('',(32.7071073170282,-42.000000451846,13.1435693719096));
#1119=CARTESIAN_POINT('',(-32.7071062453448,-42.000000451846,13.1435693719096));
#1120=CARTESIAN_POINT('',(-34.9999994641583,-42.000000451846,10.8506761530962));
#1121=CARTESIAN_POINT('',(-34.9999994641583,-42.000000451846,-1.5635374092769));
#1122=CARTESIAN_POINT('',(-32.9513816125324,-30.000000451846,-3.6121552609028));
#1123=CARTESIAN_POINT('',(-34.9999994641583,-30.000000451846,-1.5635374092769));
#1124=CARTESIAN_POINT('',(-34.9999994641583,-30.000000451846,10.8506761530962));
#1125=CARTESIAN_POINT('',(-32.7071062453449,-30.000000451846,13.1435693719096));
#1126=CARTESIAN_POINT('',(32.7071073170282,-30.000000451846,13.1435693719096));
#1127=CARTESIAN_POINT('',(35.0000005358417,-30.000000451846,10.8506761530962));
#1128=CARTESIAN_POINT('',(35.0000005358417,-30.000000451846,-1.56353740927692));
#1129=CARTESIAN_POINT('',(32.7071073170284,-30.000000451846,-3.85643062809023));
#1130=CARTESIAN_POINT('',(-32.4782220320752,-30.000000451846,-3.93686999035421));
#1131=CARTESIAN_POINT('',(-32.9434189991122,-40.500000451846,-5.43686999035385));
#1132=CARTESIAN_POINT('',(-33.9142130265314,-40.500000451846,-4.77064419046346));
#1133=CARTESIAN_POINT('',(-36.4999994641583,-40.500000451846,-2.18485775283657));
#1134=CARTESIAN_POINT('',(-36.4999994641583,-40.500000451846,11.4719964966558));
#1135=CARTESIAN_POINT('',(-33.3284265889045,-40.500000451846,14.6435693719096));
#1136=CARTESIAN_POINT('',(33.3284276605879,-40.500000451846,14.6435693719096));
#1137=CARTESIAN_POINT('',(36.5000005358417,-40.500000451846,11.4719964966558));
#1138=CARTESIAN_POINT('',(36.5000005358417,-40.500000451846,-2.18485775283655));
#1139=CARTESIAN_POINT('',(33.3284276605879,-40.500000451846,-5.35643062809036));
#1140=CARTESIAN_POINT('',(-32.9434189991122,-31.500000451846,-5.43686999035388));
#1141=CARTESIAN_POINT('',(-33.9142130265314,-31.500000451846,-4.77064419046346));
#1142=CARTESIAN_POINT('',(-36.4999994641583,-31.500000451846,-2.18485775283659));
#1143=CARTESIAN_POINT('',(-36.4999994641583,-31.500000451846,11.4719964966558));
#1144=CARTESIAN_POINT('',(-33.3284265889045,-31.500000451846,14.6435693719096));
#1145=CARTESIAN_POINT('',(33.3284276605879,-31.500000451846,14.6435693719096));
#1146=CARTESIAN_POINT('',(36.5000005358417,-31.500000451846,11.4719964966558));
#1147=CARTESIAN_POINT('',(36.5000005358417,-31.500000451846,-2.18485775283654));
#1148=CARTESIAN_POINT('',(33.3284276605879,-31.500000451846,-5.35643062809035));
#1149=CARTESIAN_POINT('',(-23.7033679931197,-42.000000451846,-15.1435664516263));
#1150=CARTESIAN_POINT('',(-29.2349567068314,-42.000000451846,-15.1435664516282));
#1151=CARTESIAN_POINT('',(-29.2349567068314,-42.000000451846,-15.1435664516282));
#1152=CARTESIAN_POINT('',(-29.2349567068314,-30.000000451846,-15.1435664516282));
#1153=CARTESIAN_POINT('',(-29.2349567068314,-30.000000451846,-15.1435664516282));
#1154=CARTESIAN_POINT('',(-23.7033679931197,-30.000000451846,-15.1435664516263));
#1155=CARTESIAN_POINT('',(-23.7033679931197,-30.000000451846,-15.1435664516263));
#1156=CARTESIAN_POINT('',(-23.7033679931197,-42.000000451846,-15.1435664516263));
#1157=CARTESIAN_POINT('',(-29.2349567068316,-30.000000451846,-3.93686999035529));
#1158=CARTESIAN_POINT('',(-29.2349567068314,-30.000000451846,-15.1435664516282));
#1159=CARTESIAN_POINT('',(-29.2349567068314,-42.000000451846,-15.1435664516282));
#1160=CARTESIAN_POINT('',(-29.2349567068316,-42.000000451846,-3.93686999035434));
#1161=CARTESIAN_POINT('',(-29.2349567068317,-40.500000451846,-5.43686999035434));
#1162=CARTESIAN_POINT('',(-29.2349567068317,-31.500000451846,-5.43686999035439));
#1163=CARTESIAN_POINT('',(29.3227411289312,-31.500000451846,-5.35643062808974));
#1164=CARTESIAN_POINT('',(29.3227411289312,-40.500000451846,-5.35643062808975));
#1165=CARTESIAN_POINT('',(29.3227411289314,-42.000000451846,-3.85643062808975));
#1166=CARTESIAN_POINT('',(29.3227411289309,-42.000000451846,-15.1435664516282));
#1167=CARTESIAN_POINT('',(29.3227411289309,-42.000000451846,-15.1435664516282));
#1168=CARTESIAN_POINT('',(29.3227411289309,-30.000000451846,-15.1435664516282));
#1169=CARTESIAN_POINT('',(29.3227411289309,-30.000000451846,-15.1435664516282));
#1170=CARTESIAN_POINT('',(29.3227411289314,-30.000000451846,-3.85643062808975));
#1171=CARTESIAN_POINT('',(29.3227411289309,-42.000000451846,-15.1435664516282));
#1172=CARTESIAN_POINT('',(23.8966320068804,-42.000000451846,-15.1435664516284));
#1173=CARTESIAN_POINT('',(23.8966320068804,-42.000000451846,-15.1435664516284));
#1174=CARTESIAN_POINT('',(23.8966320068804,-30.000000451846,-15.1435664516284));
#1175=CARTESIAN_POINT('',(23.8966320068804,-30.000000451846,-15.1435664516284));
#1176=CARTESIAN_POINT('',(29.3227411289309,-30.000000451846,-15.1435664516282));
#1177=CARTESIAN_POINT('',(23.8966320068804,-42.000000451846,-15.1435664516284));
#1178=CARTESIAN_POINT('',(23.8966320068803,-42.000000451846,-2.8946452224094));
#1179=CARTESIAN_POINT('',(23.8966320068803,-42.000000451846,-2.8946452224094));
#1180=CARTESIAN_POINT('',(23.8966320068803,-30.000000451846,-2.8946452224094));
#1181=CARTESIAN_POINT('',(23.8966320068803,-30.000000451846,-2.8946452224094));
#1182=CARTESIAN_POINT('',(23.8966320068804,-30.000000451846,-15.1435664516284));
#1183=CARTESIAN_POINT('',(23.8966320068803,-42.000000451846,-2.8946452224094));
#1184=CARTESIAN_POINT('',(31.8098442718333,-42.000000451846,-2.8946452224094));
#1185=CARTESIAN_POINT('',(31.8098442718333,-42.000000451846,-2.8946452224094));
#1186=CARTESIAN_POINT('',(31.8098442718333,-30.000000451846,-2.8946452224094));
#1187=CARTESIAN_POINT('',(31.8098442718333,-30.000000451846,-2.8946452224094));
#1188=CARTESIAN_POINT('',(23.8966320068803,-30.000000451846,-2.8946452224094));
#1189=CARTESIAN_POINT('',(31.8098442718333,-42.000000451846,-2.8946452224094));
#1190=CARTESIAN_POINT('',(33.767373117125,-42.000000451846,-1.35643062809037));
#1191=CARTESIAN_POINT('',(33.767373117125,-42.000000451846,-1.35643062809037));
#1192=CARTESIAN_POINT('',(33.767373117125,-30.000000451846,-1.35643062809037));
#1193=CARTESIAN_POINT('',(33.767373117125,-30.000000451846,-1.35643062809037));
#1194=CARTESIAN_POINT('',(31.8098442718333,-30.000000451846,-2.8946452224094));
#1195=CARTESIAN_POINT('',(33.767373117125,-42.000000451846,-1.35643062809037));
#1196=CARTESIAN_POINT('',(33.767373117125,-42.000000451846,10.6435693719096));
#1197=CARTESIAN_POINT('',(33.767373117125,-42.000000451846,10.6435693719096));
#1198=CARTESIAN_POINT('',(33.767373117125,-30.000000451846,10.6435693719096));
#1199=CARTESIAN_POINT('',(33.767373117125,-30.000000451846,10.6435693719096));
#1200=CARTESIAN_POINT('',(33.767373117125,-30.000000451846,-1.35643062809037));
#1201=CARTESIAN_POINT('',(33.767373117125,-42.000000451846,10.6435693719096));
#1202=CARTESIAN_POINT('',(31.8098442718333,-42.000000451846,12.1817839662286));
#1203=CARTESIAN_POINT('',(31.8098442718333,-42.000000451846,12.1817839662286));
#1204=CARTESIAN_POINT('',(31.8098442718333,-30.000000451846,12.1817839662286));
#1205=CARTESIAN_POINT('',(31.8098442718333,-30.000000451846,12.1817839662286));
#1206=CARTESIAN_POINT('',(33.767373117125,-30.000000451846,10.6435693719096));
#1207=CARTESIAN_POINT('',(31.8098442718333,-42.000000451846,12.1817839662286));
#1208=CARTESIAN_POINT('',(-31.8098432001499,-42.000000451846,12.1817839662286));
#1209=CARTESIAN_POINT('',(-31.8098432001499,-42.000000451846,12.1817839662286));
#1210=CARTESIAN_POINT('',(-31.8098432001499,-30.000000451846,12.1817839662286));
#1211=CARTESIAN_POINT('',(-31.8098432001499,-30.000000451846,12.1817839662286));
#1212=CARTESIAN_POINT('',(31.8098442718333,-30.000000451846,12.1817839662286));
#1213=CARTESIAN_POINT('',(-31.8098432001499,-42.000000451846,12.1817839662286));
#1214=CARTESIAN_POINT('',(-33.7673720454417,-42.000000451846,10.6435693719096));
#1215=CARTESIAN_POINT('',(-33.7673720454417,-42.000000451846,10.6435693719096));
#1216=CARTESIAN_POINT('',(-33.7673720454417,-30.000000451846,10.6435693719096));
#1217=CARTESIAN_POINT('',(-33.7673720454417,-30.000000451846,10.6435693719096));
#1218=CARTESIAN_POINT('',(-31.8098432001499,-30.000000451846,12.1817839662286));
#1219=CARTESIAN_POINT('',(-33.7673720454417,-42.000000451846,10.6435693719096));
#1220=CARTESIAN_POINT('',(-33.7673720454417,-42.000000451846,-1.35643062809037));
#1221=CARTESIAN_POINT('',(-33.7673720454417,-42.000000451846,-1.35643062809037));
#1222=CARTESIAN_POINT('',(-33.7673720454417,-30.000000451846,-1.35643062809037));
#1223=CARTESIAN_POINT('',(-33.7673720454417,-30.000000451846,-1.35643062809037));
#1224=CARTESIAN_POINT('',(-33.7673720454417,-30.000000451846,10.6435693719096));
#1225=CARTESIAN_POINT('',(-33.7673720454417,-42.000000451846,-1.35643062809037));
#1226=CARTESIAN_POINT('',(-31.8098432001499,-42.000000451846,-2.8946452224094));
#1227=CARTESIAN_POINT('',(-31.8098432001499,-42.000000451846,-2.8946452224094));
#1228=CARTESIAN_POINT('',(-31.8098432001499,-30.000000451846,-2.8946452224094));
#1229=CARTESIAN_POINT('',(-31.8098432001499,-30.000000451846,-2.8946452224094));
#1230=CARTESIAN_POINT('',(-33.7673720454417,-30.000000451846,-1.35643062809037));
#1231=CARTESIAN_POINT('',(-31.8098432001499,-42.000000451846,-2.8946452224094));
#1232=CARTESIAN_POINT('',(-23.7033679931197,-42.000000451846,-2.8946452224094));
#1233=CARTESIAN_POINT('',(-23.7033679931197,-42.000000451846,-2.8946452224094));
#1234=CARTESIAN_POINT('',(-23.7033679931197,-30.000000451846,-2.8946452224094));
#1235=CARTESIAN_POINT('',(-23.7033679931197,-30.000000451846,-2.8946452224094));
#1236=CARTESIAN_POINT('',(-31.8098432001499,-30.000000451846,-2.8946452224094));
#1237=CARTESIAN_POINT('',(-23.7033679931197,-42.000000451846,-2.8946452224094));
#1238=CARTESIAN_POINT('',(-23.7033679931197,-42.000000451846,-15.1435664516263));
#1239=CARTESIAN_POINT('',(-23.7033679931197,-30.000000451846,-15.1435664516263));
#1240=CARTESIAN_POINT('',(-23.7033679931197,-30.000000451846,-2.8946452224094));
#1241=CARTESIAN_POINT('',(-32.4782220320752,-42.000000451846,-3.9368699903542));
#1242=CARTESIAN_POINT('',(-29.2349567068316,-42.000000451846,-3.93686999035434));
#1243=CARTESIAN_POINT('',(29.3227411289314,-42.000000451846,-3.85643062808975));
#1244=CARTESIAN_POINT('',(32.7071073170283,-42.000000451846,-3.85643062809023));
#1245=CARTESIAN_POINT('',(35.0000005358417,-42.000000451846,-1.56353740927693));
#1246=CARTESIAN_POINT('',(35.0000005358417,-42.000000451846,10.8506761530962));
#1247=CARTESIAN_POINT('',(32.7071073170282,-42.000000451846,13.1435693719096));
#1248=CARTESIAN_POINT('',(-32.7071062453448,-42.000000451846,13.1435693719096));
#1249=CARTESIAN_POINT('',(-34.9999994641583,-42.000000451846,10.8506761530962));
#1250=CARTESIAN_POINT('',(-34.9999994641583,-42.000000451846,-1.5635374092769));
#1251=CARTESIAN_POINT('',(-34.9999994641583,-30.000000451846,-1.5635374092769));
#1252=CARTESIAN_POINT('',(-34.9999994641583,-30.000000451846,10.8506761530962));
#1253=CARTESIAN_POINT('',(-32.7071062453449,-30.000000451846,13.1435693719096));
#1254=CARTESIAN_POINT('',(32.7071073170282,-30.000000451846,13.1435693719096));
#1255=CARTESIAN_POINT('',(35.0000005358417,-30.000000451846,10.8506761530962));
#1256=CARTESIAN_POINT('',(35.0000005358417,-30.000000451846,-1.56353740927692));
#1257=CARTESIAN_POINT('',(32.7071073170284,-30.000000451846,-3.85643062809023));
#1258=CARTESIAN_POINT('',(29.3227411289314,-30.000000451846,-3.85643062808975));
#1259=CARTESIAN_POINT('',(-29.2349567068316,-30.000000451846,-3.93686999035529));
#1260=CARTESIAN_POINT('',(-32.4782220320752,-30.000000451846,-3.93686999035421));
#1261=CARTESIAN_POINT('',(-29.2349567068316,-42.000000451846,-3.93686999035434));
#1262=CARTESIAN_POINT('',(-29.2349567068313,-42.000000451846,-5.43686999035435));
#1263=CARTESIAN_POINT('',(-29.2349567068317,-40.500000451846,-5.43686999035434));
#1264=CARTESIAN_POINT('',(-32.9434189991122,-40.500000451846,-5.43686999035385));
#1265=CARTESIAN_POINT('',(-29.2349567068317,-40.500000451846,-5.43686999035434));
#1266=CARTESIAN_POINT('',(-32.4782220320752,-42.000000451846,-3.9368699903542));
#1267=CARTESIAN_POINT('',(-32.5033180242565,-41.9999433450909,-4.01779052711939));
#1268=CARTESIAN_POINT('',(-32.5549103475896,-41.986545518277,-4.18414691051506));
#1269=CARTESIAN_POINT('',(-32.6319044715951,-41.923838499315,-4.43240989198357));
#1270=CARTESIAN_POINT('',(-32.7073047104694,-41.8148535504775,-4.67553348548474));
#1271=CARTESIAN_POINT('',(-32.7771399108595,-41.6603032860421,-4.90071294280644));
#1272=CARTESIAN_POINT('',(-32.837616415147,-41.4656079616095,-5.09571584020073));
#1273=CARTESIAN_POINT('',(-32.8857115881772,-41.2403521868776,-5.25079587007518));
#1274=CARTESIAN_POINT('',(-32.9196754045405,-40.9967849195765,-5.36031017939805));
#1275=CARTESIAN_POINT('',(-32.9392136232211,-40.7479012733222,-5.42331000549441));
#1276=CARTESIAN_POINT('',(-32.9434189991122,-40.5809697770036,-5.43686999035383));
#1277=CARTESIAN_POINT('',(-32.9434189991122,-40.500000451846,-5.43686999035385));
#1278=CARTESIAN_POINT('',(-32.9513816125324,-42.000000451846,-3.61215526090281));
#1279=CARTESIAN_POINT('',(-32.4782220320752,-42.000000451846,-3.9368699903542));
#1280=CARTESIAN_POINT('',(-33.9142130265314,-40.500000451846,-4.77064419046346));
#1281=CARTESIAN_POINT('',(-32.9434189991122,-40.500000451846,-5.43686999035385));
#1282=CARTESIAN_POINT('',(-32.9513816125324,-42.000000451846,-3.61215526090281));
#1283=CARTESIAN_POINT('',(-33.0033369869918,-41.9999160048544,-3.67466851635638));
#1284=CARTESIAN_POINT('',(-33.1102785517428,-41.9865257400578,-3.80334173689343));
#1285=CARTESIAN_POINT('',(-33.269810528152,-41.9236582663888,-3.99529229635247));
#1286=CARTESIAN_POINT('',(-33.4259994170754,-41.8144469168588,-4.18322041762806));
#1287=CARTESIAN_POINT('',(-33.5705701184933,-41.6596486965369,-4.3571694129518));
#1288=CARTESIAN_POINT('',(-33.6956596698338,-41.4648005156106,-4.50767848268623));
#1289=CARTESIAN_POINT('',(-33.7950516134477,-41.2395656616516,-4.62726791931013));
#1290=CARTESIAN_POINT('',(-33.8651935074986,-40.9961972465955,-4.71166338727567));
#1291=CARTESIAN_POINT('',(-33.9055326677003,-40.7476042626505,-4.76019989101027));
#1292=CARTESIAN_POINT('',(-33.9142130265314,-40.5809465325539,-4.77064419046346));
#1293=CARTESIAN_POINT('',(-33.9142130265314,-40.500000451846,-4.77064419046346));
#1294=CARTESIAN_POINT('',(-34.9999994641583,-42.000000451846,-1.5635374092769));
#1295=CARTESIAN_POINT('',(-32.9513816125324,-42.000000451846,-3.61215526090281));
#1296=CARTESIAN_POINT('',(-34.9999994641583,-42.000000451846,-1.5635374092769));
#1297=CARTESIAN_POINT('',(-35.0809044397103,-41.9999637592805,-1.59704934741396));
#1298=CARTESIAN_POINT('',(-35.2470765609107,-41.986560071575,-1.6658800937034));
#1299=CARTESIAN_POINT('',(-35.4951326029585,-41.9239732445718,-1.76862827054836));
#1300=CARTESIAN_POINT('',(-35.7380922028118,-41.8151636254005,-1.86926543191624));
#1301=CARTESIAN_POINT('',(-35.9632189803928,-41.6608153632877,-1.96251599644368));
#1302=CARTESIAN_POINT('',(-36.1583047814738,-41.4662581435611,-2.04332318107786));
#1303=CARTESIAN_POINT('',(-36.31356642054,-41.2410032994028,-2.10763465769536));
#1304=CARTESIAN_POINT('',(-36.4232765115848,-40.9972822707653,-2.1530780653353));
#1305=CARTESIAN_POINT('',(-36.4864077716191,-40.7481560831695,-2.17922788945123));
#1306=CARTESIAN_POINT('',(-36.4999994641583,-40.5809897596433,-2.18485775283657));
#1307=CARTESIAN_POINT('',(-36.4999994641583,-40.500000451846,-2.18485775283657));
#1308=CARTESIAN_POINT('',(-36.4999994641583,-40.500000451846,-2.18485775283657));
#1309=CARTESIAN_POINT('',(-33.9142130265314,-40.500000451846,-4.77064419046346));
#1310=CARTESIAN_POINT('',(-34.9999994641583,-42.000000451846,10.8506761530962));
#1311=CARTESIAN_POINT('',(-35.0809044397103,-41.9999637592805,10.8841880912333));
#1312=CARTESIAN_POINT('',(-35.2470765609106,-41.986560071575,10.9530188375228));
#1313=CARTESIAN_POINT('',(-35.4951326029585,-41.9239732445718,11.0557670143675));
#1314=CARTESIAN_POINT('',(-35.7380922028118,-41.8151636254005,11.1564041757356));
#1315=CARTESIAN_POINT('',(-35.9632189803928,-41.6608153632877,11.2496547402629));
#1316=CARTESIAN_POINT('',(-36.1583047814738,-41.4662581435611,11.3304619248971));
#1317=CARTESIAN_POINT('',(-36.31356642054,-41.2410032994028,11.3947734015146));
#1318=CARTESIAN_POINT('',(-36.4232765115848,-40.9972822707653,11.4402168091545));
#1319=CARTESIAN_POINT('',(-36.4864077716191,-40.7481560831695,11.4663666332705));
#1320=CARTESIAN_POINT('',(-36.4999994641583,-40.5809897596433,11.4719964966558));
#1321=CARTESIAN_POINT('',(-36.4999994641583,-40.500000451846,11.4719964966558));
#1322=CARTESIAN_POINT('',(-36.4999994641583,-40.500000451846,11.4719964966558));
#1323=CARTESIAN_POINT('',(-36.4999994641583,-40.500000451846,-2.18485775283657));
#1324=CARTESIAN_POINT('',(-32.7071062453448,-42.000000451846,13.1435693719096));
#1325=CARTESIAN_POINT('',(-34.9999994641583,-42.000000451846,10.8506761530962));
#1326=CARTESIAN_POINT('',(-32.7071062453448,-42.000000451846,13.1435693719096));
#1327=CARTESIAN_POINT('',(-32.7406181834819,-41.9999637592805,13.2244743474616));
#1328=CARTESIAN_POINT('',(-32.8094489297714,-41.9865600715751,13.3906464686619));
#1329=CARTESIAN_POINT('',(-32.9121971066163,-41.9239732445719,13.6387025107098));
#1330=CARTESIAN_POINT('',(-33.0128342679842,-41.8151636254005,13.8816621105631));
#1331=CARTESIAN_POINT('',(-33.1060848325116,-41.6608153632877,14.1067888881441));
#1332=CARTESIAN_POINT('',(-33.1868920171458,-41.4662581435612,14.3018746892251));
#1333=CARTESIAN_POINT('',(-33.2512034937633,-41.2410032994029,14.4571363282913));
#1334=CARTESIAN_POINT('',(-33.2966469014032,-40.9972822707654,14.5668464193361));
#1335=CARTESIAN_POINT('',(-33.3227967255191,-40.7481560831695,14.6299776793704));
#1336=CARTESIAN_POINT('',(-33.3284265889045,-40.5809897596433,14.6435693719096));
#1337=CARTESIAN_POINT('',(-33.3284265889045,-40.500000451846,14.6435693719096));
#1338=CARTESIAN_POINT('',(-33.3284265889045,-40.500000451846,14.6435693719096));
#1339=CARTESIAN_POINT('',(-36.4999994641583,-40.500000451846,11.4719964966558));
#1340=CARTESIAN_POINT('',(32.7071073170282,-42.000000451846,13.1435693719096));
#1341=CARTESIAN_POINT('',(32.7406192551653,-41.9999637592806,13.2244743474616));
#1342=CARTESIAN_POINT('',(32.8094500014548,-41.9865600715751,13.3906464686619));
#1343=CARTESIAN_POINT('',(32.9121981782996,-41.9239732445718,13.6387025107098));
#1344=CARTESIAN_POINT('',(33.0128353396676,-41.8151636254005,13.8816621105631));
#1345=CARTESIAN_POINT('',(33.106085904195,-41.6608153632877,14.1067888881441));
#1346=CARTESIAN_POINT('',(33.1868930888293,-41.4662581435611,14.3018746892251));
#1347=CARTESIAN_POINT('',(33.2512045654467,-41.2410032994029,14.4571363282913));
#1348=CARTESIAN_POINT('',(33.2966479730867,-40.9972822707653,14.5668464193361));
#1349=CARTESIAN_POINT('',(33.3227977972026,-40.7481560831695,14.6299776793704));
#1350=CARTESIAN_POINT('',(33.3284276605879,-40.5809897596433,14.6435693719096));
#1351=CARTESIAN_POINT('',(33.3284276605879,-40.500000451846,14.6435693719096));
#1352=CARTESIAN_POINT('',(33.3284276605879,-40.500000451846,14.6435693719096));
#1353=CARTESIAN_POINT('',(-33.3284265889045,-40.500000451846,14.6435693719096));
#1354=CARTESIAN_POINT('',(35.0000005358417,-42.000000451846,10.8506761530962));
#1355=CARTESIAN_POINT('',(32.7071073170282,-42.000000451846,13.1435693719096));
#1356=CARTESIAN_POINT('',(35.0000005358417,-42.000000451846,10.8506761530962));
#1357=CARTESIAN_POINT('',(35.0809055113937,-41.9999637592806,10.8841880912332));
#1358=CARTESIAN_POINT('',(35.247077632594,-41.9865600715751,10.9530188375227));
#1359=CARTESIAN_POINT('',(35.4951336746419,-41.9239732445718,11.0557670143675));
#1360=CARTESIAN_POINT('',(35.7380932744951,-41.8151636254005,11.1564041757355));
#1361=CARTESIAN_POINT('',(35.9632200520762,-41.6608153632877,11.2496547402629));
#1362=CARTESIAN_POINT('',(36.1583058531572,-41.4662581435612,11.3304619248971));
#1363=CARTESIAN_POINT('',(36.3135674922234,-41.2410032994029,11.3947734015146));
#1364=CARTESIAN_POINT('',(36.4232775832681,-40.9972822707653,11.4402168091545));
#1365=CARTESIAN_POINT('',(36.4864088433024,-40.7481560831695,11.4663666332704));
#1366=CARTESIAN_POINT('',(36.5000005358417,-40.5809897596433,11.4719964966558));
#1367=CARTESIAN_POINT('',(36.5000005358417,-40.500000451846,11.4719964966558));
#1368=CARTESIAN_POINT('',(36.5000005358417,-40.500000451846,11.4719964966558));
#1369=CARTESIAN_POINT('',(33.3284276605879,-40.500000451846,14.6435693719096));
#1370=CARTESIAN_POINT('',(35.0000005358417,-42.000000451846,-1.56353740927693));
#1371=CARTESIAN_POINT('',(35.0809055113937,-41.9999637592806,-1.59704934741405));
#1372=CARTESIAN_POINT('',(35.247077632594,-41.9865600715751,-1.66588009370357));
#1373=CARTESIAN_POINT('',(35.4951336746419,-41.9239732445718,-1.76862827054826));
#1374=CARTESIAN_POINT('',(35.7380932744951,-41.8151636254005,-1.86926543191632));
#1375=CARTESIAN_POINT('',(35.9632200520762,-41.6608153632877,-1.96251599644365));
#1376=CARTESIAN_POINT('',(36.1583058531572,-41.4662581435612,-2.04332318107791));
#1377=CARTESIAN_POINT('',(36.3135674922234,-41.2410032994028,-2.10763465769534));
#1378=CARTESIAN_POINT('',(36.4232775832682,-40.9972822707653,-2.15307806533528));
#1379=CARTESIAN_POINT('',(36.4864088433024,-40.7481560831695,-2.17922788945124));
#1380=CARTESIAN_POINT('',(36.5000005358417,-40.5809897596433,-2.18485775283655));
#1381=CARTESIAN_POINT('',(36.5000005358417,-40.500000451846,-2.18485775283655));
#1382=CARTESIAN_POINT('',(36.5000005358417,-40.500000451846,-2.18485775283655));
#1383=CARTESIAN_POINT('',(36.5000005358417,-40.500000451846,11.4719964966558));
#1384=CARTESIAN_POINT('',(32.7071073170283,-42.000000451846,-3.85643062809023));
#1385=CARTESIAN_POINT('',(35.0000005358417,-42.000000451846,-1.56353740927693));
#1386=CARTESIAN_POINT('',(33.3284276605879,-40.500000451846,-5.35643062809036));
#1387=CARTESIAN_POINT('',(36.5000005358417,-40.500000451846,-2.18485775283655));
#1388=CARTESIAN_POINT('',(32.7071073170283,-42.000000451846,-3.85643062809023));
#1389=CARTESIAN_POINT('',(32.7406192551654,-41.9999637592805,-3.93733560364222));
#1390=CARTESIAN_POINT('',(32.8094500014549,-41.9865600715751,-4.10350772484257));
#1391=CARTESIAN_POINT('',(32.9121981782997,-41.9239732445718,-4.35156376689044));
#1392=CARTESIAN_POINT('',(33.0128353396676,-41.8151636254005,-4.59452336674374));
#1393=CARTESIAN_POINT('',(33.106085904195,-41.6608153632877,-4.81965014432479));
#1394=CARTESIAN_POINT('',(33.1868930888293,-41.4662581435612,-5.01473594540582));
#1395=CARTESIAN_POINT('',(33.2512045654467,-41.2410032994029,-5.16999758447205));
#1396=CARTESIAN_POINT('',(33.2966479730866,-40.9972822707653,-5.27970767551681));
#1397=CARTESIAN_POINT('',(33.3227977972026,-40.7481560831695,-5.34283893555112));
#1398=CARTESIAN_POINT('',(33.3284276605879,-40.5809897596433,-5.35643062809036));
#1399=CARTESIAN_POINT('',(33.3284276605879,-40.500000451846,-5.35643062809036));
#1400=CARTESIAN_POINT('',(29.3227411289312,-40.500000451846,-5.35643062808975));
#1401=CARTESIAN_POINT('',(29.3227411289312,-42.000000451846,-5.35643062808976));
#1402=CARTESIAN_POINT('',(29.3227411289314,-42.000000451846,-3.85643062808975));
#1403=CARTESIAN_POINT('',(29.3227411289312,-40.500000451846,-5.35643062808975));
#1404=CARTESIAN_POINT('',(33.3284276605879,-40.500000451846,-5.35643062809036));
#1405=CARTESIAN_POINT('',(-32.9434189991122,-40.500000451846,-5.43686999035385));
#1406=CARTESIAN_POINT('',(-32.9434189991122,-31.500000451846,-5.43686999035388));
#1407=CARTESIAN_POINT('',(-32.9434189991122,-31.500000451846,-5.43686999035388));
#1408=CARTESIAN_POINT('',(-29.2349567068317,-31.500000451846,-5.43686999035439));
#1409=CARTESIAN_POINT('',(-33.9142130265314,-40.500000451846,-4.77064419046346));
#1410=CARTESIAN_POINT('',(-33.9142130265314,-31.500000451846,-4.77064419046346));
#1411=CARTESIAN_POINT('',(-33.9142130265314,-31.500000451846,-4.77064419046346));
#1412=CARTESIAN_POINT('',(-32.9434189991122,-31.500000451846,-5.43686999035388));
#1413=CARTESIAN_POINT('',(-36.4999994641583,-40.500000451846,-2.18485775283657));
#1414=CARTESIAN_POINT('',(-36.4999994641583,-31.500000451846,-2.18485775283659));
#1415=CARTESIAN_POINT('',(-36.4999994641583,-31.500000451846,-2.18485775283659));
#1416=CARTESIAN_POINT('',(-33.9142130265314,-31.500000451846,-4.77064419046346));
#1417=CARTESIAN_POINT('',(-36.4999994641583,-40.500000451846,11.4719964966558));
#1418=CARTESIAN_POINT('',(-36.4999994641583,-31.500000451846,11.4719964966558));
#1419=CARTESIAN_POINT('',(-36.4999994641583,-31.500000451846,11.4719964966558));
#1420=CARTESIAN_POINT('',(-36.4999994641583,-31.500000451846,-2.18485775283659));
#1421=CARTESIAN_POINT('',(-33.3284265889045,-40.500000451846,14.6435693719096));
#1422=CARTESIAN_POINT('',(-33.3284265889045,-31.500000451846,14.6435693719096));
#1423=CARTESIAN_POINT('',(-33.3284265889045,-31.500000451846,14.6435693719096));
#1424=CARTESIAN_POINT('',(-36.4999994641583,-31.500000451846,11.4719964966558));
#1425=CARTESIAN_POINT('',(33.3284276605879,-40.500000451846,14.6435693719096));
#1426=CARTESIAN_POINT('',(33.3284276605879,-31.500000451846,14.6435693719096));
#1427=CARTESIAN_POINT('',(33.3284276605879,-31.500000451846,14.6435693719096));
#1428=CARTESIAN_POINT('',(-33.3284265889045,-31.500000451846,14.6435693719096));
#1429=CARTESIAN_POINT('',(36.5000005358417,-40.500000451846,11.4719964966558));
#1430=CARTESIAN_POINT('',(36.5000005358417,-31.500000451846,11.4719964966558));
#1431=CARTESIAN_POINT('',(36.5000005358417,-31.500000451846,11.4719964966558));
#1432=CARTESIAN_POINT('',(33.3284276605879,-31.500000451846,14.6435693719096));
#1433=CARTESIAN_POINT('',(36.5000005358417,-40.500000451846,-2.18485775283655));
#1434=CARTESIAN_POINT('',(36.5000005358417,-31.500000451846,-2.18485775283654));
#1435=CARTESIAN_POINT('',(36.5000005358417,-31.500000451846,-2.18485775283654));
#1436=CARTESIAN_POINT('',(36.5000005358417,-31.500000451846,11.4719964966558));
#1437=CARTESIAN_POINT('',(33.3284276605879,-40.500000451846,-5.35643062809036));
#1438=CARTESIAN_POINT('',(33.3284276605879,-31.500000451846,-5.35643062809035));
#1439=CARTESIAN_POINT('',(33.3284276605879,-31.500000451846,-5.35643062809035));
#1440=CARTESIAN_POINT('',(36.5000005358417,-31.500000451846,-2.18485775283654));
#1441=CARTESIAN_POINT('',(29.3227411289312,-31.500000451846,-5.35643062808974));
#1442=CARTESIAN_POINT('',(33.3284276605879,-31.500000451846,-5.35643062809035));
#1443=CARTESIAN_POINT('',(-32.9434189991122,-31.500000451846,-5.43686999035388));
#1444=CARTESIAN_POINT('',(-32.9434189991122,-31.4190311266884,-5.43686999035387));
#1445=CARTESIAN_POINT('',(-32.9392136232211,-31.2520996303698,-5.42331000549436));
#1446=CARTESIAN_POINT('',(-32.9196754045405,-31.0032159841154,-5.36031017939804));
#1447=CARTESIAN_POINT('',(-32.8857115881772,-30.7596487168144,-5.25079587007515));
#1448=CARTESIAN_POINT('',(-32.837616415147,-30.5343929420825,-5.0957158402007));
#1449=CARTESIAN_POINT('',(-32.7771399108595,-30.3396976176499,-4.90071294280641));
#1450=CARTESIAN_POINT('',(-32.7073047104694,-30.1851473532145,-4.67553348548472));
#1451=CARTESIAN_POINT('',(-32.631904471595,-30.076162404377,-4.43240989198357));
#1452=CARTESIAN_POINT('',(-32.5549103475898,-30.013455385415,-4.18414691051502));
#1453=CARTESIAN_POINT('',(-32.5033180242566,-30.0000575586011,-4.01779052711938));
#1454=CARTESIAN_POINT('',(-32.4782220320752,-30.000000451846,-3.93686999035421));
#1455=CARTESIAN_POINT('',(-29.2349567068317,-31.500000451846,-5.43686999035439));
#1456=CARTESIAN_POINT('',(-29.2349567068319,-30.0000004518461,-5.43686999035517));
#1457=CARTESIAN_POINT('',(-29.2349567068316,-30.000000451846,-3.93686999035529));
#1458=CARTESIAN_POINT('',(-32.4782220320752,-30.000000451846,-3.93686999035421));
#1459=CARTESIAN_POINT('',(-32.9513816125324,-30.000000451846,-3.6121552609028));
#1460=CARTESIAN_POINT('',(-32.9513816125324,-30.000000451846,-3.6121552609028));
#1461=CARTESIAN_POINT('',(-34.9999994641583,-30.000000451846,-1.5635374092769));
#1462=CARTESIAN_POINT('',(-33.9142130265314,-31.500000451846,-4.77064419046346));
#1463=CARTESIAN_POINT('',(-33.9142130265314,-31.4190543711381,-4.77064419046348));
#1464=CARTESIAN_POINT('',(-33.9055326677003,-31.2523966410415,-4.76019989101021));
#1465=CARTESIAN_POINT('',(-33.8651935074986,-31.0038036570965,-4.71166338727566));
#1466=CARTESIAN_POINT('',(-33.7950516134477,-30.7604352420404,-4.62726791931015));
#1467=CARTESIAN_POINT('',(-33.695659669834,-30.5352003880814,-4.50767848268614));
#1468=CARTESIAN_POINT('',(-33.5705701184931,-30.3403522071551,-4.35716941295194));
#1469=CARTESIAN_POINT('',(-33.4259994170754,-30.1855539868332,-4.18322041762805));
#1470=CARTESIAN_POINT('',(-33.269810528152,-30.0763426373032,-3.99529229635252));
#1471=CARTESIAN_POINT('',(-33.1102785517424,-30.0134751636342,-3.80334173689376));
#1472=CARTESIAN_POINT('',(-33.0033369869916,-30.0000848988376,-3.67466851635651));
#1473=CARTESIAN_POINT('',(-32.9513816125324,-30.000000451846,-3.6121552609028));
#1474=CARTESIAN_POINT('',(-36.4999994641583,-31.500000451846,-2.18485775283659));
#1475=CARTESIAN_POINT('',(-36.4999994641583,-31.4190111440487,-2.18485775283659));
#1476=CARTESIAN_POINT('',(-36.4864077716191,-31.2518448205225,-2.17922788945121));
#1477=CARTESIAN_POINT('',(-36.4232765115848,-31.0027186329267,-2.15307806533532));
#1478=CARTESIAN_POINT('',(-36.31356642054,-30.7589976042892,-2.10763465769538));
#1479=CARTESIAN_POINT('',(-36.1583047814738,-30.5337427601309,-2.04332318107786));
#1480=CARTESIAN_POINT('',(-35.9632189803928,-30.3391855404043,-1.96251599644369));
#1481=CARTESIAN_POINT('',(-35.7380922028117,-30.1848372782915,-1.86926543191627));
#1482=CARTESIAN_POINT('',(-35.4951326029585,-30.0760276591202,-1.76862827054825));
#1483=CARTESIAN_POINT('',(-35.2470765609106,-30.013440832117,-1.66588009370353));
#1484=CARTESIAN_POINT('',(-35.0809044397103,-30.0000371444115,-1.59704934741402));
#1485=CARTESIAN_POINT('',(-34.9999994641583,-30.000000451846,-1.5635374092769));
#1486=CARTESIAN_POINT('',(-33.3284265889045,-31.500000451846,14.6435693719096));
#1487=CARTESIAN_POINT('',(-33.3284265889045,-31.4190111440487,14.6435693719096));
#1488=CARTESIAN_POINT('',(-33.3227967255191,-31.2518448205225,14.6299776793704));
#1489=CARTESIAN_POINT('',(-33.2966469014032,-31.0027186329267,14.5668464193361));
#1490=CARTESIAN_POINT('',(-33.2512034937633,-30.7589976042892,14.4571363282913));
#1491=CARTESIAN_POINT('',(-33.1868920171459,-30.5337427601309,14.3018746892251));
#1492=CARTESIAN_POINT('',(-33.1060848325116,-30.3391855404043,14.1067888881441));
#1493=CARTESIAN_POINT('',(-33.0128342679842,-30.1848372782915,13.8816621105631));
#1494=CARTESIAN_POINT('',(-32.9121971066163,-30.0760276591202,13.6387025107098));
#1495=CARTESIAN_POINT('',(-32.8094489297714,-30.013440832117,13.3906464686619));
#1496=CARTESIAN_POINT('',(-32.740618183482,-30.0000371444115,13.2244743474616));
#1497=CARTESIAN_POINT('',(-32.7071062453449,-30.000000451846,13.1435693719096));
#1498=CARTESIAN_POINT('',(-34.9999994641583,-30.000000451846,10.8506761530962));
#1499=CARTESIAN_POINT('',(-32.7071062453449,-30.000000451846,13.1435693719096));
#1500=CARTESIAN_POINT('',(-36.4999994641583,-31.500000451846,11.4719964966558));
#1501=CARTESIAN_POINT('',(-36.4999994641583,-31.4190111440487,11.4719964966558));
#1502=CARTESIAN_POINT('',(-36.4864077716191,-31.2518448205225,11.4663666332704));
#1503=CARTESIAN_POINT('',(-36.4232765115848,-31.0027186329267,11.4402168091545));
#1504=CARTESIAN_POINT('',(-36.31356642054,-30.7589976042892,11.3947734015146));
#1505=CARTESIAN_POINT('',(-36.1583047814738,-30.5337427601309,11.3304619248971));
#1506=CARTESIAN_POINT('',(-35.9632189803928,-30.3391855404043,11.249654740263));
#1507=CARTESIAN_POINT('',(-35.7380922028118,-30.1848372782915,11.1564041757355));
#1508=CARTESIAN_POINT('',(-35.4951326029585,-30.0760276591202,11.0557670143676));
#1509=CARTESIAN_POINT('',(-35.2470765609106,-30.013440832117,10.9530188375228));
#1510=CARTESIAN_POINT('',(-35.0809044397103,-30.0000371444115,10.8841880912333));
#1511=CARTESIAN_POINT('',(-34.9999994641583,-30.000000451846,10.8506761530962));
#1512=CARTESIAN_POINT('',(33.3284276605879,-31.500000451846,14.6435693719096));
#1513=CARTESIAN_POINT('',(33.3284276605879,-31.4190111440487,14.6435693719096));
#1514=CARTESIAN_POINT('',(33.3227977972025,-31.2518448205225,14.6299776793704));
#1515=CARTESIAN_POINT('',(33.2966479730866,-31.0027186329267,14.5668464193361));
#1516=CARTESIAN_POINT('',(33.2512045654467,-30.7589976042892,14.4571363282913));
#1517=CARTESIAN_POINT('',(33.1868930888292,-30.5337427601309,14.3018746892251));
#1518=CARTESIAN_POINT('',(33.106085904195,-30.3391855404043,14.1067888881441));
#1519=CARTESIAN_POINT('',(33.0128353396676,-30.1848372782916,13.8816621105631));
#1520=CARTESIAN_POINT('',(32.9121981782996,-30.0760276591202,13.6387025107098));
#1521=CARTESIAN_POINT('',(32.8094500014548,-30.013440832117,13.3906464686619));
#1522=CARTESIAN_POINT('',(32.7406192551653,-30.0000371444115,13.2244743474616));
#1523=CARTESIAN_POINT('',(32.7071073170282,-30.000000451846,13.1435693719096));
#1524=CARTESIAN_POINT('',(32.7071073170282,-30.000000451846,13.1435693719096));
#1525=CARTESIAN_POINT('',(35.0000005358417,-30.000000451846,10.8506761530962));
#1526=CARTESIAN_POINT('',(36.5000005358417,-31.500000451846,11.4719964966558));
#1527=CARTESIAN_POINT('',(36.5000005358417,-31.4190111440487,11.4719964966558));
#1528=CARTESIAN_POINT('',(36.4864088433025,-31.2518448205225,11.4663666332704));
#1529=CARTESIAN_POINT('',(36.4232775832682,-31.0027186329267,11.4402168091545));
#1530=CARTESIAN_POINT('',(36.3135674922234,-30.7589976042892,11.3947734015146));
#1531=CARTESIAN_POINT('',(36.1583058531572,-30.5337427601309,11.3304619248971));
#1532=CARTESIAN_POINT('',(35.9632200520762,-30.3391855404043,11.2496547402629));
#1533=CARTESIAN_POINT('',(35.7380932744952,-30.1848372782916,11.1564041757355));
#1534=CARTESIAN_POINT('',(35.4951336746419,-30.0760276591202,11.0557670143676));
#1535=CARTESIAN_POINT('',(35.247077632594,-30.013440832117,10.9530188375227));
#1536=CARTESIAN_POINT('',(35.0809055113937,-30.0000371444115,10.8841880912332));
#1537=CARTESIAN_POINT('',(35.0000005358417,-30.000000451846,10.8506761530962));
#1538=CARTESIAN_POINT('',(33.3284276605879,-31.500000451846,-5.35643062809035));
#1539=CARTESIAN_POINT('',(33.3284276605879,-31.4190111440487,-5.35643062809035));
#1540=CARTESIAN_POINT('',(33.3227977972025,-31.2518448205225,-5.34283893555111));
#1541=CARTESIAN_POINT('',(33.2966479730866,-31.0027186329267,-5.2797076755168));
#1542=CARTESIAN_POINT('',(33.2512045654467,-30.7589976042892,-5.16999758447202));
#1543=CARTESIAN_POINT('',(33.1868930888292,-30.5337427601309,-5.01473594540581));
#1544=CARTESIAN_POINT('',(33.1060859041951,-30.3391855404043,-4.81965014432476));
#1545=CARTESIAN_POINT('',(33.0128353396677,-30.1848372782916,-4.59452336674371));
#1546=CARTESIAN_POINT('',(32.9121981782997,-30.0760276591202,-4.35156376689041));
#1547=CARTESIAN_POINT('',(32.809450001455,-30.013440832117,-4.10350772484251));
#1548=CARTESIAN_POINT('',(32.7406192551655,-30.0000371444115,-3.93733560364219));
#1549=CARTESIAN_POINT('',(32.7071073170284,-30.000000451846,-3.85643062809023));
#1550=CARTESIAN_POINT('',(35.0000005358417,-30.000000451846,-1.56353740927692));
#1551=CARTESIAN_POINT('',(32.7071073170284,-30.000000451846,-3.85643062809023));
#1552=CARTESIAN_POINT('',(36.5000005358417,-31.500000451846,-2.18485775283654));
#1553=CARTESIAN_POINT('',(36.5000005358417,-31.4190111440487,-2.18485775283654));
#1554=CARTESIAN_POINT('',(36.4864088433025,-31.2518448205225,-2.17922788945116));
#1555=CARTESIAN_POINT('',(36.4232775832681,-31.0027186329267,-2.15307806533525));
#1556=CARTESIAN_POINT('',(36.3135674922234,-30.7589976042892,-2.10763465769533));
#1557=CARTESIAN_POINT('',(36.1583058531572,-30.5337427601309,-2.04332318107788));
#1558=CARTESIAN_POINT('',(35.9632200520762,-30.3391855404043,-1.96251599644368));
#1559=CARTESIAN_POINT('',(35.7380932744951,-30.1848372782915,-1.86926543191627));
#1560=CARTESIAN_POINT('',(35.4951336746418,-30.0760276591202,-1.76862827054831));
#1561=CARTESIAN_POINT('',(35.247077632594,-30.013440832117,-1.66588009370347));
#1562=CARTESIAN_POINT('',(35.0809055113937,-30.0000371444115,-1.597049347414));
#1563=CARTESIAN_POINT('',(35.0000005358417,-30.000000451846,-1.56353740927692));
#1564=CARTESIAN_POINT('',(29.3227411289314,-30.000000451846,-3.85643062808975));
#1565=CARTESIAN_POINT('',(29.3227411289314,-30.000000451846,-5.35643062808976));
#1566=CARTESIAN_POINT('',(29.3227411289312,-31.500000451846,-5.35643062808974));
#1567=CARTESIAN_POINT('',(-24.9685866722921,-36.000000451846,-15.1435664516267));
#1568=CARTESIAN_POINT('',(-24.9685866722921,-36.000000451846,-2.8946452224094));
#1569=CARTESIAN_POINT('',(-27.9685866722921,-36.000000451846,-15.143566451627));
#1570=CARTESIAN_POINT('',(-27.9685866722921,-37.500000451846,-15.1435664516271));
#1571=CARTESIAN_POINT('',(-26.4685866722921,-37.500000451846,-15.1435664516269));
#1572=CARTESIAN_POINT('',(-24.9685866722921,-37.500000451846,-15.1435664516267));
#1573=CARTESIAN_POINT('',(-24.9685866722921,-36.000000451846,-15.1435664516267));
#1574=CARTESIAN_POINT('',(-27.9685866722921,-36.000000451846,-2.8946452224094));
#1575=CARTESIAN_POINT('',(-27.9685866722921,-36.000000451846,-15.143566451627));
#1576=CARTESIAN_POINT('',(-24.9685866722921,-36.000000451846,-2.8946452224094));
#1577=CARTESIAN_POINT('',(-24.9685866722921,-37.500000451846,-2.8946452224094));
#1578=CARTESIAN_POINT('',(-26.4685866722921,-37.500000451846,-2.8946452224094));
#1579=CARTESIAN_POINT('',(-27.9685866722921,-37.500000451846,-2.8946452224094));
#1580=CARTESIAN_POINT('',(-27.9685866722921,-36.000000451846,-2.8946452224094));
#1581=CARTESIAN_POINT('',(28.1078964227626,-36.000000451846,-15.1435664516282));
#1582=CARTESIAN_POINT('',(28.1078964227626,-36.000000451846,-2.8946452224094));
#1583=CARTESIAN_POINT('',(25.1078964227626,-36.000000451846,-15.1435664516282));
#1584=CARTESIAN_POINT('',(25.1078964227626,-37.500000451846,-15.1435664516282));
#1585=CARTESIAN_POINT('',(26.6078964227626,-37.500000451846,-15.1435664516282));
#1586=CARTESIAN_POINT('',(28.1078964227626,-37.500000451846,-15.1435664516282));
#1587=CARTESIAN_POINT('',(28.1078964227626,-36.000000451846,-15.1435664516282));
#1588=CARTESIAN_POINT('',(25.1078964227626,-36.000000451846,-2.8946452224094));
#1589=CARTESIAN_POINT('',(25.1078964227626,-36.000000451846,-15.1435664516282));
#1590=CARTESIAN_POINT('',(28.1078964227626,-36.000000451846,-2.8946452224094));
#1591=CARTESIAN_POINT('',(28.1078964227626,-37.500000451846,-2.8946452224094));
#1592=CARTESIAN_POINT('',(26.6078964227626,-37.500000451846,-2.8946452224094));
#1593=CARTESIAN_POINT('',(25.1078964227626,-37.500000451846,-2.8946452224094));
#1594=CARTESIAN_POINT('',(25.1078964227626,-36.000000451846,-2.8946452224094));
#1595=CARTESIAN_POINT('',(-24.9685866722921,-36.000000451846,-15.1435664516267));
#1596=CARTESIAN_POINT('',(-24.9685866722921,-34.500000451846,-15.1435664516267));
#1597=CARTESIAN_POINT('',(-26.4685866722921,-34.500000451846,-15.1435664516268));
#1598=CARTESIAN_POINT('',(-27.9685866722921,-34.500000451846,-15.1435664516269));
#1599=CARTESIAN_POINT('',(-27.9685866722921,-36.000000451846,-15.143566451627));
#1600=CARTESIAN_POINT('',(-27.9685866722921,-36.000000451846,-2.8946452224094));
#1601=CARTESIAN_POINT('',(-27.9685866722921,-34.500000451846,-2.8946452224094));
#1602=CARTESIAN_POINT('',(-26.4685866722921,-34.500000451846,-2.8946452224094));
#1603=CARTESIAN_POINT('',(-24.9685866722921,-34.500000451846,-2.8946452224094));
#1604=CARTESIAN_POINT('',(-24.9685866722921,-36.000000451846,-2.8946452224094));
#1605=CARTESIAN_POINT('',(28.1078964227626,-36.000000451846,-15.1435664516282));
#1606=CARTESIAN_POINT('',(28.1078964227626,-34.500000451846,-15.1435664516282));
#1607=CARTESIAN_POINT('',(26.6078964227626,-34.500000451846,-15.1435664516282));
#1608=CARTESIAN_POINT('',(25.1078964227626,-34.500000451846,-15.1435664516282));
#1609=CARTESIAN_POINT('',(25.1078964227626,-36.000000451846,-15.1435664516282));
#1610=CARTESIAN_POINT('',(25.1078964227626,-36.000000451846,-2.8946452224094));
#1611=CARTESIAN_POINT('',(25.1078964227626,-34.500000451846,-2.8946452224094));
#1612=CARTESIAN_POINT('',(26.6078964227626,-34.500000451846,-2.8946452224094));
#1613=CARTESIAN_POINT('',(28.1078964227626,-34.500000451846,-2.8946452224094));
#1614=CARTESIAN_POINT('',(28.1078964227626,-36.000000451846,-2.8946452224094));
#1615=CARTESIAN_POINT('',(0.,0.,0.));
ENDSEC;
END-ISO-10303-21;
